{"type": "FeatureCollection", "name": "ARLnow_Neighborhoods", "crs": {"type": "name", "properties": {"name": "urn:ogc:def:crs:OGC:1.3:CRS84"}}, "features": [{"type": "Feature", "properties": {"OBJECTID": 1, "CIVIC": "Williamsburg", "COLOR": 3, "LABEL": "Williamsburg", "GIS_ID": 3, "Pdf": "Williamsburg", "SHAPE_Length": 0.05542069775537143, "SHAPE_Area": 0.00014136219476940497}, "geometry": {"type": "MultiPolygon", "coordinates": [[[[-77.14579083299998, 38.901990701000045], [-77.14556242799995, 38.90161735500004], [-77.14533947299998, 38.90169991100004], [-77.14521672199999, 38.90150078200003], [-77.14527376699994, 38.901457503000074], [-77.14514424799995, 38.90124456600006], [-77.14507351299994, 38.901268464000054], [-77.14495086699998, 38.90106384400008], [-77.14471229199995, 38.90067115700003], [-77.14507645599997, 38.90055453200006], [-77.14486887999993, 38.90019515500006], [-77.14465074999998, 38.89983840100007], [-77.14436120999994, 38.89935176000006], [-77.14404102399999, 38.89881533600004], [-77.14482988899994, 38.89853885200006], [-77.14485375599997, 38.89857757200008], [-77.14562447799995, 38.89833108000005], [-77.14566897099996, 38.89820802200006], [-77.14596615999994, 38.89810160700006], [-77.14604744799993, 38.89808444800008], [-77.14604563899996, 38.89796244900003], [-77.14623068399999, 38.897934759000066], [-77.14867805699998, 38.897741746000065], [-77.14869076099995, 38.89774076600003], [-77.15106752999998, 38.89754546300003], [-77.15138409399998, 38.897413527000026], [-77.15185717799994, 38.89717648300007], [-77.15430559399994, 38.89703608900004], [-77.15724674299997, 38.896891254000025], [-77.15760450699997, 38.89455688600003], [-77.15820196299995, 38.89436004000004], [-77.16012315499995, 38.895803640000054], [-77.16173939399994, 38.89692406900008], [-77.16263931799995, 38.897544648000064], [-77.16312774599999, 38.897905872000024], [-77.16327657699998, 38.89815415800007], [-77.16385950899996, 38.89922640900005], [-77.16415521099998, 38.89962508800005], [-77.16417342399996, 38.89964910300006], [-77.16393272499994, 38.89983677400005], [-77.16369744999997, 38.90001808100004], [-77.16338718099996, 38.90026169300006], [-77.16320879899996, 38.90040520200006], [-77.16297699799998, 38.900586575000034], [-77.16281653999994, 38.90071106500005], [-77.16262410199994, 38.90085441300005], [-77.16253849999998, 38.90092208900006], [-77.16232808399997, 38.90108720000006], [-77.16222822299994, 38.90116569700007], [-77.16214974999997, 38.901227962000064], [-77.16171108999998, 38.90157171000004], [-77.16159701999999, 38.901658283000074], [-77.16120118299995, 38.90196681800006], [-77.16085524899995, 38.90223747700003], [-77.16080177799995, 38.902278057000046], [-77.15972464399994, 38.903125276000026], [-77.15959977199998, 38.90322545400005], [-77.15911820599996, 38.90360714700006], [-77.15895416999996, 38.90373433700006], [-77.15866174399997, 38.90396169100006], [-77.15829796599996, 38.90424586900008], [-77.15811605099998, 38.90438933000007], [-77.15734203599999, 38.90499831300008], [-77.15687827199997, 38.90536647000005], [-77.15684256999998, 38.90539629500006], [-77.15633255699998, 38.905794127000036], [-77.156286159, 38.90583204100005], [-77.15589740699994, 38.90613514700004], [-77.155876, 38.90615412500006], [-77.15572261199998, 38.90627319400005], [-77.15462412099998, 38.90712836100005], [-77.15447436499994, 38.907244724000066], [-77.15416048299994, 38.90748829800003], [-77.15396068999996, 38.907645278000075], [-77.15368965999994, 38.90785636100003], [-77.15351485599996, 38.90799440500007], [-77.15314385499994, 38.90828672200007], [-77.15294409199998, 38.90844370100007], [-77.15255169499994, 38.90875224700005], [-77.15235192899996, 38.90890925200006], [-77.15203806899996, 38.909152765000044], [-77.15199027199998, 38.909191951000025], [-77.15108181599999, 38.90847832500003], [-77.15012903299998, 38.90776050300008], [-77.15002724899995, 38.907682253000075], [-77.14999944299996, 38.90765645000005], [-77.14993837899993, 38.907577048000064], [-77.14991219099994, 38.90751941000008], [-77.14989380499998, 38.90743009000005], [-77.14989364899998, 38.90741781400004], [-77.14991549999996, 38.90721669900006], [-77.15012690799995, 38.906344028000035], [-77.15023052499998, 38.90595501000007], [-77.15016033499995, 38.905729414000064], [-77.15003981399997, 38.90544241600003], [-77.14990655099996, 38.90526486500005], [-77.14949170699998, 38.90458570200008], [-77.14908354399995, 38.90395521900007], [-77.14867426599994, 38.90328545400007], [-77.14842904699998, 38.902887700000065], [-77.14823661299994, 38.90268585000007], [-77.14793214899998, 38.90243534200005], [-77.14765817299997, 38.90228645700006], [-77.14671549299999, 38.90214384800004], [-77.14579128299994, 38.90205809400004], [-77.14579083299998, 38.901990701000045]]]]}}, {"type": "Feature", "properties": {"OBJECTID": 2, "CIVIC": "Old Dominion", "COLOR": 2, "LABEL": "Old Dominion", "GIS_ID": 5, "Pdf": "Old_Dominion", "SHAPE_Length": 0.03481633252001742, "SHAPE_Area": 5.158544431756626e-05}, "geometry": {"type": "MultiPolygon", "coordinates": [[[[-77.11967389699998, 38.90322187800007], [-77.11926841699994, 38.902926034000075], [-77.11922717299996, 38.90251089800006], [-77.11954033099994, 38.902492610000024], [-77.11978080599994, 38.90223181600004], [-77.11988256399997, 38.90205726600004], [-77.11992991199998, 38.90197269500004], [-77.11998799299994, 38.90187454800008], [-77.12000257599993, 38.90184723100003], [-77.12011880899996, 38.90165088200007], [-77.12028245899995, 38.90136447100008], [-77.12055603199997, 38.90139239800004], [-77.12044076999996, 38.90099012300004], [-77.12036849199995, 38.90072840100004], [-77.12034878399999, 38.90065677300004], [-77.12017691699998, 38.90045704000005], [-77.11966829399995, 38.89986066700004], [-77.11935565899995, 38.89948902400005], [-77.11903285699998, 38.89909803900008], [-77.11893640999995, 38.898989562000054], [-77.11955552499995, 38.89888007800005], [-77.12026665599996, 38.898716586000035], [-77.12082244699997, 38.898542890000044], [-77.12207467199994, 38.898099409000054], [-77.12358564699997, 38.897573985000065], [-77.12394471599998, 38.89744915500006], [-77.12518387499995, 38.89701067900006], [-77.12555764799998, 38.89686825000007], [-77.12590118999998, 38.896737356000074], [-77.12642767199998, 38.896589763000065], [-77.12672321199994, 38.89652478700003], [-77.12682549199997, 38.896613554000055], [-77.12744993099994, 38.89721948700003], [-77.12832260999994, 38.89807545900004], [-77.12912289499997, 38.89885918200008], [-77.12878503599995, 38.899069429000065], [-77.12873853399998, 38.89911227400006], [-77.12999353899994, 38.90034447900007], [-77.13052621099996, 38.90087493500005], [-77.13094335699998, 38.901273907000075], [-77.13105495399998, 38.90140910400004], [-77.12898518499998, 38.90210758400008], [-77.12793872799995, 38.90248870800008], [-77.12760553099997, 38.902582850000044], [-77.12736417799994, 38.902799136000056], [-77.12711549299996, 38.903051391000076], [-77.12663938899993, 38.90264498800008], [-77.12660561799999, 38.902676145000044], [-77.12611889199997, 38.903050257000075], [-77.12591286699995, 38.902797959000054], [-77.12570221399994, 38.90278725700006], [-77.12564060199998, 38.90270140900003], [-77.12550371599997, 38.902694315000076], [-77.12494525399995, 38.90304476400007], [-77.12475007199998, 38.90277883300007], [-77.12432813799995, 38.90297163500003], [-77.12404027099996, 38.90258931100004], [-77.12301909099995, 38.902695453000035], [-77.12277071899996, 38.90336806500005], [-77.12269510399994, 38.903316130000064], [-77.12253485599996, 38.903206030000035], [-77.12211149299998, 38.90329168400007], [-77.12198075399994, 38.90332859500006], [-77.12168643999996, 38.90346519000008], [-77.12161651799994, 38.90362913200005], [-77.12157591599998, 38.90373025800005], [-77.12153536799997, 38.90382864000003], [-77.12135129099994, 38.90389787700008], [-77.12129816599997, 38.90391922100008], [-77.12121410399999, 38.90390450500007], [-77.12111604099994, 38.90388687800004], [-77.12028213499997, 38.90339103900004], [-77.12011007699994, 38.90338352600003], [-77.11974477499996, 38.90337374300003], [-77.11967389699998, 38.90322187800007]]]]}}, {"type": "Feature", "properties": {"OBJECTID": 3, "CIVIC": "Maywood", "COLOR": 2, "LABEL": "Maywood", "GIS_ID": 6, "Pdf": "Maywood", "SHAPE_Length": 0.030887243476985224, "SHAPE_Area": 3.782477380266002e-05}, "geometry": {"type": "MultiPolygon", "coordinates": [[[[-77.09986793599995, 38.900042503000066], [-77.09785308799997, 38.89956762500003], [-77.09657911099998, 38.899263665000035], [-77.09610710899995, 38.899147854000034], [-77.09557316099995, 38.89901919000005], [-77.09499240399998, 38.89887985900003], [-77.09457194499998, 38.89878094200003], [-77.09416537099997, 38.89871772300006], [-77.09390385599994, 38.89869773200007], [-77.09390163099994, 38.898698255000056], [-77.09366182799994, 38.89861223400004], [-77.09351936799999, 38.89854404700003], [-77.09344672999998, 38.89842581100004], [-77.09384207399995, 38.898083032000045], [-77.09419812999994, 38.89774546500007], [-77.09438958599998, 38.89771625900005], [-77.09515960599998, 38.897562794000066], [-77.09586342399996, 38.89743418200004], [-77.09660109199996, 38.897254618000034], [-77.09736231699998, 38.896989709000025], [-77.09797089099999, 38.89668870300005], [-77.09844849799998, 38.896360456000025], [-77.09890436199998, 38.89607651600005], [-77.09890639799994, 38.896076650000055], [-77.09915568299994, 38.89611609000008], [-77.09985379699998, 38.896220965000055], [-77.10083255999996, 38.89633560400006], [-77.10182791399995, 38.89634745500007], [-77.10233982999995, 38.89637642200006], [-77.10295319199997, 38.89624861300007], [-77.10354552299998, 38.89611615700005], [-77.10411901299994, 38.89598567100006], [-77.10460236299997, 38.89602167500004], [-77.10503943799995, 38.896088158000055], [-77.10561938499995, 38.89625085400007], [-77.10586657599998, 38.896311455000045], [-77.10687189199996, 38.896572037000055], [-77.10668413199994, 38.89711517400008], [-77.10658436799997, 38.897366626000064], [-77.10648077099995, 38.897634510000046], [-77.10642886599999, 38.89777394200007], [-77.10637717399999, 38.89790239300004], [-77.10632537399994, 38.89803633400004], [-77.10627719399997, 38.89816485400007], [-77.10610316199995, 38.89862135100003], [-77.10600318099995, 38.898883785000066], [-77.10536296899994, 38.89873613800006], [-77.10523333099997, 38.89907785400004], [-77.10510720499997, 38.89941961100004], [-77.10497230999994, 38.89948940700003], [-77.10473441799996, 38.89943440600007], [-77.10415366299998, 38.89930118900003], [-77.10342144399993, 38.900088839000034], [-77.10320447099997, 38.90004232200005], [-77.10313942999994, 38.90003657900007], [-77.10299686299999, 38.90039730600006], [-77.10292073399995, 38.90071186600005], [-77.10121913699999, 38.90037403700006], [-77.09986793599995, 38.900042503000066]]]]}}, {"type": "Feature", "properties": {"OBJECTID": 4, "CIVIC": "Lyon Park", "COLOR": 1, "LABEL": "Lyon Park", "GIS_ID": 9, "Pdf": "Lyon_Park", "SHAPE_Length": 0.04479362770555288, "SHAPE_Area": 0.00012604975642080738}, "geometry": {"type": "MultiPolygon", "coordinates": [[[[-77.09364560099993, 38.87241215700004], [-77.09365393199994, 38.87241006000005], [-77.09366582699994, 38.87255415100003], [-77.09394280299995, 38.873402707000025], [-77.09417989399998, 38.87413929400003], [-77.09453258199994, 38.87500061700007], [-77.09505743099999, 38.876291726000034], [-77.09552894599994, 38.877449504000026], [-77.09585016699998, 38.878279607000024], [-77.09616844299995, 38.87900024400005], [-77.09616261699995, 38.87950630100005], [-77.09617466599997, 38.879732638000064], [-77.09633495399999, 38.88009994400005], [-77.09662493699994, 38.88068530000004], [-77.09676202099996, 38.88107344600007], [-77.09676667999997, 38.88115860200003], [-77.09679423799997, 38.88200757300007], [-77.09680842999995, 38.88280530700007], [-77.09683237399997, 38.883596623000074], [-77.09686239299998, 38.88441148900006], [-77.09674506499994, 38.884412257000065], [-77.09008675199993, 38.88453967700008], [-77.08657009599995, 38.884607526000025], [-77.08577120699994, 38.88457753300003], [-77.08557734399994, 38.884573551000074], [-77.08539817899998, 38.88447453900005], [-77.08525581299995, 38.88437490000007], [-77.08511799199994, 38.88414987500005], [-77.08490047899994, 38.88344791500003], [-77.08458384099998, 38.88247797900004], [-77.08430200699996, 38.88129188000005], [-77.08360185599997, 38.877837070000055], [-77.08366317699995, 38.87748024500007], [-77.08380812799999, 38.877243442000065], [-77.08425830799996, 38.87681353600004], [-77.08473823299994, 38.87643374500004], [-77.08495651599998, 38.87630096700008], [-77.08413462199997, 38.875687887000026], [-77.08443317199993, 38.87538793600004], [-77.08466604099993, 38.87516207700003], [-77.08482088799997, 38.87506074600003], [-77.08516759399998, 38.875015577000056], [-77.08536588499999, 38.87494868300007], [-77.08542411699995, 38.874769325000045], [-77.08529398899998, 38.87448290700007], [-77.08943563599996, 38.87345849500008], [-77.09364560099993, 38.87241215700004]]]]}}, {"type": "Feature", "properties": {"OBJECTID": 5, "CIVIC": "Dominion Hills", "COLOR": 4, "LABEL": "Dominion Hills", "GIS_ID": 10, "Pdf": "Dominion_Hills", "SHAPE_Length": 0.0403310828067081, "SHAPE_Area": 7.308404746471096e-05}, "geometry": {"type": "MultiPolygon", "coordinates": [[[[-77.13785134499994, 38.878440203000025], [-77.13783731499996, 38.878439024000045], [-77.13782238599998, 38.87843893300004], [-77.13780742999995, 38.878440298000044], [-77.13779417399996, 38.87844459200005], [-77.13778090999995, 38.878449327000055], [-77.13776675799994, 38.87845457200007], [-77.13775609699996, 38.87846098400007], [-77.13774453999997, 38.87846650700004], [-77.13773304899996, 38.878472223000074], [-77.13772151499995, 38.87847835000008], [-77.13771083299997, 38.87848586000007], [-77.13769574799994, 38.87849400500005], [-77.13768070899994, 38.87849968000006], [-77.13766654499995, 38.87850558400004], [-77.13764974399999, 38.87851156800008], [-77.13763647599995, 38.87851649400005], [-77.13762234599994, 38.878520614000024], [-77.13760559399998, 38.878524017000075], [-77.13759237199997, 38.878526527000076], [-77.13757650299993, 38.878529694000065], [-77.13755973399998, 38.87853397500004], [-77.13754297899999, 38.87853754300005], [-77.13752975499995, 38.87854021800007], [-77.13751475599997, 38.87854380600004], [-77.13749977099997, 38.87854665300006], [-77.13748389599994, 38.878550148000045], [-77.13746799899997, 38.87855476900006], [-77.13745477699996, 38.87855728000005], [-77.13744067899995, 38.87855969700007], [-77.13742748799996, 38.87856058800003], [-77.13741164299995, 38.87856246300004], [-77.13739755299997, 38.87856444200003], [-77.13738347399999, 38.878565871000035], [-77.13736850999999, 38.87856762000007], [-77.13735354899995, 38.87856923100003], [-77.13733681299993, 38.87857178300004], [-77.13732274099993, 38.878572828000074], [-77.13730692099995, 38.87857338600003], [-77.13729197599997, 38.87857411900006], [-77.13727611899998, 38.87857668100003], [-77.13726113599995, 38.87857941800007], [-77.13724530499996, 38.87858060700006], [-77.13722949299995, 38.87858075300005], [-77.13721367199997, 38.87858136600005], [-77.13719872899998, 38.87858204400004], [-77.13718468499997, 38.87858160600007], [-77.13716975399996, 38.87858162500004], [-77.13715661999998, 38.878579495000054], [-77.13714261799998, 38.87857683400006], [-77.13712508799995, 38.87857311600004], [-77.13711289699995, 38.87856945900006], [-77.13709803299997, 38.878565937000076], [-77.13708405399996, 38.87856209500006], [-77.13707184199995, 38.87855764200003], [-77.13705873099997, 38.87855433100003], [-77.13704563499994, 38.878550225000026], [-77.13702900999994, 38.878546957000026], [-77.13701500899998, 38.878544213000055], [-77.13700013699997, 38.87854112900004], [-77.13698700399993, 38.878539], [-77.13697297699997, 38.87853762900005], [-77.13695985699997, 38.878534813000044], [-77.13694581299995, 38.878532508000035], [-77.13692656599994, 38.87853039000004], [-77.13691079199998, 38.87852858700006], [-77.13689500499999, 38.878527415000065], [-77.13687655899997, 38.87852750300004], [-77.13685813599994, 38.87852643800005], [-77.13684235699998, 38.87852488100003], [-77.13682483099996, 38.87852278300005], [-77.13680991999996, 38.87852175900008], [-77.13679500199999, 38.87852106400004], [-77.13677569099997, 38.878520483000045], [-77.13675813099997, 38.87852019700006], [-77.13674499399997, 38.87851825900003], [-77.13673010399998, 38.87851610900003], [-77.13671606899999, 38.878515177000054], [-77.13670291099999, 38.87851433800006], [-77.13668893099998, 38.87851236300003], [-77.13667487199996, 38.878510910000045], [-77.13665997499999, 38.87850908900003], [-77.13664420999999, 38.87850679200005], [-77.13662844399994, 38.87850454900007], [-77.13661438499997, 38.878503013000056], [-77.13660040599996, 38.878501038000024], [-77.13658641299997, 38.87849788200003], [-77.13657329799997, 38.878494792000026], [-77.13655929199996, 38.878492323000046], [-77.13654530199994, 38.878489057000024], [-77.13653130499995, 38.878486149000025], [-77.13651643999998, 38.87848268100004], [-77.13650240799996, 38.87848161200003], [-77.13648927599996, 38.87847940000006], [-77.13647350599996, 38.878477377000024], [-77.13646038199994, 38.87847469800005], [-77.13644635399999, 38.87847340900004], [-77.13643056999996, 38.878472128000055], [-77.13641475999998, 38.87847219100007], [-77.13639982099994, 38.87847262200006], [-77.13638487199995, 38.878473574000054], [-77.13636992299996, 38.878472714000054], [-77.13634189199996, 38.878470658000026], [-77.13632522199998, 38.87846977800007], [-77.13631122699996, 38.878468600000076], [-77.13629538599997, 38.87846841600003], [-77.13628043899996, 38.87846925800005], [-77.13626638699998, 38.87846926000003], [-77.13625230999997, 38.878470579000066], [-77.13623647599997, 38.878470039000035], [-77.13622340299997, 38.878466537000065], [-77.13620769599999, 38.87846121900003], [-77.13619462399998, 38.878455822000035], [-77.13617977499996, 38.87845153100005], [-77.13616665599994, 38.87844863200007], [-77.13615265699997, 38.87844580600006], [-77.13613774499998, 38.87844296900005], [-77.13612378599998, 38.87843989600003], [-77.13610888999995, 38.878438103000065], [-77.13609224099997, 38.878436097000076], [-77.13607735699998, 38.87843361800003], [-77.13606332899997, 38.87843232900008], [-77.13604928499996, 38.878431919000036], [-77.13603612999998, 38.878430887000036], [-77.13602036599997, 38.87842856200007], [-77.13600635399996, 38.878426422000075], [-77.13599148799995, 38.87842300900007], [-77.13597663899998, 38.878418718000034], [-77.13596179199999, 38.87841434400008], [-77.13594957899994, 38.87840997300003], [-77.13593650399997, 38.87840476900004], [-77.13592429899995, 38.87839998600003], [-77.13591124399994, 38.87839368300007], [-77.13589992399994, 38.878386714000044], [-77.13589133499994, 38.878378404000046], [-77.13588008399995, 38.878369623000026], [-77.13587058299998, 38.878361220000045], [-77.13586108599998, 38.87835256900007], [-77.13585159499996, 38.87834361700004], [-77.13584124399995, 38.87833372000006], [-77.13583174199994, 38.87832537200006], [-77.13582401199994, 38.878316193000046], [-77.13581450899994, 38.87830603200007], [-77.13579731499993, 38.87828834000004], [-77.13579047499996, 38.87827856700005], [-77.13578452799999, 38.87826800800008], [-77.13577769699998, 38.87825774100003], [-77.13577085199995, 38.87824821500004], [-77.13576313599998, 38.878236454000046], [-77.13575637099996, 38.878224540000076], [-77.13574955899998, 38.87821328500007], [-77.13574360699994, 38.878203], [-77.13573675799995, 38.87819366700006], [-77.13572992699994, 38.87818337200008], [-77.13572485299994, 38.87817309800005], [-77.13571889399998, 38.87816317000005], [-77.13571294199994, 38.878152886000066], [-77.13570698099994, 38.878143041000044], [-77.13570192299994, 38.87813191500004], [-77.13569600699998, 38.87811973700008], [-77.13569095799994, 38.87810809000007], [-77.13568328799994, 38.87809580800007], [-77.13567647199994, 38.87808474500008], [-77.13566875599997, 38.87807479700007], [-77.13566369699998, 38.87806375400004], [-77.13565950399999, 38.87805332500005], [-77.13565708099998, 38.87804214800008], [-77.13565464999994, 38.87803146500005], [-77.13565311999997, 38.878019530000074], [-77.13565068999998, 38.87800876400007], [-77.13564913399995, 38.877998201000025], [-77.13564760999998, 38.87798599100006], [-77.13564606299997, 38.87797498900005], [-77.13564538699995, 38.87796435400003], [-77.13564472099995, 38.87795317000007], [-77.13564405299996, 38.87794209600003], [-77.13564513999995, 38.87793112400004], [-77.13564709999997, 38.87792041000006], [-77.13565083099996, 38.877908975000025], [-77.13565541399998, 38.877898895000044], [-77.13565825899997, 38.87788786200008], [-77.13566113299999, 38.87787526300008], [-77.13566311099999, 38.87786361600007], [-77.13566420299998, 38.87785239700003], [-77.13566441399996, 38.877841250000074], [-77.13566287899994, 38.87782964400003], [-77.13566132699998, 38.877818889000025], [-77.13565713799994, 38.87780821300004], [-77.13565383299994, 38.877797273000056], [-77.13565052299998, 38.87778658000008], [-77.13564545999998, 38.877775729000064], [-77.13564127399997, 38.877764944000035], [-77.13563620999997, 38.877754148000065], [-77.13563113299995, 38.87774398300007], [-77.13562606599999, 38.877733352000064], [-77.13562102999998, 38.87772291400006], [-77.13561592699995, 38.87771231000005], [-77.13561000699997, 38.87770029600006], [-77.13560493899996, 38.87768969200005], [-77.13559986999996, 38.87767917000008], [-77.13559478899998, 38.87766922600008], [-77.13558883199994, 38.87765921600004], [-77.13558377199996, 38.87764817300007], [-77.13557782799995, 38.877637449000076], [-77.13557015399994, 38.877627172000075], [-77.13556504099995, 38.87761711700006], [-77.13555912899994, 38.87760471900003], [-77.13555672499996, 38.877592581000044], [-77.13555341499995, 38.877581915000064], [-77.13555099199993, 38.87757073800003], [-77.13554944199996, 38.87755990100004], [-77.13554700999998, 38.87754921800007], [-77.13554460699999, 38.87753702500004], [-77.13554305399998, 38.877526352000075], [-77.13554239399997, 38.87751483900007], [-77.13554261799999, 38.877503088000026], [-77.13554454399997, 38.877492318000066], [-77.13554655699994, 38.87748067100006], [-77.13554853699998, 38.877468914000076], [-77.13555049399997, 38.87745839200005], [-77.13555334499995, 38.877447001000064], [-77.13555795799994, 38.87743538400008], [-77.13556167199994, 38.87742480000003], [-77.13556715199996, 38.877413715000046], [-77.13557086199995, 38.877403378000054], [-77.13557465299994, 38.87739062500003], [-77.13557832499998, 38.877380370000026], [-77.13558203799994, 38.87736986900006], [-77.13558575799993, 38.87735901000008], [-77.13559123299996, 38.87734817200004], [-77.13559581799996, 38.87733798200003], [-77.13560131599996, 38.87732596400008], [-77.13560504699996, 38.87731450100006], [-77.13560878099997, 38.877302901000064], [-77.13561251199997, 38.87729143900003], [-77.13561534999997, 38.877280735000056], [-77.13561908099996, 38.877269272000035], [-77.13562476099997, 38.877247727000054], [-77.13562585299996, 38.87723648100007], [-77.13562609499996, 38.877223714000024], [-77.13562542199998, 38.87721296900003], [-77.13562478399996, 38.877202143000034], [-77.13562322399997, 38.87718996000007], [-77.13562082199996, 38.87717773900005], [-77.13561841799998, 38.87716560100006], [-77.13561600999998, 38.87715365500003], [-77.13561358599998, 38.87714256100003], [-77.13561203899997, 38.87713155900008], [-77.13560962799994, 38.877119777000075], [-77.13560811199994, 38.877107128000034], [-77.13560568299994, 38.877096308000034], [-77.13560324899998, 38.877085762000036], [-77.13560084099998, 38.87707384400005], [-77.13559581699997, 38.87706093400004], [-77.13559076299998, 38.87704961700007], [-77.13558394699999, 38.877038553000034], [-77.13557798199997, 38.87702895500007], [-77.13556852899995, 38.87701802600003], [-77.13555991599998, 38.877009084000065], [-77.13555130999998, 38.876999812000065], [-77.13554268299998, 38.87699163800005], [-77.13553144399998, 38.87698225300005], [-77.13552283599995, 38.87697303700003], [-77.13551598799995, 38.87696370300006], [-77.13550737699995, 38.87695467800006], [-77.13549966199997, 38.87694473000005], [-77.13549105899995, 38.87693526600003], [-77.13548071799994, 38.876924848000044], [-77.13547299199996, 38.87691547700007], [-77.13546526199997, 38.87690629800005], [-77.13545662199994, 38.876896971000065], [-77.13544717699995, 38.87688746900005], [-77.13543768499994, 38.876878599000065], [-77.13542906399994, 38.87687009600006], [-77.13541956099994, 38.87686183000005], [-77.13541093899994, 38.876851515000055], [-77.13540238599995, 38.87684131000003], [-77.13539378999997, 38.87683148900004], [-77.13538604699994, 38.876822996000044], [-77.13537656399996, 38.87681363200005], [-77.13536797699999, 38.87680339900004], [-77.13535943799997, 38.87679239800008], [-77.13534395699998, 38.87677335300003], [-77.13533449599998, 38.87676283500008], [-77.13532589299996, 38.87675339900005], [-77.13531726999997, 38.87674500500003], [-77.13530954599997, 38.876735524000026], [-77.13530269999995, 38.87672608100007], [-77.13529674099993, 38.876716153000075], [-77.13528903099996, 38.87670593100006], [-77.13528307699994, 38.87669575600006], [-77.13525399099996, 38.87665499600007], [-77.13524628099998, 38.876644774000056], [-77.13523943799999, 38.87663516500004], [-77.13523348399997, 38.87662496300004], [-77.13522575599995, 38.87661570200004], [-77.13521891199997, 38.87660617600005], [-77.13521032199998, 38.87659605300007], [-77.13520258199998, 38.87658736800006], [-77.13519401399998, 38.87657611900005], [-77.13518628299994, 38.876567022000074], [-77.13517858099993, 38.87655636100004], [-77.13517084699998, 38.87654742800004], [-77.13516224699998, 38.87653782700005], [-77.13515364899996, 38.87652811600003], [-77.13514326599994, 38.87651992200006], [-77.13513376599997, 38.87651149100003], [-77.13512339699997, 38.87650252800006], [-77.13511388099994, 38.87649494800007], [-77.13510263999996, 38.87648564600005], [-77.13509402199998, 38.87647703300007], [-77.13508363999995, 38.876468757000055], [-77.13507326599995, 38.87646006800003], [-77.13506379399996, 38.87645018200004], [-77.13505342299999, 38.876441302000046], [-77.13504393499994, 38.87643226700004], [-77.13503355899996, 38.87642366100005], [-77.13502321199996, 38.876413573000036], [-77.13501112499995, 38.87640261300004], [-77.13500075299999, 38.87639387000007], [-77.134989508, 38.87638478700006], [-77.13497741299994, 38.87637426600003], [-77.13496704899995, 38.876365029000056], [-77.13495756999998, 38.876355500000045], [-77.13494633699997, 38.876345841000045], [-77.13493509799997, 38.87633642800006], [-77.13492381299994, 38.876329514000076], [-77.13491429199996, 38.87632212700004], [-77.13490212999994, 38.87631514800006], [-77.13488911599995, 38.87630673100006], [-77.13487608599996, 38.87629919200003], [-77.13486481999996, 38.87629126300004], [-77.13485354499994, 38.87628374500008], [-77.13484228599998, 38.876275458000066], [-77.13482926399996, 38.87626748100007], [-77.13481448199997, 38.87625967500003], [-77.13480320599996, 38.87625226700004], [-77.13479283599997, 38.87624519900004], [-77.13478151699996, 38.876238202000025], [-77.13477109799999, 38.87623190200003], [-77.13475886199996, 38.87622695400006], [-77.13474579299998, 38.87622328700007], [-77.13473269099995, 38.876219510000055], [-77.13471868499994, 38.876215228000035], [-77.13470474199994, 38.87621138700007], [-77.13468987399995, 38.87620811100004], [-77.13467411299996, 38.876205621000054], [-77.13465832199995, 38.87620466800007], [-77.13464339999996, 38.87620424800008], [-77.13462935799998, 38.876203727000075], [-77.13461620499999, 38.876202668000076], [-77.13460218099993, 38.87620118700005], [-77.13458817099996, 38.87619896500007], [-77.13456013599995, 38.87619537100005], [-77.13454702999996, 38.87619178600005], [-77.13453305999997, 38.87618750400003], [-77.13451908299999, 38.87618358000003], [-77.13450512399999, 38.87617869400003], [-77.13448942499997, 38.876172937000035], [-77.13447633799996, 38.87616839200007], [-77.13446063999999, 38.87616255200004], [-77.13444844899993, 38.87615708300007], [-77.13443539199994, 38.876150917000075], [-77.13441882499995, 38.876144656000065], [-77.13440397299996, 38.876140529000054], [-77.13438911999998, 38.87613648400003], [-77.13437689699998, 38.87613266200003], [-77.13436381499997, 38.87612787000006], [-77.13434985899994, 38.876122819000045], [-77.13433768199997, 38.876116581000076], [-77.13432379299996, 38.87610991200006], [-77.13431246599998, 38.87610332700007], [-77.13430116299998, 38.876097291000065], [-77.13428813599995, 38.87608958800007], [-77.13427511099997, 38.876081775000046], [-77.13426471299994, 38.876074377000066], [-77.13425343899996, 38.87606685900005], [-77.13424306199994, 38.87605833600003], [-77.13423268099996, 38.87605005900008], [-77.13422232999994, 38.87604016300003], [-77.13421370799995, 38.876031742000066], [-77.13420509699995, 38.87602271700007], [-77.13419737999999, 38.876012907000074], [-77.13419053799998, 38.87600321600007], [-77.13418456999995, 38.87599381000007], [-77.13417774099997, 38.875983433000044], [-77.13417088799997, 38.875974374000066], [-77.13416231199994, 38.87596350900003], [-77.13415458099996, 38.875954412000056], [-77.13414420299995, 38.87594597100008], [-77.13413297399995, 38.875936065000076], [-77.13412350899995, 38.87592579400007], [-77.13411577299996, 38.87591697200003], [-77.13410713999997, 38.875907260000076], [-77.13409948299994, 38.87589610500004], [-77.13409440299995, 38.87588618700005], [-77.13408846499993, 38.87587513400007], [-77.13408342699995, 38.875862993000055], [-77.13408010999996, 38.87585271100005], [-77.13407679799997, 38.875842128000045], [-77.13407348599998, 38.875831600000026], [-77.13406934499994, 38.87581845300008], [-77.13406780099996, 38.875807259000055], [-77.13406539299996, 38.87579539500007], [-77.13406384399997, 38.875784475000046], [-77.13406229799995, 38.87577339100005], [-77.13406163299999, 38.875762234000035], [-77.13405923199997, 38.875749959000075], [-77.13405768399997, 38.87573714400003], [-77.13405706799995, 38.87572519200006], [-77.13405639299998, 38.87571452900005], [-77.13405486699997, 38.87570242900006], [-77.13405069399994, 38.875690957000074], [-77.13404563599994, 38.87567983100007], [-77.13404147299997, 38.87566783800003], [-77.13403556499998, 38.875655247000054], [-77.13402876599997, 38.87564333200004], [-77.13402368899995, 38.87563322300008], [-77.13401864299993, 38.87562149300004], [-77.13401354099994, 38.87561088900003], [-77.13400588399998, 38.87559973400005], [-77.13399906899997, 38.87558867000007], [-77.13399222399994, 38.87557914400003], [-77.13398625599996, 38.875569711000026], [-77.13397853299995, 38.87556020200003], [-77.13397167999995, 38.875551115000064], [-77.13396401599994, 38.87553847700008], [-77.13395633699997, 38.875528529000064], [-77.13394857099996, 38.87551943200003], [-77.13394172399995, 38.87550998800003], [-77.13393137999998, 38.87549976200006], [-77.13392271499998, 38.87549175300006], [-77.13391235399996, 38.87548424500005], [-77.13390108699997, 38.875476398000046], [-77.13389068199996, 38.875469329000055], [-77.13388030799996, 38.87546069600006], [-77.13386817699995, 38.87545207000005], [-77.13385691099995, 38.87544414000007], [-77.13384566099995, 38.87543533100006], [-77.13383704199998, 38.87542674600007], [-77.13382579799998, 38.87541769000006], [-77.13381718399995, 38.875408830000026], [-77.13380860599995, 38.87539807600007], [-77.13380176699997, 38.87538830300008], [-77.13379580199995, 38.87537870500006], [-77.13379072699996, 38.875368458000025], [-77.13378741299994, 38.87535801200005], [-77.13378413299995, 38.87534580800008], [-77.13377819699997, 38.875334673000054], [-77.13376872399994, 38.875324842000055], [-77.13376012099997, 38.87531540500004], [-77.13375239399994, 38.87530611600005], [-77.13374643499998, 38.87529618800005], [-77.13373960499996, 38.87528589300007], [-77.13373100599995, 38.875276265000025], [-77.13372245999994, 38.875265703000025], [-77.13371380499996, 38.87525719900003], [-77.13370697799996, 38.87524674000008], [-77.13370106199994, 38.87523456100007], [-77.13369507499993, 38.87522427600004], [-77.13368740399994, 38.875213889000065], [-77.13367966799996, 38.875205039000036], [-77.13367370299994, 38.87519546800007], [-77.13366775499998, 38.87518499200007], [-77.13366179099995, 38.87517531100008], [-77.13365583799998, 38.87516513600008], [-77.13365078499999, 38.87515373600007], [-77.13364661199995, 38.87514229200008], [-77.13364415199999, 38.87513127900007], [-77.13364090199997, 38.87511929600004], [-77.13363984399996, 38.87511585100003], [-77.13359441299997, 38.87503329800006], [-77.13444954699997, 38.874805355000035], [-77.13525964599995, 38.87459558300003], [-77.13638502499998, 38.87439493200003], [-77.13776392099999, 38.874131470000066], [-77.13878399499998, 38.87394055900006], [-77.14197902199999, 38.87327612900003], [-77.14252082799999, 38.87316733400007], [-77.14298429899998, 38.873123372000066], [-77.14334912499999, 38.873105674000044], [-77.14380474399997, 38.87310544500008], [-77.14507870399996, 38.873202340000034], [-77.14677616999995, 38.873334886000066], [-77.14679160299994, 38.87334731100003], [-77.14696472199995, 38.87348111600005], [-77.14701321799998, 38.87351737300003], [-77.14712562799997, 38.87360313600004], [-77.14712247499995, 38.87377036100003], [-77.14713514299996, 38.87397788800007], [-77.14715751399996, 38.87454838900004], [-77.14710293199994, 38.87480693100008], [-77.14694863999995, 38.875077341000065], [-77.14667854999993, 38.875333400000045], [-77.14652593099999, 38.875513100000035], [-77.14638943499995, 38.87571888000008], [-77.14621831699998, 38.87600202900006], [-77.14599617199997, 38.876349368000035], [-77.14579168499995, 38.876645093000036], [-77.14563759399994, 38.87690251400005], [-77.14546524699995, 38.877250427000035], [-77.14544133199996, 38.87763893500005], [-77.14550421899997, 38.87782111900003], [-77.14554857299999, 38.87810672400008], [-77.14554441499996, 38.87832699100005], [-77.14556359099998, 38.87866599100005], [-77.14561479699995, 38.87898877400005], [-77.14572522099996, 38.87928810300008], [-77.14595263699994, 38.87953696200003], [-77.14606477399997, 38.879745608000064], [-77.14612787499993, 38.879914805000055], [-77.14612518499996, 38.88005734800004], [-77.14607255099997, 38.880212250000056], [-77.14600330299999, 38.88036695900007], [-77.14590089699993, 38.88052131400008], [-77.14581457999998, 38.88070175000007], [-77.14579461299996, 38.88088295000006], [-77.14585600199996, 38.881142856000054], [-77.14594764999998, 38.88155864700008], [-77.14607046599997, 38.88207843200007], [-77.14611439899994, 38.88239031200004], [-77.14461471299995, 38.88187362000008], [-77.14345339799996, 38.88153208700004], [-77.14152595599995, 38.88085325800006], [-77.13908165999999, 38.87998346200004], [-77.13905487099998, 38.87997700100004], [-77.13920610099996, 38.879775738000035], [-77.13944165099997, 38.879553814000076], [-77.13971551299994, 38.879341916000044], [-77.13971381899995, 38.87934044100007], [-77.13970074099996, 38.87933350700007], [-77.13968685299994, 38.879324834000045], [-77.13967296599998, 38.87931610500004], [-77.13966257699997, 38.87930818600006], [-77.13965044499997, 38.87929953300005], [-77.13963742299995, 38.87929150100007], [-77.13962700699994, 38.87928500900006], [-77.13961222799998, 38.87927695700006], [-77.13960006399998, 38.87927003300007], [-77.13958440399995, 38.87926213600008], [-77.13957049999993, 38.879254341000035], [-77.13955660999994, 38.87924574900006], [-77.13954356299996, 38.87923906300006], [-77.13953137399994, 38.87923337400008], [-77.13951570099994, 38.87922624500004], [-77.13950175899998, 38.879220399000076], [-77.13948868499995, 38.87921511300004], [-77.13947386499996, 38.87920928400007], [-77.13945731299998, 38.87920214500008], [-77.13944249399998, 38.879196207000064], [-77.13942682699997, 38.87918874800005], [-77.13941289399997, 38.87918240800008], [-77.13940158899999, 38.879176511000026], [-77.13938678399995, 38.87916983100007], [-77.13937110099994, 38.879163196000036], [-77.13935543699995, 38.87915554500006], [-77.13934151399997, 38.87914871100003], [-77.13932932899996, 38.87914288600007], [-77.13931716699994, 38.87913579700006], [-77.13930499399999, 38.87912931300008], [-77.13929105199998, 38.879123495000044], [-77.13927884699996, 38.879118712000036], [-77.13926491299998, 38.87911245500004], [-77.13925094899997, 38.87910776200005], [-77.13923523699998, 38.87910269200006], [-77.13922214999997, 38.87909806400006], [-77.13920735599999, 38.879090863000044], [-77.13919604999995, 38.87908496500006], [-77.13918474999997, 38.87907876600008], [-77.13917259799996, 38.87907115500008], [-77.13916218199995, 38.879064664000055], [-77.13914912899997, 38.87905825200005], [-77.13913606599993, 38.879052416000036], [-77.13912476299998, 38.87904638100008], [-77.13911170699998, 38.879040134000036], [-77.13909865199997, 38.87903383100007], [-77.13908472699995, 38.87902713400007], [-77.13907080799999, 38.87902010800008], [-77.13905862999997, 38.87901387000005], [-77.13904733699997, 38.879007314000035], [-77.13903435099996, 38.87899738700003], [-77.13902483899994, 38.87898953300004], [-77.13901268199999, 38.878982198000074], [-77.13900053999998, 38.87897406600007], [-77.13898923899995, 38.878967921000026], [-77.13897794599995, 38.878961365000066], [-77.13896666299996, 38.878954287000056], [-77.13895625399994, 38.878947383000025], [-77.13894407099997, 38.87894142000005], [-77.13893012999995, 38.87893557500007], [-77.13891789599995, 38.87893046200003], [-77.13890573499998, 38.87892518600006], [-77.13889092999995, 38.878918562000024], [-77.13887698799994, 38.87891274300006], [-77.13886395699996, 38.87890520500008], [-77.13885090599996, 38.87889871100003], [-77.13883960199996, 38.87889267600008], [-77.13882483199995, 38.87888423900006], [-77.13881178499997, 38.878877497000076], [-77.13879699799998, 38.878869939000026], [-77.13878308699998, 38.87886247300003], [-77.13876746199998, 38.87885465800008], [-77.13875611599997, 38.87884903400004], [-77.13874304799998, 38.87884339100003], [-77.13872740999994, 38.87883626200005], [-77.13871431899997, 38.87883001400007], [-77.13870213799999, 38.87882396900005], [-77.13868559599996, 38.87881630800007], [-77.13867340399997, 38.87881083900004], [-77.13865769899996, 38.878805330000034], [-77.13861578599995, 38.878792487000055], [-77.13860180299997, 38.87878881000006], [-77.13858518099994, 38.87878537700004], [-77.13856857699994, 38.87878095600007], [-77.13855195999997, 38.87877724800006], [-77.13853533199995, 38.87877414400003], [-77.13852044399994, 38.87877191200005], [-77.13850643899997, 38.87876941600007], [-77.13848985999994, 38.87876554400003], [-77.13847495399995, 38.87876237800003], [-77.13846183999993, 38.87875920500005], [-77.13844350799997, 38.87875514800004], [-77.13842423499995, 38.87875072300005], [-77.13840933199998, 38.87874744700008], [-77.13839449299996, 38.87874444700003], [-77.13838048399998, 38.87874214300007], [-77.13836649499996, 38.87873879500006], [-77.13835162999999, 38.87873535500006], [-77.13833764899994, 38.87873159600008], [-77.13832191299997, 38.87872773300006], [-77.13830791599997, 38.87872482500006], [-77.13829218099994, 38.87872093500005], [-77.13827736099995, 38.87871510700006], [-77.13826252099994, 38.87871029400003], [-77.13824944699996, 38.878705007000065], [-77.13823723499996, 38.87870058200008], [-77.13822329699997, 38.87869457100004], [-77.13821026599999, 38.87868706100005], [-77.13819985099997, 38.878680487000054], [-77.13818595799995, 38.87867208700004], [-77.13817382599996, 38.87866346100003], [-77.13816343599996, 38.878655597000034], [-77.13815307299996, 38.878646305000075], [-77.13813053899997, 38.87863041900005], [-77.13812012299996, 38.878622060000055], [-77.138109779, 38.87861361900008], [-77.13810026599998, 38.878605820000075], [-77.13809075999995, 38.87859766400004], [-77.13808124199994, 38.87859013900004], [-77.13806909399995, 38.87858233700007], [-77.13805435999996, 38.878571978000025], [-77.138042236, 38.87856291300005], [-77.13803185299997, 38.87855471900008], [-77.13801975499996, 38.878544281000075], [-77.13801026699997, 38.87853516400003], [-77.13800252899995, 38.87852639700003], [-77.13798694599996, 38.878514463000045], [-77.13797566499994, 38.87850730300005], [-77.13796353499998, 38.878498567000065], [-77.13795315199997, 38.87849029100005], [-77.13794270899996, 38.878483387000074], [-77.13793233799998, 38.87847640100006], [-77.13791671199994, 38.87846671900007], [-77.13790454199994, 38.87846012500006], [-77.13789235799999, 38.87845421700007], [-77.13787928299996, 38.87844901200003], [-77.13786444999994, 38.87844387000007], [-77.13785134499994, 38.878440203000025]]]]}}, {"type": "Feature", "properties": {"OBJECTID": 6, "CIVIC": "Alcova Heights", "COLOR": 3, "LABEL": "Alcova Heights", "GIS_ID": 11, "Pdf": "Alcova_Heights", "SHAPE_Length": 0.05679781885978297, "SHAPE_Area": 7.327688629181669e-05}, "geometry": {"type": "MultiPolygon", "coordinates": [[[[-77.10034462499993, 38.870310421000056], [-77.09990714199995, 38.86991114500006], [-77.09951360799994, 38.86950291800008], [-77.09916044299996, 38.86921322400008], [-77.09883358499997, 38.868961574000025], [-77.09746889999997, 38.86810883000004], [-77.09616667899996, 38.86731643300004], [-77.09512391599998, 38.86672533700005], [-77.09476695299998, 38.866539715000044], [-77.09411804599995, 38.86617399700003], [-77.09362314399993, 38.865934956000046], [-77.09327076499994, 38.86565741900006], [-77.09282652199994, 38.86524990600003], [-77.09251967999995, 38.86492535000008], [-77.092311, 38.86455130400003], [-77.09216724199996, 38.86416963400006], [-77.09210778899995, 38.86360498800008], [-77.09209674099998, 38.86295244300004], [-77.09206414099998, 38.862082591000046], [-77.09203721999995, 38.86144067500004], [-77.09204636199996, 38.861282638000034], [-77.09389141599996, 38.860786922000045], [-77.09668460799998, 38.860059404000026], [-77.09871956699999, 38.85953334200008], [-77.10014145399998, 38.859125789000075], [-77.10134833699993, 38.858774561000075], [-77.10154279699998, 38.85897863100007], [-77.10176760299998, 38.859175538000045], [-77.10190071699998, 38.85948012500006], [-77.10222716599998, 38.86006670100005], [-77.10267641799999, 38.860981080000045], [-77.10349923499996, 38.86261467500003], [-77.10414010399995, 38.86389647100003], [-77.10409964399997, 38.86415096300004], [-77.10243612099998, 38.863359529000036], [-77.10181177299995, 38.86421710700006], [-77.10162304699998, 38.86465892600006], [-77.10134653699998, 38.86528670600006], [-77.10035521499998, 38.865243286000066], [-77.10004410099998, 38.86534667400008], [-77.09829448899995, 38.866086461000066], [-77.10011404599999, 38.86872959100003], [-77.10078838699997, 38.86968883800006], [-77.10188403799998, 38.86970463500006], [-77.10160745299999, 38.87001988500003], [-77.10188064899995, 38.87005886400004], [-77.10483681699998, 38.86930639900004], [-77.10584126199996, 38.86906239600006], [-77.10585618799996, 38.868474916000025], [-77.10629511199994, 38.86848287300006], [-77.10630460199997, 38.86799418600003], [-77.10689793499995, 38.86800946500006], [-77.10704092299994, 38.86800273100005], [-77.10694693899995, 38.868369424000036], [-77.10680154299996, 38.86877513200005], [-77.10681372899995, 38.86891098700005], [-77.10684325999995, 38.86909969000004], [-77.10072324899994, 38.87064970600005], [-77.10034462499993, 38.870310421000056]]]]}}, {"type": "Feature", "properties": {"OBJECTID": 7, "CIVIC": "Columbia Heights", "COLOR": 1, "LABEL": "Columbia Heights", "GIS_ID": 13, "Pdf": "Columbia_Heights", "SHAPE_Length": 0.039621988587137114, "SHAPE_Area": 5.308542861978926e-05}, "geometry": {"type": "MultiPolygon", "coordinates": [[[[-77.07507065399994, 38.86250072100006], [-77.07486062699996, 38.861702440000045], [-77.07548820499994, 38.86163528000003], [-77.077184704, 38.861455388000024], [-77.07722098899995, 38.86157390900007], [-77.07860475399997, 38.86175543400003], [-77.07976759499996, 38.86174201800003], [-77.07999911199994, 38.86168061500007], [-77.08227759299996, 38.86109681800008], [-77.08145041499995, 38.85852201500006], [-77.08126923799995, 38.85795086500008], [-77.08185287399994, 38.85783758300005], [-77.08208864399995, 38.857769939000036], [-77.08277550599996, 38.857693598000026], [-77.08351546599994, 38.85766724100006], [-77.08452968599994, 38.85745388300006], [-77.08572527999996, 38.85718624200007], [-77.08663987899996, 38.85699275600007], [-77.08788984199998, 38.85671168700003], [-77.08831478399998, 38.85665182500003], [-77.08828603799998, 38.85677771700006], [-77.08794616799997, 38.857842074000075], [-77.08763471199995, 38.85880774800006], [-77.08741293099996, 38.85953342200003], [-77.08718081499995, 38.86029324300006], [-77.08701490899995, 38.86085281900006], [-77.08696287199996, 38.86115887400007], [-77.08696500499997, 38.86153936900007], [-77.08697917599994, 38.862046932000055], [-77.08700643899994, 38.862380194000025], [-77.08703531099997, 38.862574635000044], [-77.08592417299997, 38.86285484000007], [-77.08415648299996, 38.863301112000045], [-77.08152843799996, 38.863966154000025], [-77.07859372099995, 38.86471908900006], [-77.07750938499998, 38.86499932100003], [-77.07584716599996, 38.86542829200005], [-77.07581829299994, 38.86535747800008], [-77.07561928599995, 38.86458890800003], [-77.07533816099993, 38.863533748000066], [-77.07521052999994, 38.86306262000005], [-77.07507065399994, 38.86250072100006]]]]}}, {"type": "Feature", "properties": {"OBJECTID": 8, "CIVIC": "Leeway Overlee", "COLOR": 4, "LABEL": "Leeway Overlee", "GIS_ID": 16, "Pdf": "Leeway_Overlee", "SHAPE_Length": 0.054220469703009436, "SHAPE_Area": 9.070143027257469e-05}, "geometry": {"type": "MultiPolygon", "coordinates": [[[[-77.14274181299999, 38.89783373100005], [-77.14257056499997, 38.89759834000006], [-77.14216298499997, 38.897038905000045], [-77.14179663299996, 38.896529428000065], [-77.14170427199997, 38.89639655000008], [-77.14151247199999, 38.896133460000044], [-77.14137207099998, 38.89593961400004], [-77.14114263299996, 38.89562116700006], [-77.14105079599994, 38.89553679000005], [-77.13903366999995, 38.89605297700007], [-77.13793179099997, 38.89629951300003], [-77.13748435199994, 38.89634421900007], [-77.13697351799993, 38.89636682400004], [-77.13625873399997, 38.89638008400004], [-77.13477721999999, 38.89638311300007], [-77.13366614999995, 38.89637684100006], [-77.13366709799999, 38.89635477400003], [-77.13366789499997, 38.89633506600006], [-77.13366826999999, 38.89631538200007], [-77.13366818799994, 38.896295664000036], [-77.13366768499998, 38.896275969000044], [-77.13366675999998, 38.89625624200005], [-77.13366537799999, 38.89623659200004], [-77.13366353799995, 38.89621693600003], [-77.13366127699999, 38.896197303000065], [-77.13365855799998, 38.896177720000026], [-77.13365541599995, 38.89615815900004], [-77.13365181699999, 38.89613864800003], [-77.13364782999997, 38.89611918700007], [-77.13364334999994, 38.89609980300003], [-77.13363851799994, 38.89608047000007], [-77.13363319199993, 38.89606121300005], [-77.13362747899998, 38.89604200700006], [-77.13362127099998, 38.89602290400006], [-77.13361471099995, 38.89600388000008], [-77.13360772799996, 38.89598496100007], [-77.13360024999997, 38.895966119000036], [-77.13359238499999, 38.89594738200003], [-77.13358409499995, 38.89592877700005], [-77.13357541599999, 38.89591027800003], [-77.13354959899993, 38.89588759700007], [-77.13352958599995, 38.895847987000025], [-77.13350798199997, 38.89580887900007], [-77.13348478599994, 38.89577035700006], [-77.13345986599995, 38.895731925000064], [-77.13343833899995, 38.89570171500003], [-77.13341546399994, 38.89567214900006], [-77.13337858199998, 38.89562901900007], [-77.13333889099994, 38.89558753100005], [-77.13322569199994, 38.89549243700003], [-77.13242735899996, 38.894788482000024], [-77.13294239499999, 38.89460203500005], [-77.13435957099995, 38.894122641000024], [-77.13470526199995, 38.89403788000004], [-77.13738628999994, 38.89318380100008], [-77.13879246299996, 38.89275714200005], [-77.14040093099999, 38.89224952100005], [-77.14216360399996, 38.891663368000025], [-77.14180359399995, 38.89107644300003], [-77.14221764499996, 38.89094675700005], [-77.14304628199994, 38.89069408600005], [-77.14408864599994, 38.89049374600006], [-77.14911275199995, 38.889581244000055], [-77.15220411999996, 38.88904055900008], [-77.15249665699997, 38.88996685500007], [-77.15323214899996, 38.89215599200003], [-77.15285453199994, 38.89227160900003], [-77.15219028599995, 38.89245511200005], [-77.15151160599999, 38.89262499000006], [-77.15025435599995, 38.89294721300007], [-77.14816614199998, 38.89347111400008], [-77.14736408399995, 38.89372228600007], [-77.14747304599996, 38.89423487900007], [-77.147708, 38.89461241600003], [-77.14786908099995, 38.89470351600005], [-77.14810294899996, 38.89508658800003], [-77.14833898099994, 38.89555269600004], [-77.14852643199998, 38.89612242900006], [-77.14870839599996, 38.89666466500006], [-77.14879009099997, 38.89709777400003], [-77.14873877499997, 38.897538635000046], [-77.14867805699998, 38.897741746000065], [-77.14623068399999, 38.897934759000066], [-77.14604563899996, 38.89796244900003], [-77.14588264499997, 38.89783469200006], [-77.14515045299999, 38.89804711200003], [-77.14329684999996, 38.89862369400004], [-77.14326565199997, 38.89856198700005], [-77.14313209599999, 38.898379179000074], [-77.14302939799995, 38.89823522700004], [-77.14282730799994, 38.897958290000076], [-77.14274181299999, 38.89783373100005]]]]}}, {"type": "Feature", "properties": {"OBJECTID": 9, "CIVIC": "Clarendon", "COLOR": 3, "LABEL": "Clarendon", "GIS_ID": 17, "Pdf": "Clarendon", "SHAPE_Length": 0.028639401629230222, "SHAPE_Area": 3.767113729468608e-05}, "geometry": {"type": "MultiPolygon", "coordinates": [[[[-77.09686239299998, 38.88441148900006], [-77.09828596699998, 38.88440193400004], [-77.09862631099998, 38.88446668300003], [-77.09862251299995, 38.88447048200004], [-77.09839978699995, 38.884676058000025], [-77.09783012799994, 38.88523118300003], [-77.09721701199999, 38.88583771500004], [-77.09692953299998, 38.88604465700007], [-77.09628294499998, 38.88651696900007], [-77.09518959699994, 38.887351961000036], [-77.09459835899997, 38.887774068000056], [-77.09392048899997, 38.88826148100003], [-77.09349919199997, 38.88856339100005], [-77.09331348099994, 38.88865563100006], [-77.09300739099996, 38.88881604200003], [-77.09263885299998, 38.888944673000026], [-77.09185043499997, 38.88921463400004], [-77.09125313999994, 38.889424493000035], [-77.09043292299998, 38.889745799000025], [-77.08944003099998, 38.89012274800007], [-77.08863609361043, 38.89043896696847], [-77.0886807, 38.8903972], [-77.0886644, 38.890324], [-77.0886594, 38.8902795], [-77.0886235, 38.8899949], [-77.0885813, 38.8896699], [-77.088562, 38.8895771], [-77.0885414, 38.8894906], [-77.0884932, 38.8891256], [-77.0884908, 38.8890728], [-77.0883917, 38.8882759], [-77.0883557, 38.8879993], [-77.0883401, 38.8878792], [-77.0883295, 38.8877972], [-77.0882414, 38.8870969], [-77.0882327, 38.8870404], [-77.0882236, 38.8869654], [-77.0881452, 38.8862281], [-77.0881408, 38.8861624], [-77.0881296, 38.8861097], [-77.0880879, 38.8857625], [-77.0880577, 38.885594], [-77.0880073, 38.8854009], [-77.0879697, 38.8852764], [-77.0879247, 38.885136], [-77.0879061, 38.8850657], [-77.0878455, 38.8848651], [-77.087787, 38.8847218], [-77.0877733, 38.8846801], [-77.0877591, 38.8846234], [-77.08775050554317, 38.88458475163511], [-77.09008675199993, 38.88453967700008], [-77.09674506499994, 38.884412257000065], [-77.09686239299998, 38.88441148900006]]]]}}, {"type": "Feature", "properties": {"OBJECTID": 64, "CIVIC": "Courthouse", "COLOR": 5, "LABEL": "Courthouse", "GIS_ID": 65, "Pdf": "Courthouse", "SHAPE_Length": 0.020938929896301212, "SHAPE_Area": 2.8542768786719824e-05}, "geometry": {"type": "MultiPolygon", "coordinates": [[[[-77.08863609361043, 38.89043896696847], [-77.08859328299997, 38.890455806000034], [-77.08769153599997, 38.89078185300008], [-77.08741681599997, 38.89088443700007], [-77.08721939299994, 38.89091226900007], [-77.08692953399998, 38.89095565800005], [-77.08639243499994, 38.89103176900005], [-77.086173493, 38.891097785000056], [-77.08593954199995, 38.89111946400004], [-77.08580252299998, 38.89118989800005], [-77.08525069899997, 38.89145483800007], [-77.08467896199994, 38.891496446000076], [-77.08406676899995, 38.89170246300006], [-77.08397820299996, 38.89173547400003], [-77.08392060199998, 38.891294505000076], [-77.08371543399994, 38.88978342900003], [-77.08359682699995, 38.888903507000066], [-77.08351337599998, 38.88810987800008], [-77.08340607799994, 38.88707743800006], [-77.08362159899997, 38.88650792300007], [-77.08396260199999, 38.88624187700003], [-77.08433238699996, 38.885857877000035], [-77.08468135899994, 38.885461872000064], [-77.08490383699996, 38.885246049000045], [-77.08515043899996, 38.885050480000075], [-77.08549246599995, 38.884867291000035], [-77.08588653199996, 38.88473898900003], [-77.08657009599995, 38.884607526000025], [-77.08775050554317, 38.88458475163511], [-77.0877591, 38.8846234], [-77.0877733, 38.8846801], [-77.087787, 38.8847218], [-77.0878455, 38.8848651], [-77.0879061, 38.8850657], [-77.0879247, 38.885136], [-77.0879697, 38.8852764], [-77.0880073, 38.8854009], [-77.0880577, 38.885594], [-77.0880879, 38.8857625], [-77.0881296, 38.8861097], [-77.0881408, 38.8861624], [-77.0881452, 38.8862281], [-77.0882236, 38.8869654], [-77.0882327, 38.8870404], [-77.0882414, 38.8870969], [-77.0883295, 38.8877972], [-77.0883401, 38.8878792], [-77.0883557, 38.8879993], [-77.0883917, 38.8882759], [-77.0884908, 38.8890728], [-77.0884932, 38.8891256], [-77.0885414, 38.8894906], [-77.088562, 38.8895771], [-77.0885813, 38.8896699], [-77.0886235, 38.8899949], [-77.0886594, 38.8902795], [-77.0886644, 38.890324], [-77.0886807, 38.8903972], [-77.08863609361043, 38.89043896696847]]]]}}, {"type": "Feature", "properties": {"OBJECTID": 10, "CIVIC": "Bluemont", "COLOR": 1, "LABEL": "Bluemont", "GIS_ID": 18, "Pdf": "Bluemont", "SHAPE_Length": 0.0823148838236303, "SHAPE_Area": 0.0002440446381214201}, "geometry": {"type": "MultiPolygon", "coordinates": [[[[-77.11576137999998, 38.88190420400008], [-77.11552712599996, 38.881346466000025], [-77.11539469899998, 38.88106675800003], [-77.11508932199996, 38.880690326000035], [-77.11481142199995, 38.88047582200005], [-77.11445550499997, 38.88028629300004], [-77.11403523999996, 38.880123463000075], [-77.11131283499998, 38.878235493000034], [-77.11184675599998, 38.87776154800008], [-77.11214144399997, 38.87750487000005], [-77.11270065499997, 38.87702325600003], [-77.11287832099998, 38.87684458200005], [-77.11318218299994, 38.87658726800004], [-77.11344447899995, 38.87637927600008], [-77.11356885999999, 38.87629641400008], [-77.11364074799997, 38.87624852000005], [-77.11460284199995, 38.87600893900003], [-77.11535452599998, 38.875817261000066], [-77.11558013299998, 38.87575884800003], [-77.11573195699998, 38.87571911800006], [-77.11590106899996, 38.87564457800005], [-77.11599551599994, 38.87560172700006], [-77.11612726299995, 38.87547369400005], [-77.11619893599999, 38.875402207000036], [-77.11622666299996, 38.87533064200005], [-77.11626293199998, 38.87512764200005], [-77.11630938399998, 38.874784576000025], [-77.11636790399996, 38.87455528300006], [-77.11657239799996, 38.87430892700007], [-77.11672441599995, 38.874175173000026], [-77.11689672199998, 38.87404767100003], [-77.11713666699995, 38.873933899000065], [-77.11733836199994, 38.87385444200004], [-77.11748812599996, 38.87380287700006], [-77.11766945999995, 38.87374273100005], [-77.11975767199993, 38.87304598800006], [-77.12438267599998, 38.87144628400006], [-77.12460988299995, 38.871352724000076], [-77.12474213699994, 38.871261127000025], [-77.12497317299994, 38.87104651000004], [-77.12536232599996, 38.870576466000045], [-77.12641085299998, 38.86944882200004], [-77.12677424599997, 38.86913815500003], [-77.12714657899994, 38.86881905100006], [-77.12740167999993, 38.868528178000076], [-77.12749820399995, 38.86836855200005], [-77.12862926099996, 38.868800650000026], [-77.12886059199997, 38.86891151900005], [-77.12896007399996, 38.868707193000034], [-77.12896736399995, 38.86870804700004], [-77.12898139199996, 38.868709255000056], [-77.12899630799996, 38.86870986800005], [-77.12900946499997, 38.86871070800004], [-77.12902443299998, 38.86870865900005], [-77.12903851999994, 38.868704869000055], [-77.12905179399996, 38.868701427000076], [-77.12906682099998, 38.86869808700004], [-77.12908000799996, 38.868695495000054], [-77.12909497499999, 38.86869350000006], [-77.12910820399998, 38.868690497000046], [-77.12912231899998, 38.86868714700006], [-77.12913643699994, 38.86868360400007], [-77.12915058199997, 38.86867863400005], [-77.12916557799997, 38.868675102000054], [-77.12917972199995, 38.868670215000066], [-77.12919649199995, 38.868665770000064], [-77.12920884899995, 38.86866248100006], [-77.12922295899995, 38.868659378000075], [-77.12923796299998, 38.86865543400006], [-77.12925034199998, 38.86865096500003], [-77.12926537099997, 38.86864573100007], [-77.12927952599995, 38.86864023900006], [-77.12929547099998, 38.86863303900003], [-77.12931142799994, 38.86862515200005], [-77.12932559799998, 38.86861889100004], [-77.12933800599995, 38.86861294000005], [-77.12935303499995, 38.868607706000034], [-77.12936893599993, 38.86860272900003], [-77.12938749299997, 38.86859668400007], [-77.12940161399996, 38.86859300500004], [-77.12941662499998, 38.86858870400005], [-77.12943160599997, 38.86858596800005], [-77.12944833299997, 38.86858374600007], [-77.12946683199993, 38.86858072200005], [-77.12948444899996, 38.86857790700003], [-77.12950465099993, 38.86857764900003], [-77.12951957299998, 38.86857798700004], [-77.12953363099996, 38.86857763000006], [-77.12955033099996, 38.86857680900005], [-77.12956440199997, 38.86857576500006], [-77.12957847099995, 38.86857480300006], [-77.12959253399998, 38.86857411600005], [-77.12960748099994, 38.868573164000054], [-77.12962417199998, 38.86857286500003], [-77.12964085999994, 38.86857270300004], [-77.12965841899995, 38.86857290800003], [-77.12967332399995, 38.868574125000066], [-77.12968823199998, 38.86857523300006], [-77.12970137199994, 38.868576924000024], [-77.12971977899997, 38.86857867600003], [-77.12973379699997, 38.868580405000046], [-77.12974870299996, 38.86858159500008], [-77.12976358599997, 38.86858399300007], [-77.12977756199996, 38.86858786300007], [-77.12979244199994, 38.868590426000026], [-77.12980909799995, 38.86859191100007], [-77.12982312999998, 38.868592926000076], [-77.12983980199994, 38.86859356000008], [-77.12985473199996, 38.868593487000055], [-77.12986965499994, 38.86859382600005], [-77.12988369899995, 38.86859415500004], [-77.12990213699999, 38.868594287000064], [-77.12991617999995, 38.86859469800004], [-77.12993105499999, 38.86859566800007], [-77.12994511999995, 38.86859676600005], [-77.12996093299995, 38.868596429000036], [-77.12997498599998, 38.868596291000074], [-77.12999168199997, 38.868595689000074], [-77.13000660799997, 38.86859586300005], [-77.13002503699994, 38.86859649000007], [-77.13004170199997, 38.86859753600004], [-77.13005838799995, 38.86859748400008], [-77.13007417199998, 38.86859868400006], [-77.13009083999998, 38.86859956500007], [-77.13010659999998, 38.868602], [-77.13012320499996, 38.86860433600003], [-77.13013724799998, 38.868606587000045], [-77.13015210199995, 38.86861049500004], [-77.13016870499996, 38.86861480700003], [-77.13018179199997, 38.86861927100006], [-77.13019399699994, 38.868623945000024], [-77.13020794099998, 38.868629517000045], [-77.13022452699994, 38.86863468100006], [-77.13023764999997, 38.86863725100005], [-77.13025250599998, 38.868641076000074], [-77.13026736699999, 38.86864462700004], [-77.13028045499993, 38.86864906400007], [-77.13029531099994, 38.86865286200003], [-77.13030750499996, 38.86865811200005], [-77.13032142499998, 38.868664919000025], [-77.13033267399999, 38.868673701000034], [-77.13034128499999, 38.868682644000046], [-77.13034987799995, 38.868692520000025], [-77.13036113199996, 38.868700999000055], [-77.13037238999993, 38.86870928600007], [-77.13038365599994, 38.868717134000065], [-77.13039408199995, 38.868724807000035], [-77.13040531799999, 38.86873240700004], [-77.13041661599993, 38.86873860800006], [-77.13042612599997, 38.868746463000036], [-77.13043564099996, 38.868754043000024], [-77.13044604399994, 38.868762924000066], [-77.13045728099996, 38.86877049700007], [-77.13047028599993, 38.86877924400005], [-77.13048331099998, 38.868786948000036], [-77.13049459399997, 38.86879394400006], [-77.13050762099994, 38.86880156500007], [-77.13052063699996, 38.86880973600006], [-77.13053101499997, 38.86881812200005], [-77.13054140699995, 38.86882579500008], [-77.13055352399994, 38.868835053000055], [-77.13056478999994, 38.86884290100005], [-77.13057692199999, 38.868851446000065], [-77.13058904299999, 38.868860512000026], [-77.13060031799995, 38.86886789300007], [-77.13061420099996, 38.86887667700006], [-77.13062724899999, 38.86888317300003], [-77.13064113699994, 38.86889168300007], [-77.13065593699997, 38.86889844600006], [-77.13066990999994, 38.86890437500006], [-77.13068203099994, 38.868909734000056], [-77.13069597999998, 38.86891692700004], [-77.13071077699993, 38.86892380000006], [-77.13072384999998, 38.86892903200004], [-77.13073779799998, 38.868934413000034], [-77.13075176299998, 38.868938859000025], [-77.13076485099998, 38.86894332300005], [-77.13077969299997, 38.86894786300007], [-77.13079366599999, 38.868951897000045], [-77.13080764299997, 38.86895574000005], [-77.13082076999996, 38.86895998500006], [-77.13083381399997, 38.86896488800005], [-77.13084688999999, 38.86896992800007], [-77.13086087099998, 38.86897541800005], [-77.13087479299998, 38.86898030400005], [-77.13088874599998, 38.86898543700005], [-77.13090444899996, 38.86899086500006], [-77.13091665899998, 38.86899529100003], [-77.13092973499994, 38.86900033200004], [-77.13094282699996, 38.86900452100008], [-77.13095768199997, 38.86900840100003], [-77.13097076499997, 38.86901308500006], [-77.13098298999995, 38.86901674200004], [-77.13099518499996, 38.86902193700007], [-77.13101000999995, 38.86902735500007], [-77.13102656999996, 38.86903389100007], [-77.13103962499997, 38.86904005800005], [-77.13105185499995, 38.869045253000024], [-77.13106488999995, 38.86905065000008], [-77.13107797399994, 38.86905525100008], [-77.13109191899997, 38.86906082300004], [-77.13110408799997, 38.869065523000074], [-77.13111718, 38.869071580000025], [-77.13113026399998, 38.86907620900007], [-77.13114422899997, 38.86908255000003], [-77.13115901099997, 38.86908837900006], [-77.13117295899997, 38.869093787000054], [-77.13118604299996, 38.869098388000054], [-77.13119913099996, 38.869102852000026], [-77.13121311799995, 38.869106173000034], [-77.13122884399996, 38.86911039300003], [-77.13124371299995, 38.86911355900003], [-77.13125770099998, 38.86911682600004], [-77.13127170299998, 38.86911937800005], [-77.13128658199997, 38.86912196800006], [-77.13130322599994, 38.869124139000064], [-77.13131985999996, 38.869126804000075], [-77.13133387599999, 38.86912861500008], [-77.13135313899994, 38.86913158600004], [-77.13136802999998, 38.86913354400008], [-77.13138293099996, 38.86913500900005], [-77.13139873899996, 38.86913494600003], [-77.13141629699999, 38.869135233000065], [-77.13143297399995, 38.86913567400006], [-77.13144788799997, 38.86913642500008], [-77.13146102399998, 38.86913833500006], [-77.13147768699997, 38.86913946300007], [-77.13149348399998, 38.86914000400003], [-77.13150751399996, 38.869141101000025], [-77.13152242799998, 38.86914187900004], [-77.13153999699995, 38.86914156200004], [-77.13155402299998, 38.86914285200004], [-77.13156979199994, 38.86914482000003], [-77.13158467599999, 38.86914716300004], [-77.13159781599995, 38.86914885400006], [-77.13161180799995, 38.869151928000065], [-77.13162492199996, 38.86915499200006], [-77.13163980499996, 38.869157417000054], [-77.13165291299998, 38.86916081000004], [-77.13166600699998, 38.869164917000035], [-77.13167942599995, 38.86917221300007], [-77.13169075599995, 38.86917857900005], [-77.13170259399999, 38.86918593900003], [-77.13171170799995, 38.869192471000076], [-77.13172009299996, 38.86919852700004], [-77.13172741699998, 38.86920495600003], [-77.13173441899994, 38.86921168300006], [-77.13174120099995, 38.869218929000056], [-77.13174922699994, 38.86922539400007], [-77.13175766299997, 38.869230627000036], [-77.13177881199994, 38.86923784800007], [-77.13178887299995, 38.869240767000065], [-77.13179927399995, 38.86924426500008], [-77.13183169699994, 38.869260790000055], [-77.13184152399998, 38.869266726000035], [-77.13186779499995, 38.86928353600007], [-77.13187656899999, 38.86928946000006], [-77.13188405499994, 38.869296604000056], [-77.13189067399998, 38.86930316200005], [-77.13189693699996, 38.86930999100008], [-77.13190299799999, 38.86931818900007], [-77.13190818099997, 38.86932637800004], [-77.13191141999994, 38.869335231000036], [-77.13191456999994, 38.86935243000005], [-77.13191560199994, 38.86937015400008], [-77.13191654499997, 38.869379612000046], [-77.13191748299994, 38.86938937100007], [-77.13191854899998, 38.86939981800003], [-77.13191879699997, 38.86940888300006], [-77.13191938499995, 38.86941861100007], [-77.13191858499994, 38.869427389000066], [-77.13191765599998, 38.86943561700008], [-77.13191614399994, 38.86944490800005], [-77.13191496399998, 38.86945516500003], [-77.13191534599997, 38.86946464300007], [-77.13191748599996, 38.86947581700008], [-77.13192082399996, 38.86948681200005], [-77.13192329099996, 38.86949746800008], [-77.13192496099998, 38.86950569900006], [-77.13192626499995, 38.869514638000055], [-77.13192872299999, 38.86952578900008], [-77.13193405599998, 38.86954633600004], [-77.13193922599999, 38.869566305000035], [-77.13194173899996, 38.869576358000074], [-77.13194719499995, 38.869594161000066], [-77.13195041899996, 38.86960564900005], [-77.13195217199996, 38.86961316600008], [-77.13195468799995, 38.86962310900003], [-77.13195888299998, 38.86964073300004], [-77.13196120399994, 38.86964982200004], [-77.13196290799993, 38.86965808000008], [-77.13196403999996, 38.86966688000007], [-77.13196516099998, 38.86967623000004], [-77.13196660399996, 38.86968530900003], [-77.13196881299996, 38.869694726000034], [-77.13197267899994, 38.869711220000056], [-77.13197516199995, 38.86972099700006], [-77.13197805799996, 38.86972940600003], [-77.13198162899994, 38.86973922400006], [-77.13198587299996, 38.86974877500006], [-77.13198838599999, 38.869758827000055], [-77.13198969099994, 38.86976776700004], [-77.13199046899996, 38.869776701000035], [-77.13199054799998, 38.86978546100005], [-77.13199166399994, 38.86979508600007], [-77.13199230799995, 38.869803716000035], [-77.13199482299996, 38.869811791000075], [-77.13199680299994, 38.86982035400007], [-77.13199781999998, 38.86982967500006], [-77.13199772799999, 38.86983261200004], [-77.13199620599994, 38.86984245300005], [-77.13199076699993, 38.86985872900004], [-77.13198785799995, 38.86986761900005], [-77.13198389199994, 38.869876635000026], [-77.13197924999997, 38.869884297000056], [-77.13197477899996, 38.86989220900006], [-77.13196853399995, 38.86989913900004], [-77.13196180699998, 38.86990746300006], [-77.13195504699996, 38.86991565000005], [-77.13194794999998, 38.86992311900008], [-77.13194050599998, 38.86993033700003], [-77.13193235099999, 38.86993795800004], [-77.13192614199994, 38.86994488800008], [-77.13192128499998, 38.86995460800006], [-77.13191698399999, 38.86996282300004], [-77.13191269099997, 38.86997057200006], [-77.13190857299998, 38.86997835000005], [-77.13190427999996, 38.86998612600007], [-77.13189961399996, 38.86999502400005], [-77.13189514499999, 38.87000279800003], [-77.13188872399996, 38.87001167600005], [-77.13188249099994, 38.870019841000044], [-77.13187243099998, 38.870026067000026], [-77.13186241399995, 38.87003009700004], [-77.13185129599998, 38.87003469100006], [-77.13183127999997, 38.87004357400008], [-77.13182122199999, 38.870047906000025], [-77.13181345499999, 38.870053609000024], [-77.13180654099995, 38.87006069600005], [-77.13179980999996, 38.87006734500005], [-77.13178342199996, 38.87009041400006], [-77.13177685699998, 38.87009761400003], [-77.13177029699995, 38.87010454000006], [-77.131766, 38.870112481000035], [-77.13176150799995, 38.87012149100008], [-77.13175669099996, 38.87012912300003], [-77.13175113199998, 38.87013691200008], [-77.13174385599996, 38.87014822400005], [-77.13173778399994, 38.87015721500006], [-77.13173241499999, 38.87016610500007], [-77.13172723499997, 38.870176205000064], [-77.13172166299995, 38.87018657500005], [-77.13171701199997, 38.87019464900004], [-77.13171339799999, 38.870203669000034], [-77.13170942599999, 38.87021488100004], [-77.13170632199996, 38.870224731000064], [-77.13170376699998, 38.87023348800005], [-77.13169997899996, 38.87024236900004], [-77.13169580699997, 38.87025303000007], [-77.13169060699994, 38.87026230600003], [-77.13168682699995, 38.87027077500005], [-77.13168236899998, 38.870279812000035], [-77.13167713499996, 38.87028906000006], [-77.13167195099999, 38.870299325000076], [-77.13166696099995, 38.87030860300007], [-77.13166402699994, 38.87031694500007], [-77.13165864399997, 38.87032847000006], [-77.13165466899994, 38.870337980000045], [-77.13164981799997, 38.87034921000003], [-77.13164599699996, 38.87035987500008], [-77.13164484799995, 38.87036851200003], [-77.13164353299999, 38.87037670700005], [-77.13164375899999, 38.870385085000066], [-77.13164436999995, 38.87039357700007], [-77.13164535599998, 38.87040265100006], [-77.13164641299994, 38.870411698000055], [-77.13164736399995, 38.870420771000056], [-77.13164900799995, 38.87043037400008], [-77.13165023499994, 38.87043969700005], [-77.13165224999995, 38.87045191300007], [-77.13165367199997, 38.870462090000046], [-77.13165468399995, 38.87048088500006], [-77.13165708099996, 38.87049884400005], [-77.13166123699995, 38.870516715000065], [-77.13166372999996, 38.870527838000044], [-77.13166604799994, 38.87054074400004], [-77.13166749599998, 38.870549520000054], [-77.13166893899995, 38.87055859900005], [-77.13167380699997, 38.87057960800007], [-77.13167999199999, 38.87060159400005], [-77.13168304599998, 38.87061093900007], [-77.13168695099995, 38.870621666000034], [-77.13169085999994, 38.870630334000055], [-77.13169372399994, 38.87063857800007], [-77.13169711699999, 38.87064669100005], [-77.13170102799995, 38.87065714400006], [-77.13170389699997, 38.870665114000076], [-77.13170713599999, 38.87067391200003], [-77.13171051799998, 38.870684496000024], [-77.13171319799994, 38.87069315000008], [-77.13171590499996, 38.87070221600004], [-77.13171960799997, 38.87071252900006], [-77.13172439399995, 38.870723130000044], [-77.13172743599995, 38.870731239000065], [-77.13173033699996, 38.87073934600005], [-77.13173472999995, 38.87075213900005], [-77.13173809799997, 38.87076159700007], [-77.13174169099995, 38.87077028900006], [-77.13174526499995, 38.87077812900003], [-77.13174935399996, 38.87078655200003], [-77.13175429699999, 38.87079630300008], [-77.13175877399993, 38.87080470400008], [-77.13176393599997, 38.87081215100005], [-77.13176956799998, 38.87082259600004], [-77.13177625399999, 38.87083115900003], [-77.13178213799995, 38.870839439000065], [-77.13178799799994, 38.87084716800007], [-77.13179468899995, 38.87085735200003], [-77.13180020799996, 38.87086631300008], [-77.13180619799994, 38.87087827400006], [-77.13181130499999, 38.870888603000026], [-77.13181507499996, 38.87089724200007], [-77.13181933999994, 38.870905668000034], [-77.13182464999994, 38.87091641200004], [-77.13182888699998, 38.870926319000034], [-77.13183316899995, 38.87093389300003], [-77.13183902699996, 38.870943545000046], [-77.13184909799998, 38.870962528000064], [-77.13185528399998, 38.87097339200005], [-77.13186695299999, 38.87099146000003], [-77.13187213799995, 38.87099956600008], [-77.13187712699994, 38.871006874000045], [-77.13188842399995, 38.87102603500006], [-77.13189340299994, 38.87103389200007], [-77.13190972199999, 38.87106047200007], [-77.13191592199996, 38.871068782000066], [-77.13192279599997, 38.871078529000044], [-77.13193074599997, 38.87108900100003], [-77.13193690599996, 38.87109755800003], [-77.13194245499994, 38.871105010000065], [-77.13194796999994, 38.87111235100008], [-77.13195584499994, 38.87112307000007], [-77.13196828799994, 38.87114111900007], [-77.13197465799993, 38.87114967900004], [-77.13198015599994, 38.87115795300008], [-77.13199409999999, 38.87117646000007], [-77.13200686599998, 38.87119228800003], [-77.13201529399998, 38.87120345300008], [-77.13202238099996, 38.87121311900006], [-77.13203011299998, 38.87122400100003], [-77.13203561599994, 38.87123200100007], [-77.13204234699998, 38.87124191100003], [-77.13204802299998, 38.87125005000007], [-77.13205438799997, 38.87125888400004], [-77.13206024499993, 38.871266724000066], [-77.13206574299994, 38.871274999000036], [-77.13207207999994, 38.87128534300007], [-77.13207965499998, 38.87129704700004], [-77.13208600699994, 38.87130656700003], [-77.13209137499996, 38.871314264000034], [-77.13209735399994, 38.87132309300006], [-77.13211028699999, 38.87133936300006], [-77.13211577399994, 38.87134640200003], [-77.13212322899994, 38.87135703400003], [-77.13213061199997, 38.87136777400008], [-77.13213696699995, 38.87137713000004], [-77.13214369799994, 38.87138706700006], [-77.13215141599994, 38.87139863500005], [-77.13215746599997, 38.87140743800006], [-77.13216382199994, 38.87141673900004], [-77.13217172099996, 38.871428035000065], [-77.13217860699996, 38.87143723200006], [-77.13218570699996, 38.87144621200008], [-77.13219396799997, 38.87145696300007], [-77.13220069499994, 38.871465252000064], [-77.13221573999994, 38.87148127200004], [-77.13222243399997, 38.87149131800004], [-77.13222899899995, 38.87150070300004], [-77.13223498399998, 38.87150923100006], [-77.13224084699993, 38.87151860800003], [-77.13224652599996, 38.871526611000036], [-77.13225271899995, 38.87153527800007], [-77.13226011199998, 38.87154549700006], [-77.13226527699999, 38.87155280700006], [-77.13227178799997, 38.87156134000003], [-77.13227822999994, 38.87156797800003], [-77.13228589399995, 38.871575043000064], [-77.13229362899995, 38.87158208000005], [-77.13230768299996, 38.87159479300004], [-77.13231653999998, 38.871603794000066], [-77.13232479599998, 38.87161111200004], [-77.13233260699997, 38.87161966100007], [-77.13234034999994, 38.87162809900008], [-77.13234986899994, 38.871639139000024], [-77.13235848899996, 38.871649482000066], [-77.13236518199994, 38.871659556000054], [-77.13237137899995, 38.87166987100005], [-77.13237636099996, 38.87167759000005], [-77.13238236199999, 38.871687106000024], [-77.13238819299994, 38.87169631900008], [-77.13239332399996, 38.87170541300003], [-77.13239776299997, 38.87171395000007], [-77.13240256999995, 38.871723452000026], [-77.132405453, 38.87173252000008], [-77.13240899599998, 38.87174200800007], [-77.13241221199996, 38.871752041000036], [-77.13241488399996, 38.87176113400005], [-77.13241723299996, 38.87177058100008], [-77.13241924299996, 38.871779391000075], [-77.13242122399998, 38.87178790000007], [-77.13242442499995, 38.87179875600003], [-77.13242677099998, 38.87180836700003], [-77.13243032399998, 38.871817306000025], [-77.13243370299995, 38.87182613300007], [-77.13243779299995, 38.87183642300005], [-77.13244118899996, 38.871844399000054], [-77.13244600099995, 38.871853627000064], [-77.13245078299997, 38.87186258000003], [-77.13245487699999, 38.87187083800006], [-77.13246072999993, 38.871880737000026], [-77.13246482299996, 38.87188899500006], [-77.13246803799996, 38.87189727100008], [-77.13247163899996, 38.871905523000066], [-77.13247518699995, 38.871914737000054], [-77.13247751699998, 38.87192335900005], [-77.13248004799993, 38.87193245000003], [-77.13248064399994, 38.87194176600008], [-77.13248088699999, 38.87195110600004], [-77.13248231999995, 38.87196070600004], [-77.13248391199994, 38.871971160000044], [-77.13248635699995, 38.871979262000025], [-77.13248951599996, 38.87198860700005], [-77.13249378399996, 38.87199879000008], [-77.13249822499995, 38.87200721700003], [-77.13250316499995, 38.872017078000056], [-77.13250623699997, 38.872025489000066], [-77.13251098599994, 38.872036199000036], [-77.13251441699998, 38.87204414800004], [-77.13251936999995, 38.87205340500003], [-77.13252572499994, 38.87206278800005], [-77.13253348499995, 38.87207216000007], [-77.13253969599998, 38.87207989400008], [-77.13254732199994, 38.87208706700005], [-77.13255599199994, 38.87209483000004], [-77.13256412799996, 38.87210104800005], [-77.13257231499995, 38.87210647100005], [-77.13258236999997, 38.87211339800007], [-77.13259107499994, 38.872121134000054], [-77.13259899099995, 38.87212971100007], [-77.13260640999994, 38.87213853000003], [-77.13261348099996, 38.87214723500006], [-77.13262020599996, 38.87215563400008], [-77.13262624599997, 38.87216309100006], [-77.13263315699999, 38.87217094300007], [-77.13263971699996, 38.872178818000066], [-77.13264502199996, 38.872186129000056], [-77.13265074899994, 38.87219344500005], [-77.13265692099998, 38.872203211000055], [-77.13266170599996, 38.87221202600006], [-77.13266652899995, 38.872220705000075], [-77.13267041499995, 38.87223060900004], [-77.13267472499996, 38.87224038000005], [-77.13267825699995, 38.87224863200004], [-77.13268255599996, 38.87225895200004], [-77.13268605899998, 38.87226871400003], [-77.13268946899996, 38.872277788000076], [-77.13269320299997, 38.87228645400006], [-77.13269710999998, 38.872295260000044], [-77.13270156499993, 38.872302973000046], [-77.13270743599998, 38.87231193800005], [-77.13271431799996, 38.87232130000007], [-77.13272513899994, 38.87233784800003], [-77.13272940799999, 38.87234608000006], [-77.13273386899994, 38.87235530400005], [-77.13273848899996, 38.87236356900007], [-77.13274789999997, 38.872380347000046], [-77.13275163099996, 38.87238917800005], [-77.13275488399995, 38.87239728900005], [-77.13275755899997, 38.87240621700005], [-77.13276026599993, 38.872415311000054], [-77.13276294299999, 38.87242602400005], [-77.13276544599995, 38.872436598000036], [-77.13276792999994, 38.87244634800004], [-77.13276924599995, 38.872454711000046], [-77.13276985099998, 38.87246350600003], [-77.13277112999998, 38.872472006000066], [-77.13277417499995, 38.872481762000064], [-77.13277755299998, 38.872490699000025], [-77.13278251099996, 38.87249965400008], [-77.13278680199994, 38.87250860100005], [-77.13279072999995, 38.87251630800006], [-77.13279483099996, 38.872524155000065], [-77.13279856999998, 38.87253254600006], [-77.13280303399995, 38.872541633000026], [-77.13280835399996, 38.87255004200006], [-77.13281387099994, 38.872557329000074], [-77.13282080999994, 38.87256369800008], [-77.13282767299995, 38.87257039600007], [-77.13283135199998, 38.87257458500005], [-77.13283730499995, 38.87258478800004], [-77.13284412499996, 38.87259557700003], [-77.13285009099997, 38.87260509200007], [-77.13285514299997, 38.87261649200008], [-77.13286108999995, 38.87262702400005], [-77.13286875199998, 38.87263971800007], [-77.13287469499994, 38.872650441000076], [-77.13288479299996, 38.872673543000076], [-77.13288984099995, 38.87268519100007], [-77.13289401999998, 38.87269630600008], [-77.13290502699994, 38.87271779800005], [-77.13291603899995, 38.87273904400007], [-77.13292283899995, 38.872750876000055], [-77.13292967999996, 38.87276056700006], [-77.13293825899996, 38.87277121100004], [-77.13294597499998, 38.87278110400007], [-77.13295456899993, 38.87279098000005], [-77.13296228499996, 38.872800846000075], [-77.13296913399995, 38.87281012500006], [-77.13297769099995, 38.87282005600008], [-77.13298457799993, 38.872829170000045], [-77.13299228299996, 38.87283964000005], [-77.13299913299994, 38.87284883700005], [-77.13300859899994, 38.87285905200008], [-77.13301544799998, 38.87286833100006], [-77.13302314799995, 38.872877181000035], [-77.13303179499997, 38.87288609600006], [-77.13304128999994, 38.872894802000076], [-77.13305077899997, 38.87290375500004], [-77.13306115399996, 38.87291236100003], [-77.13306975599994, 38.87292182500005], [-77.13307835999996, 38.872931179000034], [-77.13308782199994, 38.87294158700007], [-77.13309555899997, 38.87295035500006], [-77.133104141, 38.87296083500007], [-77.13311187299996, 38.87296984900007], [-77.13311872099996, 38.87297921100003], [-77.13312642699998, 38.87298959800006], [-77.13313414599997, 38.87299929900007], [-77.13314184999996, 38.87300976900008], [-77.13315041899995, 38.873020935000056], [-77.13315726899998, 38.87303018700004], [-77.13317355599997, 38.87305113600007], [-77.13318299299993, 38.87306283500004], [-77.13319244999997, 38.87307351700008], [-77.13320105899999, 38.87308262400006], [-77.13321645799994, 38.87310408500008], [-77.13322236799996, 38.873116511000035], [-77.13322742099996, 38.87312788400004], [-77.13323248699999, 38.87313854200005], [-77.13324610799998, 38.87316113600008], [-77.13325292299999, 38.873172200000056], [-77.13325976199997, 38.873182], [-77.13326745899997, 38.87319288200007], [-77.13327426599994, 38.873204385000065], [-77.13327931499998, 38.87321594900004], [-77.13328262899995, 38.873226368000076], [-77.13328591599998, 38.87323824200007], [-77.13328922099998, 38.873250994000045], [-77.13329159299997, 38.873262940000075], [-77.13329114399994, 38.87328652300005], [-77.13329001999995, 38.87329938900007], [-77.13328979299996, 38.873311304000026], [-77.13329046199993, 38.873322296000026], [-77.13329286999993, 38.87333418700007], [-77.13329702899995, 38.87334637300006], [-77.13329857099995, 38.87335767700006], [-77.13330009699996, 38.87336977800004], [-77.13330164499996, 38.87338069800006], [-77.13330227499995, 38.87339374900006], [-77.13330293499996, 38.87340518000008], [-77.13330445499997, 38.87341574200008], [-77.13330515399997, 38.87342700900007], [-77.13330582599997, 38.87343780900005], [-77.13330473899998, 38.873448781000036], [-77.13330451999997, 38.87346028400003], [-77.13330255699998, 38.87347116300003], [-77.13330058799994, 38.87348228900004], [-77.13329860499994, 38.873494211000036], [-77.13329660399995, 38.87350517200008], [-77.13329376199994, 38.87351790800005], [-77.13328983599996, 38.87354147800005], [-77.13328695599995, 38.87355251200006], [-77.13328411299995, 38.87356346300004], [-77.13328039099997, 38.87357440300008], [-77.13327490399996, 38.873585846000026], [-77.13326857099997, 38.873595575000024], [-77.13325959099996, 38.873605988000065], [-77.13325063499997, 38.87361508300006], [-77.13323994799998, 38.87362292200004], [-77.13322663699995, 38.87363015400007], [-77.13321511499998, 38.87363567700004], [-77.13320272599998, 38.87364061300008], [-77.13318944599996, 38.873646198000074], [-77.13317439899998, 38.873652366000044], [-77.13316201099997, 38.87365721900005], [-77.13314964099999, 38.87366119500007], [-77.13313726699994, 38.873665334000066], [-77.13312402799994, 38.87366877800008], [-77.13310990699995, 38.87367240300006], [-77.13309663799998, 38.87367746600006], [-77.13308161299994, 38.87368245300007], [-77.13305602299994, 38.87368882800007], [-77.13302692899998, 38.87369477800007], [-77.13301987199998, 38.87369639900004], [-77.13301363999994, 38.87369899000004], [-77.13300036999993, 38.873705948000065], [-77.13298884199997, 38.87371174500004], [-77.13297817199998, 38.87371865000006], [-77.13296832599997, 38.87372839400007], [-77.13296112199998, 38.87373775700007], [-77.13295395099993, 38.87374720200006], [-77.13294759499996, 38.87375819500005], [-77.13294208199994, 38.87376911500007], [-77.13293924799996, 38.873779572000046], [-77.13293728999997, 38.87379017600006], [-77.13293619399997, 38.87380158700006], [-77.13293596999995, 38.87381333700006], [-77.13293663599995, 38.873824494000075], [-77.13293992399997, 38.87383628500004], [-77.13294322199994, 38.87384758200005], [-77.13294830399997, 38.87385741800006], [-77.13295602999995, 38.873866762000034], [-77.13296111499994, 38.87387643200003], [-77.13296619299996, 38.87388645900006], [-77.13297300299996, 38.87389777000004], [-77.13297631599994, 38.87390827100006], [-77.13298050999998, 38.87391861700007], [-77.13298380599997, 38.87392999700006], [-77.13298356799999, 38.87394248900006], [-77.13298421699994, 38.873954551000054], [-77.13298486899998, 38.873966394000036], [-77.13298374599998, 38.873979260000056], [-77.13298329699995, 38.874002844000074], [-77.13298395899994, 38.87401419300005], [-77.13298637099996, 38.87402589100003], [-77.13298792299997, 38.87403661900004], [-77.13299035099999, 38.874047467000025], [-77.13299276099997, 38.87405924800004], [-77.13299434299995, 38.874070250000045], [-77.13299758899996, 38.87408239800004], [-77.13300177699995, 38.87409304700003], [-77.13300685699994, 38.874103019000074], [-77.13301366099995, 38.87411465900004], [-77.13302309299996, 38.87412663200007], [-77.13303166799994, 38.87413752400005], [-77.13303941399994, 38.87414766400008], [-77.13304972499998, 38.87415775300008], [-77.13305831899999, 38.874167629000056], [-77.13306778999998, 38.87417759700003], [-77.13307550399998, 38.87418757300003], [-77.13308323499996, 38.87419667000006], [-77.13309007099997, 38.874206608000065], [-77.13309685399997, 38.874217506000036], [-77.13310373899998, 38.87422675800008], [-77.13311143999994, 38.87423742000004], [-77.13311825299996, 38.87424856600006], [-77.13312509399998, 38.874258256000076], [-77.13313278799995, 38.87426930300006], [-77.13313962899997, 38.87427902100006], [-77.13314558999997, 38.87428878400004], [-77.13315155299995, 38.87429846500004], [-77.13315925799998, 38.874308934000055], [-77.13316607599995, 38.87431983300007], [-77.13317377399994, 38.87433063200007], [-77.13318057999999, 38.87434221700005], [-77.13318735899998, 38.87435328000004], [-77.13319509399997, 38.874364025000034], [-77.13320453799997, 38.87437536600004], [-77.13321225799996, 38.87438506700005], [-77.13322089699994, 38.87439442200008], [-77.13322946399995, 38.87440388600004], [-77.13323803499998, 38.87441497000003], [-77.13324574399996, 38.87442519200005], [-77.13325432799996, 38.874435590000076], [-77.13326292099998, 38.87444554800004], [-77.13326974799998, 38.87445600800004], [-77.13327659199996, 38.87446553400008], [-77.13328422699993, 38.874477788000036], [-77.13329109299997, 38.87448802800003], [-77.13329793799994, 38.874497527000074], [-77.13330387999997, 38.87450833300005], [-77.13330892599998, 38.874520062000045], [-77.13331311399998, 38.87453073800003], [-77.13331819399997, 38.87454068300008], [-77.13332323099996, 38.87455101200004], [-77.13332743399997, 38.87456275900007], [-77.13332893499995, 38.87457431000007], [-77.13333225899999, 38.874586074000035], [-77.13333729199996, 38.87459849000004], [-77.13334148999996, 38.874608644000034], [-77.13334829199994, 38.87462039400003], [-77.13335247099997, 38.87463153700003], [-77.13335663899994, 38.87464325600007], [-77.13335995499995, 38.87465359200007], [-77.13336326299998, 38.87466434000004], [-77.13336741999996, 38.87467476900008], [-77.13337252599996, 38.87468520800007], [-77.13337757199997, 38.874696938000056], [-77.13338264399994, 38.874707294000075], [-77.13338771099995, 38.87471792600007], [-77.13339276799996, 38.87472905100003], [-77.13339957899996, 38.87474036200007], [-77.13340551099998, 38.87475168900005], [-77.13341145299995, 38.87476246800003], [-77.13341740499999, 38.87477275300006], [-77.13342422799997, 38.87478340400003], [-77.13343018799998, 38.87479325000004], [-77.13343613599994, 38.87480369900004], [-77.13344210299994, 38.874813215000074], [-77.13344892799995, 38.87482375700006], [-77.13345575099999, 38.87483438100003], [-77.13346344299998, 38.874843670000075], [-77.13347378699996, 38.874855790000026], [-77.13348063899997, 38.87486487700005], [-77.13348924999997, 38.87487390200005], [-77.13349701199996, 38.87488319100004], [-77.13350555999995, 38.87489367100005], [-77.13351329699998, 38.87490241100005], [-77.13352102999994, 38.87491142600004], [-77.13352963499995, 38.87492072500004], [-77.13353638299998, 38.87492791600005], [-77.13359441299997, 38.87503329800006], [-77.13363984399996, 38.87511585100003], [-77.13364090199997, 38.87511929600004], [-77.13364415199999, 38.87513127900007], [-77.13364661199995, 38.87514229200008], [-77.13365078499999, 38.87515373600007], [-77.13365583799998, 38.87516513600008], [-77.13366179099995, 38.87517531100008], [-77.13366775499998, 38.87518499200007], [-77.13367370299994, 38.87519546800007], [-77.13367966799996, 38.875205039000036], [-77.13368740399994, 38.875213889000065], [-77.13369507499993, 38.87522427600004], [-77.13370106199994, 38.87523456100007], [-77.13370697799996, 38.87524674000008], [-77.13371380499996, 38.87525719900003], [-77.13372245999994, 38.875265703000025], [-77.13373100599995, 38.875276265000025], [-77.13373960499996, 38.87528589300007], [-77.13374643499998, 38.87529618800005], [-77.13375239399994, 38.87530611600005], [-77.13376012099997, 38.87531540500004], [-77.13376872399994, 38.875324842000055], [-77.13377819699997, 38.875334673000054], [-77.13378413299995, 38.87534580800008], [-77.13378741299994, 38.87535801200005], [-77.13379072699996, 38.875368458000025], [-77.13379580199995, 38.87537870500006], [-77.13380176699997, 38.87538830300008], [-77.13380860599995, 38.87539807600007], [-77.13381718399995, 38.875408830000026], [-77.13382579799998, 38.87541769000006], [-77.13383704199998, 38.87542674600007], [-77.13384566099995, 38.87543533100006], [-77.13385691099995, 38.87544414000007], [-77.13386817699995, 38.87545207000005], [-77.13388030799996, 38.87546069600006], [-77.13389068199996, 38.875469329000055], [-77.13390108699997, 38.875476398000046], [-77.13391235399996, 38.87548424500005], [-77.13392271499998, 38.87549175300006], [-77.13393137999998, 38.87549976200006], [-77.13394172399995, 38.87550998800003], [-77.13394857099996, 38.87551943200003], [-77.13395633699997, 38.875528529000064], [-77.13396401599994, 38.87553847700008], [-77.13397167999995, 38.875551115000064], [-77.13397853299995, 38.87556020200003], [-77.13398625599996, 38.875569711000026], [-77.13399222399994, 38.87557914400003], [-77.13399906899997, 38.87558867000007], [-77.13400588399998, 38.87559973400005], [-77.13401354099994, 38.87561088900003], [-77.13401864299993, 38.87562149300004], [-77.13402368899995, 38.87563322300008], [-77.13402876599997, 38.87564333200004], [-77.13403556499998, 38.875655247000054], [-77.13404147299997, 38.87566783800003], [-77.13404563599994, 38.87567983100007], [-77.13405069399994, 38.875690957000074], [-77.13405486699997, 38.87570242900006], [-77.13405639299998, 38.87571452900005], [-77.13405706799995, 38.87572519200006], [-77.13405768399997, 38.87573714400003], [-77.13405923199997, 38.875749959000075], [-77.13406163299999, 38.875762234000035], [-77.13406229799995, 38.87577339100005], [-77.13406384399997, 38.875784475000046], [-77.13406539299996, 38.87579539500007], [-77.13406780099996, 38.875807259000055], [-77.13406934499994, 38.87581845300008], [-77.13407348599998, 38.875831600000026], [-77.13407679799997, 38.875842128000045], [-77.13408010999996, 38.87585271100005], [-77.13408342699995, 38.875862993000055], [-77.13408846499993, 38.87587513400007], [-77.13409440299995, 38.87588618700005], [-77.13409948299994, 38.87589610500004], [-77.13410713999997, 38.875907260000076], [-77.13411577299996, 38.87591697200003], [-77.13412350899995, 38.87592579400007], [-77.13413297399995, 38.875936065000076], [-77.13414420299995, 38.87594597100008], [-77.13415458099996, 38.875954412000056], [-77.13416231199994, 38.87596350900003], [-77.13417088799997, 38.875974374000066], [-77.13417774099997, 38.875983433000044], [-77.13418456999995, 38.87599381000007], [-77.13419053799998, 38.87600321600007], [-77.13419737999999, 38.876012907000074], [-77.13420509699995, 38.87602271700007], [-77.13421370799995, 38.876031742000066], [-77.13422232999994, 38.87604016300003], [-77.13423268099996, 38.87605005900008], [-77.13424306199994, 38.87605833600003], [-77.13425343899996, 38.87606685900005], [-77.13426471299994, 38.876074377000066], [-77.13427511099997, 38.876081775000046], [-77.13428813599995, 38.87608958800007], [-77.13430116299998, 38.876097291000065], [-77.13431246599998, 38.87610332700007], [-77.13432379299996, 38.87610991200006], [-77.13433768199997, 38.876116581000076], [-77.13434985899994, 38.876122819000045], [-77.13436381499997, 38.87612787000006], [-77.13437689699998, 38.87613266200003], [-77.13438911999998, 38.87613648400003], [-77.13440397299996, 38.876140529000054], [-77.13441882499995, 38.876144656000065], [-77.13443539199994, 38.876150917000075], [-77.13444844899993, 38.87615708300007], [-77.13446063999999, 38.87616255200004], [-77.13447633799996, 38.87616839200007], [-77.13448942499997, 38.876172937000035], [-77.13450512399999, 38.87617869400003], [-77.13451908299999, 38.87618358000003], [-77.13453305999997, 38.87618750400003], [-77.13454702999996, 38.87619178600005], [-77.13456013599995, 38.87619537100005], [-77.13458817099996, 38.87619896500007], [-77.13460218099993, 38.87620118700005], [-77.13461620499999, 38.876202668000076], [-77.13462935799998, 38.876203727000075], [-77.13464339999996, 38.87620424800008], [-77.13465832199995, 38.87620466800007], [-77.13467411299996, 38.876205621000054], [-77.13468987399995, 38.87620811100004], [-77.13470474199994, 38.87621138700007], [-77.13471868499994, 38.876215228000035], [-77.13473269099995, 38.876219510000055], [-77.13474579299998, 38.87622328700007], [-77.13475886199996, 38.87622695400006], [-77.13477109799999, 38.87623190200003], [-77.13478151699996, 38.876238202000025], [-77.13479283599997, 38.87624519900004], [-77.13480320599996, 38.87625226700004], [-77.13481448199997, 38.87625967500003], [-77.13482926399996, 38.87626748100007], [-77.13484228599998, 38.876275458000066], [-77.13485354499994, 38.87628374500008], [-77.13486481999996, 38.87629126300004], [-77.13487608599996, 38.87629919200003], [-77.13488911599995, 38.87630673100006], [-77.13490212999994, 38.87631514800006], [-77.13491429199996, 38.87632212700004], [-77.13492381299994, 38.876329514000076], [-77.13493509799997, 38.87633642800006], [-77.13494633699997, 38.876345841000045], [-77.13495756999998, 38.876355500000045], [-77.13496704899995, 38.876365029000056], [-77.13497741299994, 38.87637426600003], [-77.134989508, 38.87638478700006], [-77.13500075299999, 38.87639387000007], [-77.13501112499995, 38.87640261300004], [-77.13502321199996, 38.876413573000036], [-77.13503355899996, 38.87642366100005], [-77.13504393499994, 38.87643226700004], [-77.13505342299999, 38.876441302000046], [-77.13506379399996, 38.87645018200004], [-77.13507326599995, 38.87646006800003], [-77.13508363999995, 38.876468757000055], [-77.13509402199998, 38.87647703300007], [-77.13510263999996, 38.87648564600005], [-77.13511388099994, 38.87649494800007], [-77.13512339699997, 38.87650252800006], [-77.13513376599997, 38.87651149100003], [-77.13514326599994, 38.87651992200006], [-77.13515364899996, 38.87652811600003], [-77.13516224699998, 38.87653782700005], [-77.13517084699998, 38.87654742800004], [-77.13517858099993, 38.87655636100004], [-77.13518628299994, 38.876567022000074], [-77.13519401399998, 38.87657611900005], [-77.13520258199998, 38.87658736800006], [-77.13521032199998, 38.87659605300007], [-77.13521891199997, 38.87660617600005], [-77.13522575599995, 38.87661570200004], [-77.13523348399997, 38.87662496300004], [-77.13523943799999, 38.87663516500004], [-77.13524628099998, 38.876644774000056], [-77.13525399099996, 38.87665499600007], [-77.13528307699994, 38.87669575600006], [-77.13528903099996, 38.87670593100006], [-77.13529674099993, 38.876716153000075], [-77.13530269999995, 38.87672608100007], [-77.13530954599997, 38.876735524000026], [-77.13531726999997, 38.87674500500003], [-77.13532589299996, 38.87675339900005], [-77.13533449599998, 38.87676283500008], [-77.13534395699998, 38.87677335300003], [-77.13535943799997, 38.87679239800008], [-77.13536797699999, 38.87680339900004], [-77.13537656399996, 38.87681363200005], [-77.13538604699994, 38.876822996000044], [-77.13539378999997, 38.87683148900004], [-77.13540238599995, 38.87684131000003], [-77.13541093899994, 38.876851515000055], [-77.13541956099994, 38.87686183000005], [-77.13542906399994, 38.87687009600006], [-77.13543768499994, 38.876878599000065], [-77.13544717699995, 38.87688746900005], [-77.13545662199994, 38.876896971000065], [-77.13546526199997, 38.87690629800005], [-77.13547299199996, 38.87691547700007], [-77.13548071799994, 38.876924848000044], [-77.13549105899995, 38.87693526600003], [-77.13549966199997, 38.87694473000005], [-77.13550737699995, 38.87695467800006], [-77.13551598799995, 38.87696370300006], [-77.13552283599995, 38.87697303700003], [-77.13553144399998, 38.87698225300005], [-77.13554268299998, 38.87699163800005], [-77.13555130999998, 38.876999812000065], [-77.13555991599998, 38.877009084000065], [-77.13556852899995, 38.87701802600003], [-77.13557798199997, 38.87702895500007], [-77.13558394699999, 38.877038553000034], [-77.13559076299998, 38.87704961700007], [-77.13559581699997, 38.87706093400004], [-77.13560084099998, 38.87707384400005], [-77.13560324899998, 38.877085762000036], [-77.13560568299994, 38.877096308000034], [-77.13560811199994, 38.877107128000034], [-77.13560962799994, 38.877119777000075], [-77.13561203899997, 38.87713155900008], [-77.13561358599998, 38.87714256100003], [-77.13561600999998, 38.87715365500003], [-77.13561841799998, 38.87716560100006], [-77.13562082199996, 38.87717773900005], [-77.13562322399997, 38.87718996000007], [-77.13562478399996, 38.877202143000034], [-77.13562542199998, 38.87721296900003], [-77.13562609499996, 38.877223714000024], [-77.13562585299996, 38.87723648100007], [-77.13562476099997, 38.877247727000054], [-77.13561908099996, 38.877269272000035], [-77.13561534999997, 38.877280735000056], [-77.13561251199997, 38.87729143900003], [-77.13560878099997, 38.877302901000064], [-77.13560504699996, 38.87731450100006], [-77.13560131599996, 38.87732596400008], [-77.13559581799996, 38.87733798200003], [-77.13559123299996, 38.87734817200004], [-77.13558575799993, 38.87735901000008], [-77.13558203799994, 38.87736986900006], [-77.13557832499998, 38.877380370000026], [-77.13557465299994, 38.87739062500003], [-77.13557086199995, 38.877403378000054], [-77.13556715199996, 38.877413715000046], [-77.13556167199994, 38.87742480000003], [-77.13555795799994, 38.87743538400008], [-77.13555334499995, 38.877447001000064], [-77.13555049399997, 38.87745839200005], [-77.13554853699998, 38.877468914000076], [-77.13554655699994, 38.87748067100006], [-77.13554454399997, 38.877492318000066], [-77.13554261799999, 38.877503088000026], [-77.13554239399997, 38.87751483900007], [-77.13554305399998, 38.877526352000075], [-77.13554460699999, 38.87753702500004], [-77.13554700999998, 38.87754921800007], [-77.13554944199996, 38.87755990100004], [-77.13555099199993, 38.87757073800003], [-77.13555341499995, 38.877581915000064], [-77.13555672499996, 38.877592581000044], [-77.13555912899994, 38.87760471900003], [-77.13556504099995, 38.87761711700006], [-77.13557015399994, 38.877627172000075], [-77.13557782799995, 38.877637449000076], [-77.13558377199996, 38.87764817300007], [-77.13558883199994, 38.87765921600004], [-77.13559478899998, 38.87766922600008], [-77.13559986999996, 38.87767917000008], [-77.13560493899996, 38.87768969200005], [-77.13561000699997, 38.87770029600006], [-77.13561592699995, 38.87771231000005], [-77.13562102999998, 38.87772291400006], [-77.13562606599999, 38.877733352000064], [-77.13563113299995, 38.87774398300007], [-77.13563620999997, 38.877754148000065], [-77.13564127399997, 38.877764944000035], [-77.13564545999998, 38.877775729000064], [-77.13565052299998, 38.87778658000008], [-77.13565383299994, 38.877797273000056], [-77.13565713799994, 38.87780821300004], [-77.13566132699998, 38.877818889000025], [-77.13566287899994, 38.87782964400003], [-77.13566441399996, 38.877841250000074], [-77.13566420299998, 38.87785239700003], [-77.13566311099999, 38.87786361600007], [-77.13566113299999, 38.87787526300008], [-77.13565825899997, 38.87788786200008], [-77.13565541399998, 38.877898895000044], [-77.13565083099996, 38.877908975000025], [-77.13564709999997, 38.87792041000006], [-77.13564513999995, 38.87793112400004], [-77.13564405299996, 38.87794209600003], [-77.13564472099995, 38.87795317000007], [-77.13564538699995, 38.87796435400003], [-77.13564606299997, 38.87797498900005], [-77.13564760999998, 38.87798599100006], [-77.13564913399995, 38.877998201000025], [-77.13565068999998, 38.87800876400007], [-77.13565311999997, 38.878019530000074], [-77.13565464999994, 38.87803146500005], [-77.13565708099998, 38.87804214800008], [-77.13565950399999, 38.87805332500005], [-77.13566369699998, 38.87806375400004], [-77.13566875599997, 38.87807479700007], [-77.13567647199994, 38.87808474500008], [-77.13568328799994, 38.87809580800007], [-77.13569095799994, 38.87810809000007], [-77.13569600699998, 38.87811973700008], [-77.13570192299994, 38.87813191500004], [-77.13570698099994, 38.878143041000044], [-77.13571294199994, 38.878152886000066], [-77.13571889399998, 38.87816317000005], [-77.13572485299994, 38.87817309800005], [-77.13572992699994, 38.87818337200008], [-77.13573675799995, 38.87819366700006], [-77.13574360699994, 38.878203], [-77.13574955899998, 38.87821328500007], [-77.13575637099996, 38.878224540000076], [-77.13576313599998, 38.878236454000046], [-77.13577085199995, 38.87824821500004], [-77.13577769699998, 38.87825774100003], [-77.13578452799999, 38.87826800800008], [-77.13579047499996, 38.87827856700005], [-77.13579731499993, 38.87828834000004], [-77.13581450899994, 38.87830603200007], [-77.13582401199994, 38.878316193000046], [-77.13583174199994, 38.87832537200006], [-77.13584124399995, 38.87833372000006], [-77.13585159499996, 38.87834361700004], [-77.13586108599998, 38.87835256900007], [-77.13587058299998, 38.878361220000045], [-77.13588008399995, 38.878369623000026], [-77.13589133499994, 38.878378404000046], [-77.13589992399994, 38.878386714000044], [-77.13591124399994, 38.87839368300007], [-77.13592429899995, 38.87839998600003], [-77.13593650399997, 38.87840476900004], [-77.13594957899994, 38.87840997300003], [-77.13596179199999, 38.87841434400008], [-77.13597663899998, 38.878418718000034], [-77.13599148799995, 38.87842300900007], [-77.13600635399996, 38.878426422000075], [-77.13602036599997, 38.87842856200007], [-77.13603612999998, 38.878430887000036], [-77.13604928499996, 38.878431919000036], [-77.13606332899997, 38.87843232900008], [-77.13607735699998, 38.87843361800003], [-77.13609224099997, 38.878436097000076], [-77.13610888999995, 38.878438103000065], [-77.13612378599998, 38.87843989600003], [-77.13613774499998, 38.87844296900005], [-77.13615265699997, 38.87844580600006], [-77.13616665599994, 38.87844863200007], [-77.13617977499996, 38.87845153100005], [-77.13619462399998, 38.878455822000035], [-77.13620769599999, 38.87846121900003], [-77.13622340299997, 38.878466537000065], [-77.13623647599997, 38.878470039000035], [-77.13625230999997, 38.878470579000066], [-77.13626638699998, 38.87846926000003], [-77.13628043899996, 38.87846925800005], [-77.13629538599997, 38.87846841600003], [-77.13631122699996, 38.878468600000076], [-77.13632522199998, 38.87846977800007], [-77.13634189199996, 38.878470658000026], [-77.13636992299996, 38.878472714000054], [-77.13638487199995, 38.878473574000054], [-77.13639982099994, 38.87847262200006], [-77.13641475999998, 38.87847219100007], [-77.13643056999996, 38.878472128000055], [-77.13644635399999, 38.87847340900004], [-77.13646038199994, 38.87847469800005], [-77.13647350599996, 38.878477377000024], [-77.13648927599996, 38.87847940000006], [-77.13650240799996, 38.87848161200003], [-77.13651643999998, 38.87848268100004], [-77.13653130499995, 38.878486149000025], [-77.13654530199994, 38.878489057000024], [-77.13655929199996, 38.878492323000046], [-77.13657329799997, 38.878494792000026], [-77.13658641299997, 38.87849788200003], [-77.13660040599996, 38.878501038000024], [-77.13661438499997, 38.878503013000056], [-77.13662844399994, 38.87850454900007], [-77.13664420999999, 38.87850679200005], [-77.13665997499999, 38.87850908900003], [-77.13667487199996, 38.878510910000045], [-77.13668893099998, 38.87851236300003], [-77.13670291099999, 38.87851433800006], [-77.13671606899999, 38.878515177000054], [-77.13673010399998, 38.87851610900003], [-77.13674499399997, 38.87851825900003], [-77.13675813099997, 38.87852019700006], [-77.13677569099997, 38.878520483000045], [-77.13679500199999, 38.87852106400004], [-77.13680991999996, 38.87852175900008], [-77.13682483099996, 38.87852278300005], [-77.13684235699998, 38.87852488100003], [-77.13685813599994, 38.87852643800005], [-77.13687655899997, 38.87852750300004], [-77.13689500499999, 38.878527415000065], [-77.13691079199998, 38.87852858700006], [-77.13692656599994, 38.87853039000004], [-77.13694581299995, 38.878532508000035], [-77.13695985699997, 38.878534813000044], [-77.13697297699997, 38.87853762900005], [-77.13698700399993, 38.878539], [-77.13700013699997, 38.87854112900004], [-77.13701500899998, 38.878544213000055], [-77.13702900999994, 38.878546957000026], [-77.13704563499994, 38.878550225000026], [-77.13705873099997, 38.87855433100003], [-77.13707184199995, 38.87855764200003], [-77.13708405399996, 38.87856209500006], [-77.13709803299997, 38.878565937000076], [-77.13711289699995, 38.87856945900006], [-77.13712508799995, 38.87857311600004], [-77.13714261799998, 38.87857683400006], [-77.13715661999998, 38.878579495000054], [-77.13716975399996, 38.87858162500004], [-77.13718468499997, 38.87858160600007], [-77.13719872899998, 38.87858204400004], [-77.13721367199997, 38.87858136600005], [-77.13722949299995, 38.87858075300005], [-77.13724530499996, 38.87858060700006], [-77.13726113599995, 38.87857941800007], [-77.13727611899998, 38.87857668100003], [-77.13729197599997, 38.87857411900006], [-77.13730692099995, 38.87857338600003], [-77.13732274099993, 38.878572828000074], [-77.13733681299993, 38.87857178300004], [-77.13735354899995, 38.87856923100003], [-77.13736850999999, 38.87856762000007], [-77.13738347399999, 38.878565871000035], [-77.13739755299997, 38.87856444200003], [-77.13741164299995, 38.87856246300004], [-77.13742748799996, 38.87856058800003], [-77.13744067899995, 38.87855969700007], [-77.13745477699996, 38.87855728000005], [-77.13746799899997, 38.87855476900006], [-77.13748389599994, 38.878550148000045], [-77.13749977099997, 38.87854665300006], [-77.13751475599997, 38.87854380600004], [-77.13752975499995, 38.87854021800007], [-77.13754297899999, 38.87853754300005], [-77.13755973399998, 38.87853397500004], [-77.13757650299993, 38.878529694000065], [-77.13759237199997, 38.878526527000076], [-77.13760559399998, 38.878524017000075], [-77.13762234599994, 38.878520614000024], [-77.13763647599995, 38.87851649400005], [-77.13764974399999, 38.87851156800008], [-77.13766654499995, 38.87850558400004], [-77.13768070899994, 38.87849968000006], [-77.13769574799994, 38.87849400500005], [-77.13771083299997, 38.87848586000007], [-77.13772151499995, 38.87847835000008], [-77.13773304899996, 38.878472223000074], [-77.13774453999997, 38.87846650700004], [-77.13775609699996, 38.87846098400007], [-77.13776675799994, 38.87845457200007], [-77.13778090999995, 38.878449327000055], [-77.13779417399996, 38.87844459200005], [-77.13780742999995, 38.878440298000044], [-77.13782238599998, 38.87843893300004], [-77.13783731499996, 38.878439024000045], [-77.13785134499994, 38.878440203000025], [-77.13786444999994, 38.87844387000007], [-77.13787928299996, 38.87844901200003], [-77.13789235799999, 38.87845421700007], [-77.13790454199994, 38.87846012500006], [-77.13791671199994, 38.87846671900007], [-77.13793233799998, 38.87847640100006], [-77.13794270899996, 38.878483387000074], [-77.13795315199997, 38.87849029100005], [-77.13796353499998, 38.878498567000065], [-77.13797566499994, 38.87850730300005], [-77.13798694599996, 38.878514463000045], [-77.13800252899995, 38.87852639700003], [-77.13801026699997, 38.87853516400003], [-77.13801975499996, 38.878544281000075], [-77.13803185299997, 38.87855471900008], [-77.138042236, 38.87856291300005], [-77.13805435999996, 38.878571978000025], [-77.13806909399995, 38.87858233700007], [-77.13808124199994, 38.87859013900004], [-77.13809075999995, 38.87859766400004], [-77.13810026599998, 38.878605820000075], [-77.138109779, 38.87861361900008], [-77.13812012299996, 38.878622060000055], [-77.13813053899997, 38.87863041900005], [-77.13815307299996, 38.878646305000075], [-77.13816343599996, 38.878655597000034], [-77.13817382599996, 38.87866346100003], [-77.13818595799995, 38.87867208700004], [-77.13819985099997, 38.878680487000054], [-77.13821026599999, 38.87868706100005], [-77.13822329699997, 38.87869457100004], [-77.13823723499996, 38.87870058200008], [-77.13824944699996, 38.878705007000065], [-77.13826252099994, 38.87871029400003], [-77.13827736099995, 38.87871510700006], [-77.13829218099994, 38.87872093500005], [-77.13830791599997, 38.87872482500006], [-77.13832191299997, 38.87872773300006], [-77.13833764899994, 38.87873159600008], [-77.13835162999999, 38.87873535500006], [-77.13836649499996, 38.87873879500006], [-77.13838048399998, 38.87874214300007], [-77.13839449299996, 38.87874444700003], [-77.13840933199998, 38.87874744700008], [-77.13842423499995, 38.87875072300005], [-77.13844350799997, 38.87875514800004], [-77.13846183999993, 38.87875920500005], [-77.13847495399995, 38.87876237800003], [-77.13848985999994, 38.87876554400003], [-77.13850643899997, 38.87876941600007], [-77.13852044399994, 38.87877191200005], [-77.13853533199995, 38.87877414400003], [-77.13855195999997, 38.87877724800006], [-77.13856857699994, 38.87878095600007], [-77.13858518099994, 38.87878537700004], [-77.13860180299997, 38.87878881000006], [-77.13861578599995, 38.878792487000055], [-77.13865769899996, 38.878805330000034], [-77.13867340399997, 38.87881083900004], [-77.13868559599996, 38.87881630800007], [-77.13870213799999, 38.87882396900005], [-77.13871431899997, 38.87883001400007], [-77.13872740999994, 38.87883626200005], [-77.13874304799998, 38.87884339100003], [-77.13875611599997, 38.87884903400004], [-77.13876746199998, 38.87885465800008], [-77.13878308699998, 38.87886247300003], [-77.13879699799998, 38.878869939000026], [-77.13881178499997, 38.878877497000076], [-77.13882483199995, 38.87888423900006], [-77.13883960199996, 38.87889267600008], [-77.13885090599996, 38.87889871100003], [-77.13886395699996, 38.87890520500008], [-77.13887698799994, 38.87891274300006], [-77.13889092999995, 38.878918562000024], [-77.13890573499998, 38.87892518600006], [-77.13891789599995, 38.87893046200003], [-77.13893012999995, 38.87893557500007], [-77.13894407099997, 38.87894142000005], [-77.13895625399994, 38.878947383000025], [-77.13896666299996, 38.878954287000056], [-77.13897794599995, 38.878961365000066], [-77.13898923899995, 38.878967921000026], [-77.13900053999998, 38.87897406600007], [-77.13901268199999, 38.878982198000074], [-77.13902483899994, 38.87898953300004], [-77.13903435099996, 38.87899738700003], [-77.13904733699997, 38.879007314000035], [-77.13905862999997, 38.87901387000005], [-77.13907080799999, 38.87902010800008], [-77.13908472699995, 38.87902713400007], [-77.13909865199997, 38.87903383100007], [-77.13911170699998, 38.879040134000036], [-77.13912476299998, 38.87904638100008], [-77.13913606599993, 38.879052416000036], [-77.13914912899997, 38.87905825200005], [-77.13916218199995, 38.879064664000055], [-77.13917259799996, 38.87907115500008], [-77.13918474999997, 38.87907876600008], [-77.13919604999995, 38.87908496500006], [-77.13920735599999, 38.879090863000044], [-77.13922214999997, 38.87909806400006], [-77.13923523699998, 38.87910269200006], [-77.13925094899997, 38.87910776200005], [-77.13926491299998, 38.87911245500004], [-77.13927884699996, 38.879118712000036], [-77.13929105199998, 38.879123495000044], [-77.13930499399999, 38.87912931300008], [-77.13931716699994, 38.87913579700006], [-77.13932932899996, 38.87914288600007], [-77.13934151399997, 38.87914871100003], [-77.13935543699995, 38.87915554500006], [-77.13937110099994, 38.879163196000036], [-77.13938678399995, 38.87916983100007], [-77.13940158899999, 38.879176511000026], [-77.13941289399997, 38.87918240800008], [-77.13942682699997, 38.87918874800005], [-77.13944249399998, 38.879196207000064], [-77.13945731299998, 38.87920214500008], [-77.13947386499996, 38.87920928400007], [-77.13948868499995, 38.87921511300004], [-77.13950175899998, 38.879220399000076], [-77.13951570099994, 38.87922624500004], [-77.13953137399994, 38.87923337400008], [-77.13954356299996, 38.87923906300006], [-77.13955660999994, 38.87924574900006], [-77.13957049999993, 38.879254341000035], [-77.13958440399995, 38.87926213600008], [-77.13960006399998, 38.87927003300007], [-77.13961222799998, 38.87927695700006], [-77.13962700699994, 38.87928500900006], [-77.13963742299995, 38.87929150100007], [-77.13965044499997, 38.87929953300005], [-77.13966257699997, 38.87930818600006], [-77.13967296599998, 38.87931610500004], [-77.13968685299994, 38.879324834000045], [-77.13970074099996, 38.87933350700007], [-77.13971381899995, 38.87934044100007], [-77.13971551299994, 38.879341916000044], [-77.13944165099997, 38.879553814000076], [-77.13920610099996, 38.879775738000035], [-77.13905487099998, 38.87997700100004], [-77.13746823799994, 38.87959486300008], [-77.13632478599999, 38.87937813700006], [-77.13495359399997, 38.879315991000055], [-77.13153338899997, 38.87937795500005], [-77.13155018699996, 38.879738761000056], [-77.13154360699997, 38.87994378600007], [-77.13155557299996, 38.880062363000036], [-77.13163713499995, 38.88028604500005], [-77.13171670099996, 38.880406150000056], [-77.13181521199994, 38.88052771200006], [-77.13205602099998, 38.88081813700006], [-77.13225599199995, 38.88106884600006], [-77.13238209999997, 38.88125402500003], [-77.13245363699997, 38.881393725000066], [-77.13254196199995, 38.88164434200007], [-77.13260841199997, 38.881787333000034], [-77.13283865199998, 38.88217003800003], [-77.13302683799998, 38.88243293800008], [-77.13318121999998, 38.88272760000007], [-77.13366586999996, 38.88355839700006], [-77.13374346099994, 38.883695888000034], [-77.13287208299994, 38.88386717800006], [-77.13154237699996, 38.88415285100007], [-77.12978459099998, 38.884515649000036], [-77.12859354199998, 38.88478071800006], [-77.12798881799995, 38.884892586000035], [-77.12673692399994, 38.88512169400008], [-77.12623729199998, 38.884664127000065], [-77.12461792699997, 38.88357185600006], [-77.12413602299995, 38.88330498000005], [-77.12360127999995, 38.88290276200007], [-77.12293980799996, 38.88254678200008], [-77.12254404899994, 38.88227517000007], [-77.12226749599995, 38.88198172400007], [-77.12216534399994, 38.88188768200007], [-77.12172876499994, 38.88219596600004], [-77.12114166699996, 38.88260694000007], [-77.12062792299997, 38.88306523600005], [-77.11994640999995, 38.883753682000076], [-77.11970212199998, 38.884099038000045], [-77.11925904199995, 38.88474387400004], [-77.11884764699994, 38.88528459400004], [-77.11878392299997, 38.88536622600003], [-77.11717275899997, 38.88541742800004], [-77.11644842199996, 38.883528295000076], [-77.11613822599998, 38.88282346400007], [-77.11576137999998, 38.88190420400008]]]]}}, {"type": "Feature", "properties": {"OBJECTID": 11, "CIVIC": "Madison Manor", "COLOR": 3, "LABEL": "Madison Manor", "GIS_ID": 19, "Pdf": "Madison_Manor", "SHAPE_Length": 0.03257298777681194, "SHAPE_Area": 6.315926491089412e-05}, "geometry": {"type": "MultiPolygon", "coordinates": [[[[-77.15381260999999, 38.88497362800007], [-77.15142890299995, 38.88419796100004], [-77.15142512099999, 38.88420107500008], [-77.14815376299998, 38.88309287000004], [-77.14611439899994, 38.88239031200004], [-77.14607046599997, 38.88207843200007], [-77.14594764999998, 38.88155864700008], [-77.14585600199996, 38.881142856000054], [-77.14579461299996, 38.88088295000006], [-77.14581457999998, 38.88070175000007], [-77.14590089699993, 38.88052131400008], [-77.14600330299999, 38.88036695900007], [-77.14607255099997, 38.880212250000056], [-77.14612518499996, 38.88005734800004], [-77.14612787499993, 38.879914805000055], [-77.14606477399997, 38.879745608000064], [-77.14595263699994, 38.87953696200003], [-77.14572522099996, 38.87928810300008], [-77.14561479699995, 38.87898877400005], [-77.14556359099998, 38.87866599100005], [-77.14554441499996, 38.87832699100005], [-77.14554857299999, 38.87810672400008], [-77.14550421899997, 38.87782111900003], [-77.14544133199996, 38.87763893500005], [-77.14546524699995, 38.877250427000035], [-77.14563759399994, 38.87690251400005], [-77.14579168499995, 38.876645093000036], [-77.14599617199997, 38.876349368000035], [-77.14621831699998, 38.87600202900006], [-77.14638943499995, 38.87571888000008], [-77.14652593099999, 38.875513100000035], [-77.14667854999993, 38.875333400000045], [-77.14694863999995, 38.875077341000065], [-77.14710293199994, 38.87480693100008], [-77.14715751399996, 38.87454838900004], [-77.14713514299996, 38.87397788800007], [-77.14712247499995, 38.87377036100003], [-77.14712562799997, 38.87360313600004], [-77.14714481399994, 38.873617747000026], [-77.14726251699994, 38.87370972200006], [-77.14919404899996, 38.87523129400006], [-77.14925633699994, 38.87528143900005], [-77.14946406999996, 38.87544312600005], [-77.14966493599997, 38.87559644100003], [-77.14992106699998, 38.87579984700005], [-77.15011150099997, 38.875947576000044], [-77.15029843899998, 38.876092518000064], [-77.15035723399996, 38.87613987700007], [-77.15060312599996, 38.87632943300008], [-77.15066546799994, 38.87637683200006], [-77.15093549899996, 38.87658863300004], [-77.15112237299996, 38.87673906600003], [-77.15116049199997, 38.87676696400007], [-77.15139937899994, 38.87695369200003], [-77.15153439699998, 38.87705959200008], [-77.15172478599999, 38.87721006400005], [-77.15191522699996, 38.877357790000076], [-77.15208481799993, 38.877491547000034], [-77.15223722699994, 38.877608629000065], [-77.15273236999997, 38.87799329100005], [-77.15285360099995, 38.87808527400006], [-77.15319988499994, 38.87835286500007], [-77.15333490799998, 38.878458763000026], [-77.15350805099996, 38.87859255800004], [-77.15372959599995, 38.87876809800008], [-77.15392393899998, 38.878919875000065], [-77.15423880499998, 38.88002384600003], [-77.15441890499994, 38.880585057000076], [-77.15456905899998, 38.88162488800003], [-77.15441639999995, 38.882717488000026], [-77.15432197299998, 38.88329579100008], [-77.15421017499995, 38.88387477400005], [-77.15405422499998, 38.88435194900006], [-77.15381260999999, 38.88497362800007]]]]}}, {"type": "Feature", "properties": {"OBJECTID": 12, "CIVIC": "Arlington Heights", "COLOR": 2, "LABEL": "Arlington Heights", "GIS_ID": 20, "Pdf": "Arlington_Heights", "SHAPE_Length": 0.04181669001189022, "SHAPE_Area": 8.22752770194835e-05}, "geometry": {"type": "MultiPolygon", "coordinates": [[[[-77.09118023099995, 38.86151533100008], [-77.09204636199996, 38.861282638000034], [-77.09203721999995, 38.86144067500004], [-77.09206414099998, 38.862082591000046], [-77.09209674099998, 38.86295244300004], [-77.09210778899995, 38.86360498800008], [-77.09216724199996, 38.86416963400006], [-77.092311, 38.86455130400003], [-77.09251967999995, 38.86492535000008], [-77.09282652199994, 38.86524990600003], [-77.09327076499994, 38.86565741900006], [-77.09362314399993, 38.865934956000046], [-77.09411804599995, 38.86617399700003], [-77.09476695299998, 38.866539715000044], [-77.09512391599998, 38.86672533700005], [-77.09616667899996, 38.86731643300004], [-77.09746889999997, 38.86810883000004], [-77.09883358499997, 38.868961574000025], [-77.09916044299996, 38.86921322400008], [-77.09951360799994, 38.86950291800008], [-77.09990714199995, 38.86991114500006], [-77.10034462499993, 38.870310421000056], [-77.10072324899994, 38.87064970600005], [-77.09777697299995, 38.871377994000056], [-77.09365393199994, 38.87241006000005], [-77.09364560099993, 38.87241215700004], [-77.08943563599996, 38.87345849500008], [-77.08889567699998, 38.87217560800008], [-77.08866590299994, 38.87160232400004], [-77.08836453399994, 38.87081156800008], [-77.08833658199995, 38.87063433000003], [-77.08828363099997, 38.868895843000075], [-77.08791162699998, 38.866940011000054], [-77.08746617499997, 38.86463734300003], [-77.08735440299995, 38.86410232600008], [-77.08703531099997, 38.862574635000044], [-77.08779790299997, 38.86238230200007], [-77.08825762499998, 38.862259479000045], [-77.09118023099995, 38.86151533100008]]]]}}, {"type": "Feature", "properties": {"OBJECTID": 13, "CIVIC": "Yorktown", "COLOR": 5, "LABEL": "Yorktown", "GIS_ID": 24, "Pdf": "Yorktown", "SHAPE_Length": 0.06533943712541723, "SHAPE_Area": 0.0001538686064918533}, "geometry": {"type": "MultiPolygon", "coordinates": [[[[-77.13279089699995, 38.90773372900003], [-77.13191469599997, 38.90642147400007], [-77.13122753499994, 38.90566517800005], [-77.13079024799998, 38.90533679300006], [-77.12950209099995, 38.90460198400007], [-77.12895662899996, 38.904441760000054], [-77.12828650599994, 38.904010060000076], [-77.12778437399999, 38.90361884600003], [-77.12711549299996, 38.903051391000076], [-77.12736417799994, 38.902799136000056], [-77.12760553099997, 38.902582850000044], [-77.12793872799995, 38.90248870800008], [-77.12898518499998, 38.90210758400008], [-77.13105495399998, 38.90140910400004], [-77.13094335699998, 38.901273907000075], [-77.13052621099996, 38.90087493500005], [-77.12999353899994, 38.90034447900007], [-77.12873853399998, 38.89911227400006], [-77.12878503599995, 38.899069429000065], [-77.12912289499997, 38.89885918200008], [-77.12913013099995, 38.898864841000034], [-77.12945781399998, 38.89880267700005], [-77.12937596399996, 38.89812070600004], [-77.12933166699997, 38.89759391200005], [-77.12926008799997, 38.89701270300003], [-77.12920298999995, 38.89650676700006], [-77.12919872399993, 38.89641741600008], [-77.13060624399998, 38.89639555300005], [-77.13341344499997, 38.89638131500004], [-77.13366614999995, 38.89637684100006], [-77.13477721999999, 38.89638311300007], [-77.13625873399997, 38.89638008400004], [-77.13697351799993, 38.89636682400004], [-77.13748435199994, 38.89634421900007], [-77.13793179099997, 38.89629951300003], [-77.13903366999995, 38.89605297700007], [-77.14105079599994, 38.89553679000005], [-77.14114263299996, 38.89562116700006], [-77.14137207099998, 38.89593961400004], [-77.14151247199999, 38.896133460000044], [-77.14170427199997, 38.89639655000008], [-77.14179663299996, 38.896529428000065], [-77.14216298499997, 38.897038905000045], [-77.14257056499997, 38.89759834000006], [-77.14274181299999, 38.89783373100005], [-77.14282730799994, 38.897958290000076], [-77.14302939799995, 38.89823522700004], [-77.14313209599999, 38.898379179000074], [-77.14326565199997, 38.89856198700005], [-77.14329684999996, 38.89862369400004], [-77.14515045299999, 38.89804711200003], [-77.14588264499997, 38.89783469200006], [-77.14604563899996, 38.89796244900003], [-77.14604744799993, 38.89808444800008], [-77.14596615999994, 38.89810160700006], [-77.14566897099996, 38.89820802200006], [-77.14562447799995, 38.89833108000005], [-77.14485375599997, 38.89857757200008], [-77.14482988899994, 38.89853885200006], [-77.14404102399999, 38.89881533600004], [-77.14436120999994, 38.89935176000006], [-77.14465074999998, 38.89983840100007], [-77.14486887999993, 38.90019515500006], [-77.14507645599997, 38.90055453200006], [-77.14471229199995, 38.90067115700003], [-77.14495086699998, 38.90106384400008], [-77.14507351299994, 38.901268464000054], [-77.14514424799995, 38.90124456600006], [-77.14527376699994, 38.901457503000074], [-77.14521672199999, 38.90150078200003], [-77.14533947299998, 38.90169991100004], [-77.14556242799995, 38.90161735500004], [-77.14579083299998, 38.901990701000045], [-77.14579128299994, 38.90205809400004], [-77.14571797199994, 38.902127162000056], [-77.14573748799995, 38.902217704000066], [-77.14575832999998, 38.902357195000036], [-77.14574982999994, 38.902487259000054], [-77.14572885199993, 38.90248152500004], [-77.14563266399995, 38.902738542000066], [-77.14568810799994, 38.90296435500005], [-77.14530752299999, 38.90301763300005], [-77.14527496299996, 38.902882703000046], [-77.14519371099993, 38.90253302100007], [-77.14491893099995, 38.90256829600003], [-77.14464704299996, 38.90263655600006], [-77.14469886599994, 38.90286782000004], [-77.14423894099997, 38.90284606400007], [-77.14417603399994, 38.902838693000035], [-77.14420838799998, 38.90335625200004], [-77.14411618099996, 38.90339110600007], [-77.14345049399998, 38.90365527700004], [-77.14308227999999, 38.90379928300007], [-77.14305053499999, 38.903991165000036], [-77.14270342599997, 38.90403002000005], [-77.14264345999999, 38.904145732000075], [-77.14259045799997, 38.90453230800006], [-77.14250969699998, 38.904528629000026], [-77.14230645999999, 38.90468277600007], [-77.14192387099996, 38.90484314300005], [-77.14186245999997, 38.90490888700003], [-77.14179189199996, 38.90494596600007], [-77.14139875999996, 38.905106182000054], [-77.14186707899995, 38.90580084800007], [-77.14280016899994, 38.90626472400004], [-77.14309924599996, 38.906803653000054], [-77.14256519399999, 38.90698146700004], [-77.14187516199996, 38.907415601000025], [-77.14107470499994, 38.90737064700005], [-77.14092100899995, 38.90713545800003], [-77.14040022299997, 38.90735463300007], [-77.13972439199995, 38.906668515000035], [-77.13936664199997, 38.90681543100004], [-77.13928638299996, 38.90685371500007], [-77.13921437899995, 38.907060810000075], [-77.13887419599996, 38.90720790000006], [-77.13895597199996, 38.90734340300003], [-77.13887096499997, 38.907378116000075], [-77.13845470699994, 38.90727443600008], [-77.13835855899998, 38.90723320200004], [-77.13841066399993, 38.907026674000065], [-77.13279089699995, 38.90773372900003]]]]}}, {"type": "Feature", "properties": {"OBJECTID": 14, "CIVIC": "East Falls Church", "COLOR": 2, "LABEL": "East Falls Church", "GIS_ID": 25, "Pdf": "East_Falls_Church", "SHAPE_Length": 0.08131320274210688, "SHAPE_Area": 0.00023125422221526322}, "geometry": {"type": "MultiPolygon", "coordinates": [[[[-77.16012315499995, 38.895803640000054], [-77.15820196299995, 38.89436004000004], [-77.15760450699997, 38.89455688600003], [-77.15724674299997, 38.896891254000025], [-77.15430559399994, 38.89703608900004], [-77.15185717799994, 38.89717648300007], [-77.15138409399998, 38.897413527000026], [-77.15106752999998, 38.89754546300003], [-77.14869076099995, 38.89774076600003], [-77.14867805699998, 38.897741746000065], [-77.14873877499997, 38.897538635000046], [-77.14879009099997, 38.89709777400003], [-77.14870839599996, 38.89666466500006], [-77.14852643199998, 38.89612242900006], [-77.14833898099994, 38.89555269600004], [-77.14810294899996, 38.89508658800003], [-77.14786908099995, 38.89470351600005], [-77.147708, 38.89461241600003], [-77.14747304599996, 38.89423487900007], [-77.14736408399995, 38.89372228600007], [-77.14816614199998, 38.89347111400008], [-77.15025435599995, 38.89294721300007], [-77.15151160599999, 38.89262499000006], [-77.15219028599995, 38.89245511200005], [-77.15285453199994, 38.89227160900003], [-77.15323214899996, 38.89215599200003], [-77.15249665699997, 38.88996685500007], [-77.15220411999996, 38.88904055900008], [-77.15199001899998, 38.88839443200004], [-77.15165583899994, 38.88742251100007], [-77.15152206599998, 38.88703252200003], [-77.15138434599999, 38.88656845500003], [-77.15124432599998, 38.886174494000045], [-77.15104756099998, 38.88561451500004], [-77.15078207699997, 38.884822806000045], [-77.15077871599993, 38.88473431700004], [-77.15108967899994, 38.884476851000045], [-77.15142512099999, 38.88420107500008], [-77.15142890299995, 38.88419796100004], [-77.15381260999999, 38.88497362800007], [-77.15405422499998, 38.88435194900006], [-77.15421017499995, 38.88387477400005], [-77.15432197299998, 38.88329579100008], [-77.15441639999995, 38.882717488000026], [-77.15456905899998, 38.88162488800003], [-77.15441890499994, 38.880585057000076], [-77.15423880499998, 38.88002384600003], [-77.15392393899998, 38.878919875000065], [-77.15407929599996, 38.879041217000065], [-77.15413472099993, 38.87908304300004], [-77.15430776499994, 38.879222328000026], [-77.15448086099997, 38.879358867000064], [-77.15469905199996, 38.879526129000055], [-77.15472679099997, 38.87954566900004], [-77.15488955699993, 38.87967110400007], [-77.15508001099994, 38.87981882500003], [-77.15521849999999, 38.87992750700005], [-77.15541236499996, 38.88008075800008], [-77.15542620899998, 38.88009190100007], [-77.15558897699998, 38.880217336000044], [-77.15574828499996, 38.880339985000035], [-77.15590408199995, 38.88046256600006], [-77.15591451699999, 38.88046817700007], [-77.15607382599995, 38.88059082600006], [-77.15639234299994, 38.88084161300003], [-77.15658972499995, 38.880994903000044], [-77.15670053099996, 38.881081298000026], [-77.15680782399994, 38.881167652000045], [-77.15685622699993, 38.88120939600003], [-77.157129807, 38.881421223000075], [-77.15730291399996, 38.88155775700005], [-77.15746914999994, 38.88168597500004], [-77.15763192599997, 38.88181140700004], [-77.15776003899998, 38.88191172900008], [-77.15795747899995, 38.88206227100005], [-77.15812712699994, 38.88219601900005], [-77.15828644399994, 38.882318664000024], [-77.15913139099996, 38.882976377000034], [-77.15932527299998, 38.88312962200007], [-77.15949843899995, 38.88326340800006], [-77.15957117699998, 38.88331915900005], [-77.15988971799999, 38.88356993600007], [-77.15991053799996, 38.883583904000034], [-77.16213031399997, 38.885314494000056], [-77.16260465799996, 38.88568786400003], [-77.16310347699994, 38.88606974800007], [-77.16346006899994, 38.886353901000064], [-77.16364709699997, 38.88649882300007], [-77.16390686999995, 38.88669949200005], [-77.16398302599998, 38.88676077100007], [-77.16454406699995, 38.88719827700004], [-77.16525748199996, 38.88775559100003], [-77.16531979299998, 38.887805728000046], [-77.16555534299994, 38.88798689600003], [-77.16567655499995, 38.888081638000074], [-77.16580117899997, 38.88818191000007], [-77.16596055699995, 38.88830454600003], [-77.16635877999994, 38.88861662200003], [-77.16651812499998, 38.888739257000054], [-77.16666011099994, 38.88885070900005], [-77.16687484599998, 38.88901790800003], [-77.16700293499997, 38.889120965000075], [-77.16725229099995, 38.889316016000066], [-77.16763684999995, 38.88961145700006], [-77.167706104, 38.889664390000064], [-77.16801782899995, 38.88990685600004], [-77.16810091499997, 38.88997370300007], [-77.16858232999994, 38.89034987400004], [-77.16877625199999, 38.89050310300007], [-77.16900835799999, 38.89068147800003], [-77.16923695299994, 38.890859814000066], [-77.16934081399995, 38.89094337100005], [-77.16956248599996, 38.89111613500006], [-77.16975637699994, 38.89126936200006], [-77.16996428899995, 38.89142824000004], [-77.17015826699998, 38.89157872100003], [-77.17049765599995, 38.891846153000074], [-77.17078170299999, 38.892066304000025], [-77.17102756599996, 38.89226130700007], [-77.17118346499996, 38.89238117700006], [-77.17141544699996, 38.892565011000045], [-77.17177918099998, 38.89284647200003], [-77.17195926799997, 38.892988555000045], [-77.17214281699995, 38.89313342300005], [-77.17231603099998, 38.893267190000074], [-77.17211640299996, 38.893421456000056], [-77.17199872699996, 38.89351623600004], [-77.17183113799996, 38.89364615000005], [-77.17168140199993, 38.89376256300005], [-77.17144246599997, 38.893952082000055], [-77.17141395399995, 38.89397372800005], [-77.17121432199997, 38.89412799300004], [-77.17097543399996, 38.89431476500005], [-77.17073649399998, 38.89450428300006], [-77.17057601199997, 38.89463152900004], [-77.17047616899998, 38.89471003400007], [-77.17047255399996, 38.89471548500006], [-77.16980225899994, 38.895237878000046], [-77.16940292899994, 38.895549147000054], [-77.16908200599994, 38.89580089000003], [-77.16863266899998, 38.896155527000076], [-77.16821550799995, 38.896480292000035], [-77.16804091299997, 38.896610149000026], [-77.16803370199995, 38.89662003500007], [-77.16802388599996, 38.896628244000055], [-77.16801234899998, 38.89663453900005], [-77.16778026699996, 38.89683236700006], [-77.16775170199998, 38.89685675700008], [-77.16749879399998, 38.89704061700007], [-77.16729547799997, 38.89720309900008], [-77.16688894599997, 38.89752251600004], [-77.16682118999995, 38.89757392200005], [-77.16669993599999, 38.89767140200007], [-77.16636488999995, 38.89792572400006], [-77.16628642399996, 38.897987992000026], [-77.16602250899996, 38.89819643800007], [-77.16569086899995, 38.89845628900008], [-77.16554462699997, 38.89857270700003], [-77.16533422499998, 38.89873782400008], [-77.16511312899996, 38.89891105600003], [-77.16488132199999, 38.89909515100004], [-77.16468875499999, 38.89924399300003], [-77.16441775299995, 38.89945510200005], [-77.16432497399995, 38.89953093500003], [-77.16417342399996, 38.89964910300006], [-77.16415521099998, 38.89962508800005], [-77.16385950899996, 38.89922640900005], [-77.16327657699998, 38.89815415800007], [-77.16312774599999, 38.897905872000024], [-77.16263931799995, 38.897544648000064], [-77.16173939399994, 38.89692406900008], [-77.16012315499995, 38.895803640000054]]]]}}, {"type": "Feature", "properties": {"OBJECTID": 15, "CIVIC": "Highland Park - Overlee Knolls", "COLOR": 1, "LABEL": "Highland Park - Overlee Knolls", "GIS_ID": 37, "Pdf": "Highl_Pk_Overlee_Knolls", "SHAPE_Length": 0.03542921757019786, "SHAPE_Area": 7.026018271808736e-05}, "geometry": {"type": "MultiPolygon", "coordinates": [[[[-77.14431801599994, 38.88231623400003], [-77.14461471299995, 38.88187362000008], [-77.14611439899994, 38.88239031200004], [-77.14815376299998, 38.88309287000004], [-77.15142512099999, 38.88420107500008], [-77.15108967899994, 38.884476851000045], [-77.15077871599993, 38.88473431700004], [-77.15078207699997, 38.884822806000045], [-77.15104756099998, 38.88561451500004], [-77.15124432599998, 38.886174494000045], [-77.15138434599999, 38.88656845500003], [-77.15152206599998, 38.88703252200003], [-77.15165583899994, 38.88742251100007], [-77.15199001899998, 38.88839443200004], [-77.15220411999996, 38.88904055900008], [-77.14911275199995, 38.889581244000055], [-77.14408864599994, 38.89049374600006], [-77.14304628199994, 38.89069408600005], [-77.14221764499996, 38.89094675700005], [-77.14180359399995, 38.89107644300003], [-77.14141218699996, 38.890398177000066], [-77.14067897299998, 38.88917127900004], [-77.14044421299997, 38.888756794000074], [-77.14006182999998, 38.88813203900003], [-77.13950680599999, 38.88718262300006], [-77.13950099099998, 38.88717245000004], [-77.14067422999995, 38.886866258000055], [-77.14131023999994, 38.886680983000076], [-77.14137786099997, 38.88663717000003], [-77.14155678899994, 38.886398522000036], [-77.14196085599997, 38.885805548000064], [-77.14329003499995, 38.88384324200007], [-77.14431801599994, 38.88231623400003]]]]}}, {"type": "Feature", "properties": {"OBJECTID": 16, "CIVIC": "Ashton Heights", "COLOR": 5, "LABEL": "Ashton Heights", "GIS_ID": 38, "Pdf": "Ashton_Heights", "SHAPE_Length": 0.05466822416829513, "SHAPE_Area": 0.00013434745717167627}, "geometry": {"type": "MultiPolygon", "coordinates": [[[[-77.09862631099998, 38.88446668300003], [-77.09828596699998, 38.88440193400004], [-77.09686239299998, 38.88441148900006], [-77.09683237399997, 38.883596623000074], [-77.09680842999995, 38.88280530700007], [-77.09679423799997, 38.88200757300007], [-77.09676667999997, 38.88115860200003], [-77.09676202099996, 38.88107344600007], [-77.09662493699994, 38.88068530000004], [-77.09633495399999, 38.88009994400005], [-77.09617466599997, 38.879732638000064], [-77.09616261699995, 38.87950630100005], [-77.09616844299995, 38.87900024400005], [-77.09585016699998, 38.878279607000024], [-77.09552894599994, 38.877449504000026], [-77.09505743099999, 38.876291726000034], [-77.09453258199994, 38.87500061700007], [-77.09417989399998, 38.87413929400003], [-77.09394280299995, 38.873402707000025], [-77.09366582699994, 38.87255415100003], [-77.09365393199994, 38.87241006000005], [-77.09777697299995, 38.871377994000056], [-77.10072324899994, 38.87064970600005], [-77.10095299199997, 38.87085639400004], [-77.10321546599994, 38.87249760100008], [-77.10521137999996, 38.87390734400003], [-77.10751735399998, 38.87546745100008], [-77.10825083199995, 38.87596884300007], [-77.10844287599997, 38.876146977000076], [-77.11131283499998, 38.878235493000034], [-77.11403523999996, 38.880123463000075], [-77.11341698799998, 38.88005987100007], [-77.11276682799996, 38.880029456000045], [-77.11195583899996, 38.88002242700003], [-77.11145681399995, 38.88000126000003], [-77.11076380099996, 38.87989431600005], [-77.11040614799998, 38.87988764100004], [-77.10736798199997, 38.87987502200008], [-77.10683934899998, 38.87992048800004], [-77.10648810599997, 38.88000523800008], [-77.10614896599998, 38.88014148100007], [-77.10589990699998, 38.88026124600003], [-77.10557582199993, 38.88041631300007], [-77.105105886, 38.88067158000007], [-77.10398464399998, 38.88128174900004], [-77.10336637599994, 38.88162314700003], [-77.10273803799998, 38.881941932000075], [-77.10203635999994, 38.88226673400004], [-77.10113582099996, 38.882687059000034], [-77.10055300799996, 38.882985450000035], [-77.10013801699995, 38.88318330000004], [-77.09981594899995, 38.883397470000034], [-77.09963159999995, 38.883516428000064], [-77.09933479299997, 38.88380246100007], [-77.09899469399994, 38.88409777900006], [-77.09862631099998, 38.88446668300003]]]]}}, {"type": "Feature", "properties": {"OBJECTID": 17, "CIVIC": "Boulevard Manor", "COLOR": 2, "LABEL": "Boulevard Manor", "GIS_ID": 39, "Pdf": "Boulevard_Manor", "SHAPE_Length": 0.0450629226779256, "SHAPE_Area": 8.395911474832318e-05}, "geometry": {"type": "MultiPolygon", "coordinates": [[[[-77.13312642699998, 38.87298959800006], [-77.13311872099996, 38.87297921100003], [-77.13311187299996, 38.87296984900007], [-77.133104141, 38.87296083500007], [-77.13309555899997, 38.87295035500006], [-77.13308782199994, 38.87294158700007], [-77.13307835999996, 38.872931179000034], [-77.13306975599994, 38.87292182500005], [-77.13306115399996, 38.87291236100003], [-77.13305077899997, 38.87290375500004], [-77.13304128999994, 38.872894802000076], [-77.13303179499997, 38.87288609600006], [-77.13302314799995, 38.872877181000035], [-77.13301544799998, 38.87286833100006], [-77.13300859899994, 38.87285905200008], [-77.13299913299994, 38.87284883700005], [-77.13299228299996, 38.87283964000005], [-77.13298457799993, 38.872829170000045], [-77.13297769099995, 38.87282005600008], [-77.13296913399995, 38.87281012500006], [-77.13296228499996, 38.872800846000075], [-77.13295456899993, 38.87279098000005], [-77.13294597499998, 38.87278110400007], [-77.13293825899996, 38.87277121100004], [-77.13292967999996, 38.87276056700006], [-77.13292283899995, 38.872750876000055], [-77.13291603899995, 38.87273904400007], [-77.13290502699994, 38.87271779800005], [-77.13289401999998, 38.87269630600008], [-77.13288984099995, 38.87268519100007], [-77.13288479299996, 38.872673543000076], [-77.13287469499994, 38.872650441000076], [-77.13286875199998, 38.87263971800007], [-77.13286108999995, 38.87262702400005], [-77.13285514299997, 38.87261649200008], [-77.13285009099997, 38.87260509200007], [-77.13284412499996, 38.87259557700003], [-77.13283730499995, 38.87258478800004], [-77.13283135199998, 38.87257458500005], [-77.13282767299995, 38.87257039600007], [-77.13282080999994, 38.87256369800008], [-77.13281387099994, 38.872557329000074], [-77.13280835399996, 38.87255004200006], [-77.13280303399995, 38.872541633000026], [-77.13279856999998, 38.87253254600006], [-77.13279483099996, 38.872524155000065], [-77.13279072999995, 38.87251630800006], [-77.13278680199994, 38.87250860100005], [-77.13278251099996, 38.87249965400008], [-77.13277755299998, 38.872490699000025], [-77.13277417499995, 38.872481762000064], [-77.13277112999998, 38.872472006000066], [-77.13276985099998, 38.87246350600003], [-77.13276924599995, 38.872454711000046], [-77.13276792999994, 38.87244634800004], [-77.13276544599995, 38.872436598000036], [-77.13276294299999, 38.87242602400005], [-77.13276026599993, 38.872415311000054], [-77.13275755899997, 38.87240621700005], [-77.13275488399995, 38.87239728900005], [-77.13275163099996, 38.87238917800005], [-77.13274789999997, 38.872380347000046], [-77.13273848899996, 38.87236356900007], [-77.13273386899994, 38.87235530400005], [-77.13272940799999, 38.87234608000006], [-77.13272513899994, 38.87233784800003], [-77.13271431799996, 38.87232130000007], [-77.13270743599998, 38.87231193800005], [-77.13270156499993, 38.872302973000046], [-77.13269710999998, 38.872295260000044], [-77.13269320299997, 38.87228645400006], [-77.13268946899996, 38.872277788000076], [-77.13268605899998, 38.87226871400003], [-77.13268255599996, 38.87225895200004], [-77.13267825699995, 38.87224863200004], [-77.13267472499996, 38.87224038000005], [-77.13267041499995, 38.87223060900004], [-77.13266652899995, 38.872220705000075], [-77.13266170599996, 38.87221202600006], [-77.13265692099998, 38.872203211000055], [-77.13265074899994, 38.87219344500005], [-77.13264502199996, 38.872186129000056], [-77.13263971699996, 38.872178818000066], [-77.13263315699999, 38.87217094300007], [-77.13262624599997, 38.87216309100006], [-77.13262020599996, 38.87215563400008], [-77.13261348099996, 38.87214723500006], [-77.13260640999994, 38.87213853000003], [-77.13259899099995, 38.87212971100007], [-77.13259107499994, 38.872121134000054], [-77.13258236999997, 38.87211339800007], [-77.13257231499995, 38.87210647100005], [-77.13256412799996, 38.87210104800005], [-77.13255599199994, 38.87209483000004], [-77.13254732199994, 38.87208706700005], [-77.13253969599998, 38.87207989400008], [-77.13253348499995, 38.87207216000007], [-77.13252572499994, 38.87206278800005], [-77.13251936999995, 38.87205340500003], [-77.13251441699998, 38.87204414800004], [-77.13251098599994, 38.872036199000036], [-77.13250623699997, 38.872025489000066], [-77.13250316499995, 38.872017078000056], [-77.13249822499995, 38.87200721700003], [-77.13249378399996, 38.87199879000008], [-77.13248951599996, 38.87198860700005], [-77.13248635699995, 38.871979262000025], [-77.13248391199994, 38.871971160000044], [-77.13248231999995, 38.87196070600004], [-77.13248088699999, 38.87195110600004], [-77.13248064399994, 38.87194176600008], [-77.13248004799993, 38.87193245000003], [-77.13247751699998, 38.87192335900005], [-77.13247518699995, 38.871914737000054], [-77.13247163899996, 38.871905523000066], [-77.13246803799996, 38.87189727100008], [-77.13246482299996, 38.87188899500006], [-77.13246072999993, 38.871880737000026], [-77.13245487699999, 38.87187083800006], [-77.13245078299997, 38.87186258000003], [-77.13244600099995, 38.871853627000064], [-77.13244118899996, 38.871844399000054], [-77.13243779299995, 38.87183642300005], [-77.13243370299995, 38.87182613300007], [-77.13243032399998, 38.871817306000025], [-77.13242677099998, 38.87180836700003], [-77.13242442499995, 38.87179875600003], [-77.13242122399998, 38.87178790000007], [-77.13241924299996, 38.871779391000075], [-77.13241723299996, 38.87177058100008], [-77.13241488399996, 38.87176113400005], [-77.13241221199996, 38.871752041000036], [-77.13240899599998, 38.87174200800007], [-77.132405453, 38.87173252000008], [-77.13240256999995, 38.871723452000026], [-77.13239776299997, 38.87171395000007], [-77.13239332399996, 38.87170541300003], [-77.13238819299994, 38.87169631900008], [-77.13238236199999, 38.871687106000024], [-77.13237636099996, 38.87167759000005], [-77.13237137899995, 38.87166987100005], [-77.13236518199994, 38.871659556000054], [-77.13235848899996, 38.871649482000066], [-77.13234986899994, 38.871639139000024], [-77.13234034999994, 38.87162809900008], [-77.13233260699997, 38.87161966100007], [-77.13232479599998, 38.87161111200004], [-77.13231653999998, 38.871603794000066], [-77.13230768299996, 38.87159479300004], [-77.13229362899995, 38.87158208000005], [-77.13228589399995, 38.871575043000064], [-77.13227822999994, 38.87156797800003], [-77.13227178799997, 38.87156134000003], [-77.13226527699999, 38.87155280700006], [-77.13226011199998, 38.87154549700006], [-77.13225271899995, 38.87153527800007], [-77.13224652599996, 38.871526611000036], [-77.13224084699993, 38.87151860800003], [-77.13223498399998, 38.87150923100006], [-77.13222899899995, 38.87150070300004], [-77.13222243399997, 38.87149131800004], [-77.13221573999994, 38.87148127200004], [-77.13220069499994, 38.871465252000064], [-77.13219396799997, 38.87145696300007], [-77.13218570699996, 38.87144621200008], [-77.13217860699996, 38.87143723200006], [-77.13217172099996, 38.871428035000065], [-77.13216382199994, 38.87141673900004], [-77.13215746599997, 38.87140743800006], [-77.13215141599994, 38.87139863500005], [-77.13214369799994, 38.87138706700006], [-77.13213696699995, 38.87137713000004], [-77.13213061199997, 38.87136777400008], [-77.13212322899994, 38.87135703400003], [-77.13211577399994, 38.87134640200003], [-77.13211028699999, 38.87133936300006], [-77.13209735399994, 38.87132309300006], [-77.13209137499996, 38.871314264000034], [-77.13208600699994, 38.87130656700003], [-77.13207965499998, 38.87129704700004], [-77.13207207999994, 38.87128534300007], [-77.13206574299994, 38.871274999000036], [-77.13206024499993, 38.871266724000066], [-77.13205438799997, 38.87125888400004], [-77.13204802299998, 38.87125005000007], [-77.13204234699998, 38.87124191100003], [-77.13203561599994, 38.87123200100007], [-77.13203011299998, 38.87122400100003], [-77.13202238099996, 38.87121311900006], [-77.13201529399998, 38.87120345300008], [-77.13200686599998, 38.87119228800003], [-77.13199409999999, 38.87117646000007], [-77.13198015599994, 38.87115795300008], [-77.13197465799993, 38.87114967900004], [-77.13196828799994, 38.87114111900007], [-77.13195584499994, 38.87112307000007], [-77.13194796999994, 38.87111235100008], [-77.13194245499994, 38.871105010000065], [-77.13193690599996, 38.87109755800003], [-77.13193074599997, 38.87108900100003], [-77.13192279599997, 38.871078529000044], [-77.13191592199996, 38.871068782000066], [-77.13190972199999, 38.87106047200007], [-77.13189340299994, 38.87103389200007], [-77.13188842399995, 38.87102603500006], [-77.13187712699994, 38.871006874000045], [-77.13187213799995, 38.87099956600008], [-77.13186695299999, 38.87099146000003], [-77.13185528399998, 38.87097339200005], [-77.13184909799998, 38.870962528000064], [-77.13183902699996, 38.870943545000046], [-77.13183316899995, 38.87093389300003], [-77.13182888699998, 38.870926319000034], [-77.13182464999994, 38.87091641200004], [-77.13181933999994, 38.870905668000034], [-77.13181507499996, 38.87089724200007], [-77.13181130499999, 38.870888603000026], [-77.13180619799994, 38.87087827400006], [-77.13180020799996, 38.87086631300008], [-77.13179468899995, 38.87085735200003], [-77.13178799799994, 38.87084716800007], [-77.13178213799995, 38.870839439000065], [-77.13177625399999, 38.87083115900003], [-77.13176956799998, 38.87082259600004], [-77.13176393599997, 38.87081215100005], [-77.13175877399993, 38.87080470400008], [-77.13175429699999, 38.87079630300008], [-77.13174935399996, 38.87078655200003], [-77.13174526499995, 38.87077812900003], [-77.13174169099995, 38.87077028900006], [-77.13173809799997, 38.87076159700007], [-77.13173472999995, 38.87075213900005], [-77.13173033699996, 38.87073934600005], [-77.13172743599995, 38.870731239000065], [-77.13172439399995, 38.870723130000044], [-77.13171960799997, 38.87071252900006], [-77.13171590499996, 38.87070221600004], [-77.13171319799994, 38.87069315000008], [-77.13171051799998, 38.870684496000024], [-77.13170713599999, 38.87067391200003], [-77.13170389699997, 38.870665114000076], [-77.13170102799995, 38.87065714400006], [-77.13169711699999, 38.87064669100005], [-77.13169372399994, 38.87063857800007], [-77.13169085999994, 38.870630334000055], [-77.13168695099995, 38.870621666000034], [-77.13168304599998, 38.87061093900007], [-77.13167999199999, 38.87060159400005], [-77.13167380699997, 38.87057960800007], [-77.13166893899995, 38.87055859900005], [-77.13166749599998, 38.870549520000054], [-77.13166604799994, 38.87054074400004], [-77.13166372999996, 38.870527838000044], [-77.13166123699995, 38.870516715000065], [-77.13165708099996, 38.87049884400005], [-77.13165468399995, 38.87048088500006], [-77.13165367199997, 38.870462090000046], [-77.13165224999995, 38.87045191300007], [-77.13165023499994, 38.87043969700005], [-77.13164900799995, 38.87043037400008], [-77.13164736399995, 38.870420771000056], [-77.13164641299994, 38.870411698000055], [-77.13164535599998, 38.87040265100006], [-77.13164436999995, 38.87039357700007], [-77.13164375899999, 38.870385085000066], [-77.13164353299999, 38.87037670700005], [-77.13164484799995, 38.87036851200003], [-77.13164599699996, 38.87035987500008], [-77.13164981799997, 38.87034921000003], [-77.13165466899994, 38.870337980000045], [-77.13165864399997, 38.87032847000006], [-77.13166402699994, 38.87031694500007], [-77.13166696099995, 38.87030860300007], [-77.13167195099999, 38.870299325000076], [-77.13167713499996, 38.87028906000006], [-77.13168236899998, 38.870279812000035], [-77.13168682699995, 38.87027077500005], [-77.13169060699994, 38.87026230600003], [-77.13169580699997, 38.87025303000007], [-77.13169997899996, 38.87024236900004], [-77.13170376699998, 38.87023348800005], [-77.13170632199996, 38.870224731000064], [-77.13170942599999, 38.87021488100004], [-77.13171339799999, 38.870203669000034], [-77.13171701199997, 38.87019464900004], [-77.13172166299995, 38.87018657500005], [-77.13172723499997, 38.870176205000064], [-77.13173241499999, 38.87016610500007], [-77.13173778399994, 38.87015721500006], [-77.13174385599996, 38.87014822400005], [-77.13175113199998, 38.87013691200008], [-77.13175669099996, 38.87012912300003], [-77.13176150799995, 38.87012149100008], [-77.131766, 38.870112481000035], [-77.13177029699995, 38.87010454000006], [-77.13177685699998, 38.87009761400003], [-77.13178342199996, 38.87009041400006], [-77.13179980999996, 38.87006734500005], [-77.13180654099995, 38.87006069600005], [-77.13181345499999, 38.870053609000024], [-77.13182122199999, 38.870047906000025], [-77.13183127999997, 38.87004357400008], [-77.13185129599998, 38.87003469100006], [-77.13186241399995, 38.87003009700004], [-77.13187243099998, 38.870026067000026], [-77.13188249099994, 38.870019841000044], [-77.13188872399996, 38.87001167600005], [-77.13189514499999, 38.87000279800003], [-77.13189961399996, 38.86999502400005], [-77.13190427999996, 38.86998612600007], [-77.13190857299998, 38.86997835000005], [-77.13191269099997, 38.86997057200006], [-77.13191698399999, 38.86996282300004], [-77.13192128499998, 38.86995460800006], [-77.13192614199994, 38.86994488800008], [-77.13193235099999, 38.86993795800004], [-77.13194050599998, 38.86993033700003], [-77.13194794999998, 38.86992311900008], [-77.13195504699996, 38.86991565000005], [-77.13196180699998, 38.86990746300006], [-77.13196853399995, 38.86989913900004], [-77.13197477899996, 38.86989220900006], [-77.13197924999997, 38.869884297000056], [-77.13198389199994, 38.869876635000026], [-77.13198785799995, 38.86986761900005], [-77.13199076699993, 38.86985872900004], [-77.13199620599994, 38.86984245300005], [-77.13199772799999, 38.86983261200004], [-77.13199781999998, 38.86982967500006], [-77.13199680299994, 38.86982035400007], [-77.13199482299996, 38.869811791000075], [-77.13199230799995, 38.869803716000035], [-77.13199166399994, 38.86979508600007], [-77.13199054799998, 38.86978546100005], [-77.13199046899996, 38.869776701000035], [-77.13198969099994, 38.86976776700004], [-77.13198838599999, 38.869758827000055], [-77.13198587299996, 38.86974877500006], [-77.13198162899994, 38.86973922400006], [-77.13197805799996, 38.86972940600003], [-77.13197516199995, 38.86972099700006], [-77.13197267899994, 38.869711220000056], [-77.13196881299996, 38.869694726000034], [-77.13196660399996, 38.86968530900003], [-77.13196516099998, 38.86967623000004], [-77.13196403999996, 38.86966688000007], [-77.13196290799993, 38.86965808000008], [-77.13196120399994, 38.86964982200004], [-77.13195888299998, 38.86964073300004], [-77.13195468799995, 38.86962310900003], [-77.13195217199996, 38.86961316600008], [-77.13195041899996, 38.86960564900005], [-77.13194719499995, 38.869594161000066], [-77.13194173899996, 38.869576358000074], [-77.13193922599999, 38.869566305000035], [-77.13193405599998, 38.86954633600004], [-77.13192872299999, 38.86952578900008], [-77.13192626499995, 38.869514638000055], [-77.13192496099998, 38.86950569900006], [-77.13192329099996, 38.86949746800008], [-77.13192082399996, 38.86948681200005], [-77.13191748599996, 38.86947581700008], [-77.13191534599997, 38.86946464300007], [-77.13191496399998, 38.86945516500003], [-77.13191614399994, 38.86944490800005], [-77.13191765599998, 38.86943561700008], [-77.13191858499994, 38.869427389000066], [-77.13191938499995, 38.86941861100007], [-77.13191879699997, 38.86940888300006], [-77.13191854899998, 38.86939981800003], [-77.13191748299994, 38.86938937100007], [-77.13191654499997, 38.869379612000046], [-77.13191560199994, 38.86937015400008], [-77.13191456999994, 38.86935243000005], [-77.13191141999994, 38.869335231000036], [-77.13190818099997, 38.86932637800004], [-77.13190299799999, 38.86931818900007], [-77.13189693699996, 38.86930999100008], [-77.13189067399998, 38.86930316200005], [-77.13188405499994, 38.869296604000056], [-77.13187656899999, 38.86928946000006], [-77.13186779499995, 38.86928353600007], [-77.13184152399998, 38.869266726000035], [-77.13183169699994, 38.869260790000055], [-77.13179927399995, 38.86924426500008], [-77.13178887299995, 38.869240767000065], [-77.13177881199994, 38.86923784800007], [-77.13175766299997, 38.869230627000036], [-77.13174922699994, 38.86922539400007], [-77.13174120099995, 38.869218929000056], [-77.13173441899994, 38.86921168300006], [-77.13172741699998, 38.86920495600003], [-77.13172009299996, 38.86919852700004], [-77.13171170799995, 38.869192471000076], [-77.13170259399999, 38.86918593900003], [-77.13169075599995, 38.86917857900005], [-77.13167942599995, 38.86917221300007], [-77.13166600699998, 38.869164917000035], [-77.13165291299998, 38.86916081000004], [-77.13163980499996, 38.869157417000054], [-77.13162492199996, 38.86915499200006], [-77.13161180799995, 38.869151928000065], [-77.13159781599995, 38.86914885400006], [-77.13158467599999, 38.86914716300004], [-77.13156979199994, 38.86914482000003], [-77.13155402299998, 38.86914285200004], [-77.13153999699995, 38.86914156200004], [-77.13152242799998, 38.86914187900004], [-77.13150751399996, 38.869141101000025], [-77.13149348399998, 38.86914000400003], [-77.13147768699997, 38.86913946300007], [-77.13146102399998, 38.86913833500006], [-77.13144788799997, 38.86913642500008], [-77.13143297399995, 38.86913567400006], [-77.13141629699999, 38.869135233000065], [-77.13139873899996, 38.86913494600003], [-77.13138293099996, 38.86913500900005], [-77.13136802999998, 38.86913354400008], [-77.13135313899994, 38.86913158600004], [-77.13133387599999, 38.86912861500008], [-77.13131985999996, 38.869126804000075], [-77.13130322599994, 38.869124139000064], [-77.13128658199997, 38.86912196800006], [-77.13127170299998, 38.86911937800005], [-77.13125770099998, 38.86911682600004], [-77.13124371299995, 38.86911355900003], [-77.13122884399996, 38.86911039300003], [-77.13121311799995, 38.869106173000034], [-77.13119913099996, 38.869102852000026], [-77.13118604299996, 38.869098388000054], [-77.13117295899997, 38.869093787000054], [-77.13115901099997, 38.86908837900006], [-77.13114422899997, 38.86908255000003], [-77.13113026399998, 38.86907620900007], [-77.13111718, 38.869071580000025], [-77.13110408799997, 38.869065523000074], [-77.13109191899997, 38.86906082300004], [-77.13107797399994, 38.86905525100008], [-77.13106488999995, 38.86905065000008], [-77.13105185499995, 38.869045253000024], [-77.13103962499997, 38.86904005800005], [-77.13102656999996, 38.86903389100007], [-77.13101000999995, 38.86902735500007], [-77.13099518499996, 38.86902193700007], [-77.13098298999995, 38.86901674200004], [-77.13097076499997, 38.86901308500006], [-77.13095768199997, 38.86900840100003], [-77.13094282699996, 38.86900452100008], [-77.13092973499994, 38.86900033200004], [-77.13091665899998, 38.86899529100003], [-77.13090444899996, 38.86899086500006], [-77.13088874599998, 38.86898543700005], [-77.13087479299998, 38.86898030400005], [-77.13086087099998, 38.86897541800005], [-77.13084688999999, 38.86896992800007], [-77.13083381399997, 38.86896488800005], [-77.13082076999996, 38.86895998500006], [-77.13080764299997, 38.86895574000005], [-77.13079366599999, 38.868951897000045], [-77.13077969299997, 38.86894786300007], [-77.13076485099998, 38.86894332300005], [-77.13075176299998, 38.868938859000025], [-77.13073779799998, 38.868934413000034], [-77.13072384999998, 38.86892903200004], [-77.13071077699993, 38.86892380000006], [-77.13069597999998, 38.86891692700004], [-77.13068203099994, 38.868909734000056], [-77.13066990999994, 38.86890437500006], [-77.13065593699997, 38.86889844600006], [-77.13064113699994, 38.86889168300007], [-77.13062724899999, 38.86888317300003], [-77.13061420099996, 38.86887667700006], [-77.13060031799995, 38.86886789300007], [-77.13058904299999, 38.868860512000026], [-77.13057692199999, 38.868851446000065], [-77.13056478999994, 38.86884290100005], [-77.13055352399994, 38.868835053000055], [-77.13054140699995, 38.86882579500008], [-77.13053101499997, 38.86881812200005], [-77.13052063699996, 38.86880973600006], [-77.13050762099994, 38.86880156500007], [-77.13049459399997, 38.86879394400006], [-77.13048331099998, 38.868786948000036], [-77.13047028599993, 38.86877924400005], [-77.13045728099996, 38.86877049700007], [-77.13044604399994, 38.868762924000066], [-77.13043564099996, 38.868754043000024], [-77.13042612599997, 38.868746463000036], [-77.13041661599993, 38.86873860800006], [-77.13040531799999, 38.86873240700004], [-77.13039408199995, 38.868724807000035], [-77.13038365599994, 38.868717134000065], [-77.13037238999993, 38.86870928600007], [-77.13036113199996, 38.868700999000055], [-77.13034987799995, 38.868692520000025], [-77.13034128499999, 38.868682644000046], [-77.13033267399999, 38.868673701000034], [-77.13032142499998, 38.868664919000025], [-77.13030750499996, 38.86865811200005], [-77.13029531099994, 38.86865286200003], [-77.13028045499993, 38.86864906400007], [-77.13026736699999, 38.86864462700004], [-77.13025250599998, 38.868641076000074], [-77.13023764999997, 38.86863725100005], [-77.13022452699994, 38.86863468100006], [-77.13020794099998, 38.868629517000045], [-77.13019399699994, 38.868623945000024], [-77.13018179199997, 38.86861927100006], [-77.13016870499996, 38.86861480700003], [-77.13015210199995, 38.86861049500004], [-77.13013724799998, 38.868606587000045], [-77.13012320499996, 38.86860433600003], [-77.13010659999998, 38.868602], [-77.13009083999998, 38.86859956500007], [-77.13007417199998, 38.86859868400006], [-77.13005838799995, 38.86859748400008], [-77.13004170199997, 38.86859753600004], [-77.13002503699994, 38.86859649000007], [-77.13000660799997, 38.86859586300005], [-77.12999168199997, 38.868595689000074], [-77.12997498599998, 38.868596291000074], [-77.12996093299995, 38.868596429000036], [-77.12994511999995, 38.86859676600005], [-77.12993105499999, 38.86859566800007], [-77.12991617999995, 38.86859469800004], [-77.12990213699999, 38.868594287000064], [-77.12988369899995, 38.86859415500004], [-77.12986965499994, 38.86859382600005], [-77.12985473199996, 38.868593487000055], [-77.12983980199994, 38.86859356000008], [-77.12982312999998, 38.868592926000076], [-77.12980909799995, 38.86859191100007], [-77.12979244199994, 38.868590426000026], [-77.12977756199996, 38.86858786300007], [-77.12976358599997, 38.86858399300007], [-77.12974870299996, 38.86858159500008], [-77.12973379699997, 38.868580405000046], [-77.12971977899997, 38.86857867600003], [-77.12970137199994, 38.868576924000024], [-77.12968823199998, 38.86857523300006], [-77.12967332399995, 38.868574125000066], [-77.12965841899995, 38.86857290800003], [-77.12964085999994, 38.86857270300004], [-77.12962417199998, 38.86857286500003], [-77.12960748099994, 38.868573164000054], [-77.12959253399998, 38.86857411600005], [-77.12957847099995, 38.86857480300006], [-77.12956440199997, 38.86857576500006], [-77.12955033099996, 38.86857680900005], [-77.12953363099996, 38.86857763000006], [-77.12951957299998, 38.86857798700004], [-77.12950465099993, 38.86857764900003], [-77.12948444899996, 38.86857790700003], [-77.12946683199993, 38.86858072200005], [-77.12944833299997, 38.86858374600007], [-77.12943160599997, 38.86858596800005], [-77.12941662499998, 38.86858870400005], [-77.12940161399996, 38.86859300500004], [-77.12938749299997, 38.86859668400007], [-77.12936893599993, 38.86860272900003], [-77.12935303499995, 38.868607706000034], [-77.12933800599995, 38.86861294000005], [-77.12932559799998, 38.86861889100004], [-77.12931142799994, 38.86862515200005], [-77.12929547099998, 38.86863303900003], [-77.12927952599995, 38.86864023900006], [-77.12926537099997, 38.86864573100007], [-77.12925034199998, 38.86865096500003], [-77.12923796299998, 38.86865543400006], [-77.12922295899995, 38.868659378000075], [-77.12920884899995, 38.86866248100006], [-77.12919649199995, 38.868665770000064], [-77.12917972199995, 38.868670215000066], [-77.12916557799997, 38.868675102000054], [-77.12915058199997, 38.86867863400005], [-77.12913643699994, 38.86868360400007], [-77.12912231899998, 38.86868714700006], [-77.12910820399998, 38.868690497000046], [-77.12909497499999, 38.86869350000006], [-77.12908000799996, 38.868695495000054], [-77.12906682099998, 38.86869808700004], [-77.12905179399996, 38.868701427000076], [-77.12903851999994, 38.868704869000055], [-77.12902443299998, 38.86870865900005], [-77.12900946499997, 38.86871070800004], [-77.12899630799996, 38.86870986800005], [-77.12898139199996, 38.868709255000056], [-77.12896736399995, 38.86870804700004], [-77.12896007399996, 38.868707193000034], [-77.12940230999999, 38.86778410800008], [-77.12981586599994, 38.86701405300005], [-77.13022084299996, 38.86710519700006], [-77.13047806299994, 38.866663638000034], [-77.13066155199994, 38.866360143000065], [-77.13507118299998, 38.86622005800007], [-77.13756057499995, 38.86614154500006], [-77.13794377299996, 38.866445859000066], [-77.13807529199994, 38.866548961000035], [-77.13840746999995, 38.866813688000036], [-77.13869121599998, 38.86703940800004], [-77.13876046199994, 38.867092386000024], [-77.13900274499997, 38.86728192600003], [-77.13917583399996, 38.867415770000036], [-77.13952191299995, 38.86768883800005], [-77.13969500399998, 38.867822681000064], [-77.13987155699994, 38.86795928300006], [-77.14021763999995, 38.868232404000025], [-77.14039073399994, 38.86836621800006], [-77.14056728899999, 38.86850281900007], [-77.14074038499996, 38.86863663300005], [-77.14091342899997, 38.86877319200005], [-77.14110036599999, 38.86891815000007], [-77.14129076299997, 38.86906589400007], [-77.14146386099998, 38.869199707000064], [-77.14163690899994, 38.86933626500007], [-77.14181351999997, 38.86947011900003], [-77.14199008099996, 38.86960669000007], [-77.14215972199997, 38.86973771600003], [-77.14275340299997, 38.870199928000034], [-77.14276901499994, 38.87021210900008], [-77.14277676899997, 38.87021813000007], [-77.14278628899996, 38.87022551700005], [-77.14332625999998, 38.87064915600007], [-77.14362743999999, 38.87088330300003], [-77.14407058999996, 38.87122618400008], [-77.14440983599997, 38.87149097500003], [-77.14504340599996, 38.871981591000065], [-77.14664972999998, 38.87323308800006], [-77.14677616999995, 38.873334886000066], [-77.14507870399996, 38.873202340000034], [-77.14380474399997, 38.87310544500008], [-77.14334912499999, 38.873105674000044], [-77.14298429899998, 38.873123372000066], [-77.14252082799999, 38.87316733400007], [-77.14197902199999, 38.87327612900003], [-77.13878399499998, 38.87394055900006], [-77.13776392099999, 38.874131470000066], [-77.13638502499998, 38.87439493200003], [-77.13525964599995, 38.87459558300003], [-77.13444954699997, 38.874805355000035], [-77.13359441299997, 38.87503329800006], [-77.13353638299998, 38.87492791600005], [-77.13352963499995, 38.87492072500004], [-77.13352102999994, 38.87491142600004], [-77.13351329699998, 38.87490241100005], [-77.13350555999995, 38.87489367100005], [-77.13349701199996, 38.87488319100004], [-77.13348924999997, 38.87487390200005], [-77.13348063899997, 38.87486487700005], [-77.13347378699996, 38.874855790000026], [-77.13346344299998, 38.874843670000075], [-77.13345575099999, 38.87483438100003], [-77.13344892799995, 38.87482375700006], [-77.13344210299994, 38.874813215000074], [-77.13343613599994, 38.87480369900004], [-77.13343018799998, 38.87479325000004], [-77.13342422799997, 38.87478340400003], [-77.13341740499999, 38.87477275300006], [-77.13341145299995, 38.87476246800003], [-77.13340551099998, 38.87475168900005], [-77.13339957899996, 38.87474036200007], [-77.13339276799996, 38.87472905100003], [-77.13338771099995, 38.87471792600007], [-77.13338264399994, 38.874707294000075], [-77.13337757199997, 38.874696938000056], [-77.13337252599996, 38.87468520800007], [-77.13336741999996, 38.87467476900008], [-77.13336326299998, 38.87466434000004], [-77.13335995499995, 38.87465359200007], [-77.13335663899994, 38.87464325600007], [-77.13335247099997, 38.87463153700003], [-77.13334829199994, 38.87462039400003], [-77.13334148999996, 38.874608644000034], [-77.13333729199996, 38.87459849000004], [-77.13333225899999, 38.874586074000035], [-77.13332893499995, 38.87457431000007], [-77.13332743399997, 38.87456275900007], [-77.13332323099996, 38.87455101200004], [-77.13331819399997, 38.87454068300008], [-77.13331311399998, 38.87453073800003], [-77.13330892599998, 38.874520062000045], [-77.13330387999997, 38.87450833300005], [-77.13329793799994, 38.874497527000074], [-77.13329109299997, 38.87448802800003], [-77.13328422699993, 38.874477788000036], [-77.13327659199996, 38.87446553400008], [-77.13326974799998, 38.87445600800004], [-77.13326292099998, 38.87444554800004], [-77.13325432799996, 38.874435590000076], [-77.13324574399996, 38.87442519200005], [-77.13323803499998, 38.87441497000003], [-77.13322946399995, 38.87440388600004], [-77.13322089699994, 38.87439442200008], [-77.13321225799996, 38.87438506700005], [-77.13320453799997, 38.87437536600004], [-77.13319509399997, 38.874364025000034], [-77.13318735899998, 38.87435328000004], [-77.13318057999999, 38.87434221700005], [-77.13317377399994, 38.87433063200007], [-77.13316607599995, 38.87431983300007], [-77.13315925799998, 38.874308934000055], [-77.13315155299995, 38.87429846500004], [-77.13314558999997, 38.87428878400004], [-77.13313962899997, 38.87427902100006], [-77.13313278799995, 38.87426930300006], [-77.13312509399998, 38.874258256000076], [-77.13311825299996, 38.87424856600006], [-77.13311143999994, 38.87423742000004], [-77.13310373899998, 38.87422675800008], [-77.13309685399997, 38.874217506000036], [-77.13309007099997, 38.874206608000065], [-77.13308323499996, 38.87419667000006], [-77.13307550399998, 38.87418757300003], [-77.13306778999998, 38.87417759700003], [-77.13305831899999, 38.874167629000056], [-77.13304972499998, 38.87415775300008], [-77.13303941399994, 38.87414766400008], [-77.13303166799994, 38.87413752400005], [-77.13302309299996, 38.87412663200007], [-77.13301366099995, 38.87411465900004], [-77.13300685699994, 38.874103019000074], [-77.13300177699995, 38.87409304700003], [-77.13299758899996, 38.87408239800004], [-77.13299434299995, 38.874070250000045], [-77.13299276099997, 38.87405924800004], [-77.13299035099999, 38.874047467000025], [-77.13298792299997, 38.87403661900004], [-77.13298637099996, 38.87402589100003], [-77.13298395899994, 38.87401419300005], [-77.13298329699995, 38.874002844000074], [-77.13298374599998, 38.873979260000056], [-77.13298486899998, 38.873966394000036], [-77.13298421699994, 38.873954551000054], [-77.13298356799999, 38.87394248900006], [-77.13298380599997, 38.87392999700006], [-77.13298050999998, 38.87391861700007], [-77.13297631599994, 38.87390827100006], [-77.13297300299996, 38.87389777000004], [-77.13296619299996, 38.87388645900006], [-77.13296111499994, 38.87387643200003], [-77.13295602999995, 38.873866762000034], [-77.13294830399997, 38.87385741800006], [-77.13294322199994, 38.87384758200005], [-77.13293992399997, 38.87383628500004], [-77.13293663599995, 38.873824494000075], [-77.13293596999995, 38.87381333700006], [-77.13293619399997, 38.87380158700006], [-77.13293728999997, 38.87379017600006], [-77.13293924799996, 38.873779572000046], [-77.13294208199994, 38.87376911500007], [-77.13294759499996, 38.87375819500005], [-77.13295395099993, 38.87374720200006], [-77.13296112199998, 38.87373775700007], [-77.13296832599997, 38.87372839400007], [-77.13297817199998, 38.87371865000006], [-77.13298884199997, 38.87371174500004], [-77.13300036999993, 38.873705948000065], [-77.13301363999994, 38.87369899000004], [-77.13301987199998, 38.87369639900004], [-77.13302692899998, 38.87369477800007], [-77.13305602299994, 38.87368882800007], [-77.13308161299994, 38.87368245300007], [-77.13309663799998, 38.87367746600006], [-77.13310990699995, 38.87367240300006], [-77.13312402799994, 38.87366877800008], [-77.13313726699994, 38.873665334000066], [-77.13314964099999, 38.87366119500007], [-77.13316201099997, 38.87365721900005], [-77.13317439899998, 38.873652366000044], [-77.13318944599996, 38.873646198000074], [-77.13320272599998, 38.87364061300008], [-77.13321511499998, 38.87363567700004], [-77.13322663699995, 38.87363015400007], [-77.13323994799998, 38.87362292200004], [-77.13325063499997, 38.87361508300006], [-77.13325959099996, 38.873605988000065], [-77.13326857099997, 38.873595575000024], [-77.13327490399996, 38.873585846000026], [-77.13328039099997, 38.87357440300008], [-77.13328411299995, 38.87356346300004], [-77.13328695599995, 38.87355251200006], [-77.13328983599996, 38.87354147800005], [-77.13329376199994, 38.87351790800005], [-77.13329660399995, 38.87350517200008], [-77.13329860499994, 38.873494211000036], [-77.13330058799994, 38.87348228900004], [-77.13330255699998, 38.87347116300003], [-77.13330451999997, 38.87346028400003], [-77.13330473899998, 38.873448781000036], [-77.13330582599997, 38.87343780900005], [-77.13330515399997, 38.87342700900007], [-77.13330445499997, 38.87341574200008], [-77.13330293499996, 38.87340518000008], [-77.13330227499995, 38.87339374900006], [-77.13330164499996, 38.87338069800006], [-77.13330009699996, 38.87336977800004], [-77.13329857099995, 38.87335767700006], [-77.13329702899995, 38.87334637300006], [-77.13329286999993, 38.87333418700007], [-77.13329046199993, 38.873322296000026], [-77.13328979299996, 38.873311304000026], [-77.13329001999995, 38.87329938900007], [-77.13329114399994, 38.87328652300005], [-77.13329159299997, 38.873262940000075], [-77.13328922099998, 38.873250994000045], [-77.13328591599998, 38.87323824200007], [-77.13328262899995, 38.873226368000076], [-77.13327931499998, 38.87321594900004], [-77.13327426599994, 38.873204385000065], [-77.13326745899997, 38.87319288200007], [-77.13325976199997, 38.873182], [-77.13325292299999, 38.873172200000056], [-77.13324610799998, 38.87316113600008], [-77.13323248699999, 38.87313854200005], [-77.13322742099996, 38.87312788400004], [-77.13322236799996, 38.873116511000035], [-77.13321645799994, 38.87310408500008], [-77.13320105899999, 38.87308262400006], [-77.13319244999997, 38.87307351700008], [-77.13318299299993, 38.87306283500004], [-77.13317355599997, 38.87305113600007], [-77.13315726899998, 38.87303018700004], [-77.13315041899995, 38.873020935000056], [-77.13314184999996, 38.87300976900008], [-77.13313414599997, 38.87299929900007], [-77.13312642699998, 38.87298959800006]]]]}}, {"type": "Feature", "properties": {"OBJECTID": 18, "CIVIC": "Forest Glen", "COLOR": 4, "LABEL": "Forest Glen", "GIS_ID": 41, "Pdf": "Forest_Glen", "SHAPE_Length": 0.015847797605118157, "SHAPE_Area": 1.1067598835181501e-05}, "geometry": {"type": "MultiPolygon", "coordinates": [[[[-77.11881191999998, 38.861083912000026], [-77.11873107499997, 38.86020207900003], [-77.11869294699994, 38.859808944000065], [-77.11867273499996, 38.859583529000076], [-77.11864422599996, 38.85923993500006], [-77.11862104999994, 38.858984279000026], [-77.11864632699996, 38.858961097000076], [-77.11872541999998, 38.85887533500005], [-77.11894106899996, 38.859017564000055], [-77.11901096899999, 38.85898060000005], [-77.11915662499996, 38.85889446700003], [-77.11964235299996, 38.85847453900004], [-77.11989696399996, 38.858384166000064], [-77.11993033499994, 38.85847517800005], [-77.12023729899994, 38.85840189600003], [-77.12032384899999, 38.85833920500005], [-77.12046231199997, 38.858336603000055], [-77.12086352999995, 38.85834609500006], [-77.12176934699994, 38.858362224000075], [-77.12224715199994, 38.85835407400003], [-77.12228357499998, 38.858355765000056], [-77.12236231099996, 38.85836157700004], [-77.12240719899995, 38.85837056200006], [-77.12247119199998, 38.85839240200005], [-77.12281404099997, 38.85840543200004], [-77.12333466399997, 38.858419007000066], [-77.12441288399998, 38.858431892000056], [-77.12447687099996, 38.859339254000076], [-77.12446547099995, 38.85934216800007], [-77.12445132799996, 38.859345243000064], [-77.12443722499995, 38.859348098000055], [-77.12442400299994, 38.85935077200003], [-77.12440988799995, 38.859354204000056], [-77.12439312899994, 38.85935820900005], [-77.12437636099997, 38.85936265300006], [-77.12436310899994, 38.85936686400004], [-77.12434986899996, 38.85937049900008], [-77.12433574499994, 38.859374452000054], [-77.12432075199996, 38.859377874000074], [-77.12430751699998, 38.85938123400007], [-77.12430398099997, 38.85938248300005], [-77.12428806799994, 38.85938814600007], [-77.12427654599998, 38.85939375000004], [-77.12426414799995, 38.85939926200007], [-77.12425084499995, 38.859406136000075], [-77.12423575699995, 38.85941455400007], [-77.12422422199995, 38.859420845000045], [-77.12421089799994, 38.859428844000035], [-77.12420020599995, 38.85943695700007], [-77.12419036299997, 38.85944475100007], [-77.12417706299993, 38.85945332700004], [-77.12416551399997, 38.859460332000026], [-77.12415309599999, 38.859466886000064], [-77.12413979499996, 38.85947367800003], [-77.12412649699996, 38.859480305000034], [-77.12411057799994, 38.859486297000046], [-77.12409819399994, 38.85949104000008], [-77.12406815199995, 38.859500903000026], [-77.12405311499998, 38.859506631000045], [-77.12403632199994, 38.85951236600005], [-77.12402218499994, 38.85951700600003], [-77.12400981099995, 38.85952122700007], [-77.12399567499995, 38.85952578400003], [-77.12398152699996, 38.85953094600006], [-77.12396649199997, 38.85953659100005], [-77.12395321399998, 38.859542203000046], [-77.12394083199996, 38.85954686300005], [-77.12392580499994, 38.85955209700006], [-77.12391342199999, 38.85955684000004], [-77.12389668199995, 38.85956161400003], [-77.12388251099998, 38.85956617100004], [-77.12386924299994, 38.85957126000005], [-77.12385593499994, 38.85957659600007], [-77.12384183899997, 38.85958088000007], [-77.12382773599995, 38.85958370800006], [-77.12381277499998, 38.859585509000055], [-77.12379699399997, 38.859586093000075], [-77.12378205499994, 38.85958490200005], [-77.12376802099999, 38.859584134000045], [-77.12375487499997, 38.85958285400005], [-77.12373996799994, 38.859581828000046], [-77.12372594999994, 38.85958020800007], [-77.12371193899997, 38.85957823100006], [-77.12369879899995, 38.85957662200008], [-77.12368302299996, 38.859575146000054], [-77.12366901699994, 38.85957292200004], [-77.12365413399993, 38.859570606000034], [-77.12364013499996, 38.85956805300003], [-77.12362700499995, 38.85956592200006], [-77.12361036399994, 38.85956375000006], [-77.12359634799998, 38.859562047000054], [-77.12358321599999, 38.859559999000055], [-77.12356485599997, 38.85955772400007], [-77.12355080599997, 38.859555939000074], [-77.12353590499998, 38.85955463800008], [-77.12352098399998, 38.859554299000024], [-77.12350518999995, 38.85955375700007], [-77.12348936899997, 38.85955458700005], [-77.12347180599994, 38.859556551000026], [-77.12345594999994, 38.85955738100006], [-77.12343836499997, 38.859558657000036], [-77.12342425299994, 38.85956192500004], [-77.12340923599999, 38.85956663600007], [-77.12339686899998, 38.85957052800006], [-77.12338099199997, 38.85957426900006], [-77.12336688199997, 38.85957745400003], [-77.12335276099998, 38.85958124200005], [-77.12333864099998, 38.859584949000066], [-77.12332276299998, 38.85958879900005], [-77.12330951099995, 38.859593010000026], [-77.12329540099995, 38.85959619500005], [-77.12328128699994, 38.85959962700008], [-77.12326628099999, 38.859603735000064], [-77.12325303099993, 38.85960789100005], [-77.12323888799995, 38.85961277700005], [-77.12322566299997, 38.859617428000035], [-77.12321237499998, 38.85962172100005], [-77.12319912999999, 38.85962560200005], [-77.12318585299994, 38.85963113100007], [-77.12317257099994, 38.859636961000035], [-77.12315755999998, 38.85964134400007], [-77.12314428999997, 38.85964470300007], [-77.12313020899995, 38.859648218000075], [-77.12311698599996, 38.859650919000046], [-77.12310287899999, 38.85965399400004], [-77.12308875999997, 38.85965761800003], [-77.12307464899999, 38.85966088500004], [-77.12306054699997, 38.85966363000006], [-77.12304645199998, 38.85966604600003], [-77.12304380399996, 38.85966678400007], [-77.12303145299995, 38.859669824000036], [-77.12301644899998, 38.859673850000036], [-77.12300057299996, 38.859677591000036], [-77.12298558499998, 38.859680765000064], [-77.12297146699996, 38.85968438900005], [-77.12295824099994, 38.85968722700005], [-77.12294234799998, 38.85969184600003], [-77.12292469599998, 38.85969661000007], [-77.12291057299996, 38.859698613000035], [-77.12289740999995, 38.85970007900005], [-77.12287982899994, 38.859701081000026], [-77.12286574799998, 38.859702783000046], [-77.12284902999994, 38.85970461900007], [-77.12283143599996, 38.859706335000055], [-77.12281731599995, 38.859708229000034], [-77.12280149499998, 38.85971089900005], [-77.12278651799994, 38.859713525000075], [-77.12277062199996, 38.859716441000046], [-77.12275305399999, 38.85971862400004], [-77.12273547399997, 38.85971962600007], [-77.12272051399998, 38.85972134600007], [-77.12270379399996, 38.85972329100008], [-77.12269059299996, 38.85972486700007], [-77.12267650199993, 38.859727090000035], [-77.12266241999998, 38.85972882000004], [-77.12264923199996, 38.85972968100003], [-77.12263428599994, 38.85973071400008], [-77.12261933799994, 38.859731830000044], [-77.12259117399998, 38.85973528900007], [-77.12257176999998, 38.85973797200006], [-77.12255767599999, 38.85974217300003], [-77.12255060299998, 38.859744671000044], [-77.12254000199994, 38.85974806200005], [-77.12252762299994, 38.859752557000036], [-77.12252051899998, 38.85975667500003], [-77.12251520099994, 38.85975927700008], [-77.12250366599994, 38.85976556700007], [-77.12249297999995, 38.85977335000007], [-77.12248230499995, 38.85978058500007], [-77.12246900299994, 38.85978740300004], [-77.12245659799999, 38.85979324400006], [-77.12244422099997, 38.85979765800005], [-77.12243183999993, 38.859802236000064], [-77.12241680699998, 38.85980779800008], [-77.12240177599995, 38.85981319700005], [-77.12238938399997, 38.859818379000046], [-77.12237610899996, 38.85982379700005], [-77.12237256999998, 38.85982521100004], [-77.12236195299994, 38.859829398000045], [-77.12234775699994, 38.85983708500004], [-77.12233620599994, 38.859844199000065], [-77.12232288299998, 38.85985208900007], [-77.12230959599998, 38.859858194000026], [-77.12229627699998, 38.859864051000045], [-77.12228126999997, 38.859870054000055], [-77.12226712699999, 38.85987496800004], [-77.12225209199994, 38.85988061300003], [-77.12223710999996, 38.85988532600004], [-77.12222207499997, 38.85988910400005], [-77.12220706099998, 38.85989365100005], [-77.12219206699996, 38.859897154000066], [-77.12217794399999, 38.859901025000056], [-77.12216470199996, 38.859904742000026], [-77.12215147399996, 38.859907745000044], [-77.12213648399995, 38.859911029000045], [-77.12212060199994, 38.85991501600006], [-77.12210473299996, 38.85991837200004], [-77.12208975699997, 38.85992094300008], [-77.12207477299995, 38.85992392500003], [-77.12205978999998, 38.85992685200006], [-77.12204655899995, 38.85992996500005], [-77.12203154199995, 38.85993467600008], [-77.12201477899998, 38.859938846000034], [-77.12200153499998, 38.85994264500005], [-77.12198474899998, 38.859948022000026], [-77.12197149699995, 38.85995223300006], [-77.12195734599999, 38.859957559000065], [-77.12194851399994, 38.85996028400007], [-77.12190770699993, 38.85998196500003], [-77.12190050799995, 38.859991053000044], [-77.12189683399998, 38.86000130700006], [-77.12189747199994, 38.86001197000007], [-77.12189902599994, 38.86002253300006], [-77.12190237099998, 38.86003303500007], [-77.12191003199996, 38.86004377900008], [-77.12191863299995, 38.860053134000054], [-77.12192634399997, 38.860063111000045], [-77.12193318799996, 38.860072528000046], [-77.12194001399996, 38.86008282300003], [-77.12194244199998, 38.86009358900003], [-77.12194307099998, 38.86010655700005], [-77.12193673199994, 38.86011656100004], [-77.12193126699998, 38.86012682200004], [-77.12192319999997, 38.86013540500005], [-77.12191513099998, 38.86014407000005], [-77.12190528799994, 38.86015364800005], [-77.12189544299997, 38.86016339100007], [-77.12188650899998, 38.86017136000004], [-77.12187668999997, 38.86017973000003], [-77.12186774599996, 38.860188220000055], [-77.12185875499995, 38.86019736900005], [-77.12184982999997, 38.86020671000006], [-77.12184175699997, 38.860215623000045], [-77.12183542999998, 38.86022499500007], [-77.12182905299994, 38.860237030000064], [-77.12182270099999, 38.86024774800006], [-77.12181633999995, 38.86025893200008], [-77.12181081999995, 38.86027018100003], [-77.121805366, 38.860281705000034], [-77.12180339599996, 38.86029283100004], [-77.12180228899996, 38.860304763000045], [-77.12180293599994, 38.86031677100004], [-77.12180447799994, 38.86032793800007], [-77.12180613699996, 38.860332983000035], [-77.12180866899996, 38.86033828500007], [-77.12181283099994, 38.86035019700006], [-77.12181966499998, 38.860360136000054], [-77.12182649099998, 38.860370431000035], [-77.12183333299998, 38.86037995800007], [-77.12184105399996, 38.860389385000076], [-77.12184965299997, 38.860398850000024], [-77.12185558399995, 38.86041006900007], [-77.12186240599993, 38.86042061100005], [-77.12186658899998, 38.86043139800006], [-77.12186988699995, 38.860442585000044], [-77.12186968399999, 38.86045315500007], [-77.12186856999995, 38.86046541700006], [-77.12186307899998, 38.860477023000044], [-77.12185673999994, 38.86048705400003], [-77.12184693299997, 38.860496633000025], [-77.12183705299998, 38.86050632000007], [-77.12182895799998, 38.86051633100004], [-77.12182524899998, 38.86052658500006], [-77.12182328199998, 38.860537546000046], [-77.12182392799997, 38.860549664000075], [-77.12182633899994, 38.86056128100006], [-77.12182964399994, 38.86057205700007], [-77.12183289599994, 38.86058563300003], [-77.12183617899996, 38.86059753400008], [-77.12184034099994, 38.86060941900007], [-77.12184275599998, 38.86062084300005], [-77.12184779199998, 38.86063295800005], [-77.12185196599995, 38.86064421000003], [-77.12185521999999, 38.860657649000075], [-77.12185584499997, 38.86067086500003], [-77.12185732799998, 38.860685052000065], [-77.12185706799994, 38.86069858700006], [-77.12185595899996, 38.86071063000003], [-77.12185311099995, 38.86072180000008], [-77.12184760499997, 38.86073417500006], [-77.12183863599995, 38.86074395600008], [-77.12182706599998, 38.86075205800006], [-77.12181287799996, 38.860759306000034], [-77.12179958699994, 38.860765548000074], [-77.12178719299999, 38.860770812000055], [-77.12177391999995, 38.86077614900006], [-77.12176239599995, 38.86078183500007], [-77.12175086499997, 38.86078787800005], [-77.12173585599999, 38.86079399100004], [-77.12172255899998, 38.86079872300007], [-77.12170486799994, 38.86080546200003], [-77.12168631699996, 38.86081125900006], [-77.12166953099995, 38.86081663600004], [-77.12165625899996, 38.86082189000007], [-77.12164387099995, 38.86082685200006], [-77.12163147999996, 38.86083197900007], [-77.12161822299998, 38.860836437000046], [-77.12160321399995, 38.860840737000046], [-77.12155101799993, 38.86086104900005], [-77.12153508499995, 38.86086772700003], [-77.12152182599993, 38.860872295000036], [-77.121508582, 38.86087609300006], [-77.12149269299994, 38.86088046500004], [-77.12147504899997, 38.86088478900007], [-77.12146004599998, 38.860888732000035], [-77.12144590599996, 38.86089345400006], [-77.12143087299995, 38.86089896200008], [-77.12141319899996, 38.86090485100004], [-77.12139728699998, 38.86091040300005], [-77.12138314399994, 38.86091529000004], [-77.12136547999995, 38.860920657000065], [-77.12135134499994, 38.860925132000034], [-77.12133718899997, 38.86093073200004], [-77.12132129299994, 38.860935461000054], [-77.12130541899995, 38.86093900900005], [-77.12128777599997, 38.860943278000036], [-77.12127454099993, 38.86094663800003], [-77.12125778199999, 38.86095056000005], [-77.12124276899993, 38.86095502500007], [-77.12122865099997, 38.860958621000066], [-77.12121542399996, 38.86096156900004], [-77.12119955499998, 38.86096489700003], [-77.12118457499997, 38.86096763200004], [-77.12116870299997, 38.86097112500005], [-77.12115372799997, 38.860973613000056], [-77.12114048099994, 38.86097757700003], [-77.12112727899995, 38.860981019000064], [-77.12111225199999, 38.86098438500005], [-77.12109902999998, 38.860987058000035], [-77.12108141799996, 38.860989680000046], [-77.12106820399998, 38.86099191400007], [-77.12105144899994, 38.86099567100007], [-77.12103378899997, 38.860998979000044], [-77.12101884399993, 38.86100174100005], [-77.12100297999996, 38.86100479500004], [-77.12098711499993, 38.861006065000026], [-77.12097307299996, 38.86100754700004], [-77.12095809699997, 38.861010117000035], [-77.12094399599994, 38.86101278000007], [-77.12092817599995, 38.861015423000026], [-77.12091405499996, 38.86101731600007], [-77.12090083299995, 38.861019990000045], [-77.12088498499998, 38.86102222000005], [-77.12086826399997, 38.86102416600005], [-77.12085417999998, 38.861025977000054], [-77.12083834599997, 38.86102749400004], [-77.12082427599995, 38.86102861900008], [-77.12081021999995, 38.86102897600006], [-77.12079444699998, 38.86102912000007], [-77.12077945999994, 38.86103039900007], [-77.12076539099996, 38.86103144200007], [-77.12075134199995, 38.86103144200007], [-77.12073289199998, 38.861032022000074], [-77.12071881599996, 38.86103339400006], [-77.12070473399996, 38.86103512400007], [-77.12068805699994, 38.861034818000064], [-77.12067314099994, 38.861034231000076], [-77.12065558199998, 38.86103410700008], [-77.12064155099995, 38.86103317300007], [-77.12062489199997, 38.86103193400004], [-77.12060737899998, 38.86102939400007], [-77.12059247999997, 38.861027956000044], [-77.12057759399994, 38.861025804000064], [-77.12056447199996, 38.861023260000024], [-77.12054872199997, 38.86102041200007], [-77.12053210999994, 38.86101670100004], [-77.12050408399995, 38.86101294000008], [-77.12048923799995, 38.86100872800006], [-77.12047518999998, 38.86100683300003], [-77.12046117799997, 38.86100675100005], [-77.12044625799996, 38.861006356000075], [-77.12043131699994, 38.861007087000075], [-77.12041549899999, 38.86100778000008], [-77.12040142999996, 38.86100879500003], [-77.12038736399995, 38.86100967300007], [-77.12037150699996, 38.86101239800007], [-77.12035831099996, 38.86101367100008], [-77.12034334599997, 38.861015664000035], [-77.12032922499998, 38.86101755800007], [-77.12031429499996, 38.86101955200007], [-77.12029847999997, 38.86102005300006], [-77.12028441399997, 38.86102098600003], [-77.12026947299995, 38.86102166100005], [-77.12025279699998, 38.86102130100005], [-77.12023524899996, 38.861020600000074], [-77.12022033599999, 38.861019903000056], [-77.12020369099997, 38.86101789500003], [-77.12018964699996, 38.861015835000046], [-77.12017391799998, 38.86101370100005], [-77.12015989499997, 38.86101232800007], [-77.12014321399994, 38.86101040200003], [-77.12012835499996, 38.86100868900007], [-77.12011257299997, 38.86100748800004], [-77.12009767399996, 38.861006022000026], [-77.12008014999998, 38.86100408600004], [-77.12006437899998, 38.86100228000004], [-77.12005034499998, 38.86100151100004], [-77.12003631899995, 38.861000303000026], [-77.12002055399995, 38.86099825000008], [-77.12000214299997, 38.860996743000044], [-77.11998722299995, 38.86099640300006], [-77.11997145799995, 38.86099432300006], [-77.11995477699998, 38.86099420900007], [-77.11993810199994, 38.860993766000036], [-77.11992056599996, 38.860992434000025], [-77.11990653099997, 38.86099174700007], [-77.11989074399997, 38.86099079300004], [-77.11987410599994, 38.86098845500004], [-77.11985742599995, 38.86098825900007], [-77.11984425199995, 38.860988434000035], [-77.11982580299997, 38.86098890400007], [-77.11980912199994, 38.86098881700008], [-77.11979419299996, 38.860988889000055], [-77.11978012799995, 38.860989740000036], [-77.11976515199996, 38.86099044200006], [-77.11975111099997, 38.860991898000066], [-77.11973438799998, 38.86099392500006], [-77.11971768999996, 38.86099469000004], [-77.11970449799998, 38.86099582600008], [-77.11968780199999, 38.86099648100003], [-77.11967284699995, 38.86099792500005], [-77.11965702099997, 38.86099903000007], [-77.11964295699994, 38.86099979800008], [-77.11962888599999, 38.86100092300006], [-77.11961394199994, 38.861001791000035], [-77.11959810999997, 38.86100322500005], [-77.11958403099999, 38.86100478900005], [-77.11956996399994, 38.86100572200007], [-77.11955325299994, 38.861007174000065], [-77.11953567899997, 38.861007818000076], [-77.11952247499994, 38.861009558000035], [-77.11950665799998, 38.861010141000065], [-77.11949259299996, 38.86101099100006], [-77.11947416699996, 38.86101028000007], [-77.11945923199994, 38.86101068200003], [-77.11944252199999, 38.86101210500004], [-77.11942844299995, 38.861013670000034], [-77.11941262999994, 38.86101408800005], [-77.11939854999997, 38.86101565200005], [-77.11938184499996, 38.86101682900005], [-77.11936866499997, 38.86101727800008], [-77.11935372999994, 38.86101770700003], [-77.11933966899994, 38.86101831000008], [-77.11932473599995, 38.86101862900006], [-77.11930890599996, 38.86101992600004], [-77.11929481899995, 38.86102190200006], [-77.11927720099999, 38.86102485300006], [-77.11926308199997, 38.86102847600006], [-77.11924457599997, 38.86103193800005], [-77.11922871499996, 38.86103485500007], [-77.11921286699999, 38.86103705700003], [-77.11919790699994, 38.86103877600004], [-77.11918033499995, 38.86103933900006], [-77.11916627299996, 38.86104002400003], [-77.11915218199994, 38.86104219300006], [-77.11913547599994, 38.86104336900007], [-77.11912226099997, 38.86104568500008], [-77.11910817999996, 38.861047332000055], [-77.11909322799994, 38.86104861200005], [-77.11907738199994, 38.86105073200008], [-77.11906153299998, 38.86105304500006], [-77.11903332499998, 38.86105872700006], [-77.11901746799998, 38.86106145100007], [-77.11900162199998, 38.861063571000045], [-77.11898665999996, 38.86106537200004], [-77.11897083499997, 38.86106639500008], [-77.11895502499993, 38.861066648000076], [-77.11894094799999, 38.861068103000036], [-77.11892688599994, 38.86106878800007], [-77.11891192899998, 38.86107034300005], [-77.11889696099996, 38.861072473000036], [-77.11888025999997, 38.861073403000034], [-77.11886531, 38.86107460000005], [-77.11885123399998, 38.86107597200004], [-77.11883714699997, 38.86107794800006], [-77.11882302999999, 38.86108148900007], [-77.11881191999998, 38.861083912000026]]]]}}, {"type": "Feature", "properties": {"OBJECTID": 19, "CIVIC": "Claremont", "COLOR": 4, "LABEL": "Claremont", "GIS_ID": 42, "Pdf": "Claremont", "SHAPE_Length": 0.038545567349406666, "SHAPE_Area": 7.954642754317281e-05}, "geometry": {"type": "MultiPolygon", "coordinates": [[[[-77.10170458999994, 38.84465820500003], [-77.10133013199999, 38.84405240700005], [-77.10106252399999, 38.84377499400006], [-77.10129054599997, 38.843636727000046], [-77.10152877099995, 38.84355147200006], [-77.10180114499997, 38.84344899200005], [-77.10229999299997, 38.84328753200003], [-77.10277578699998, 38.84315224000005], [-77.10328617299996, 38.84297325600005], [-77.10365958499995, 38.84288963200004], [-77.10402343899995, 38.84271777200007], [-77.10413708599998, 38.842666234000035], [-77.10434273199996, 38.842518908000045], [-77.10474240899998, 38.84224171900007], [-77.10493575599997, 38.84214710800006], [-77.10527518399994, 38.84207186200007], [-77.10562540299998, 38.84202316100004], [-77.10621256699994, 38.84195082800005], [-77.10669459399998, 38.84183728900007], [-77.10680687399997, 38.842118337000045], [-77.10684713599994, 38.84221492800003], [-77.10691063899998, 38.84238044700004], [-77.10696073999998, 38.84251285300007], [-77.10704541899997, 38.84249188900003], [-77.10713360899996, 38.842470967000054], [-77.10730296699995, 38.84242903900008], [-77.10765578199994, 38.84234244000004], [-77.10766636399995, 38.842339956000046], [-77.10769460799997, 38.84233208100005], [-77.10770605999994, 38.84232999200003], [-77.10771751899995, 38.842327547000025], [-77.10772810699996, 38.84232476200003], [-77.10773957999999, 38.84232163000007], [-77.10775018099997, 38.84231815800007], [-77.10776078999999, 38.84231433000008], [-77.10777140399995, 38.842310172000055], [-77.10778202399996, 38.84230573900004], [-77.10779177499995, 38.84230088400005], [-77.10780152799998, 38.84229586500004], [-77.10781129099996, 38.842290379000076], [-77.10782017799994, 38.84228474500003], [-77.10782907299995, 38.84227875400006], [-77.10784327499994, 38.84227068400003], [-77.10785215599998, 38.84226538000007], [-77.10793917699993, 38.84221415400003], [-77.10794696599999, 38.84221990300006], [-77.10795387699994, 38.84222567000006], [-77.10798503299998, 38.842248694000034], [-77.10799194399993, 38.84225443300005], [-77.10799973499996, 38.84226010000003], [-77.10800752399996, 38.84226584900006], [-77.10801531399994, 38.84227151600004], [-77.10802310299994, 38.84227729300005], [-77.10803089399997, 38.842282960000034], [-77.10803780699996, 38.842288617000065], [-77.10807675999996, 38.84231695100004], [-77.10808455199998, 38.84232256300004], [-77.10809234199996, 38.842328258000066], [-77.10810013399998, 38.842333815000075], [-77.10810792499996, 38.84233948200006], [-77.10815467899994, 38.84237298900007], [-77.10816247299994, 38.842378491000034], [-77.10817026499996, 38.84238407600003], [-77.10817805899995, 38.842389550000064], [-77.10818585099997, 38.84239513500006], [-77.10820147399994, 38.84240614000004], [-77.10820923099999, 38.842411724000044], [-77.10821702499999, 38.842417226000066], [-77.10822482099996, 38.842422646000045], [-77.10823349199995, 38.842428159000065], [-77.10824911599997, 38.84243913600005], [-77.10825691099996, 38.84244455600003], [-77.10826470499995, 38.842450058000054], [-77.10827249999994, 38.84245547800003], [-77.10828113799994, 38.84246090800008], [-77.10828896799995, 38.842466383000044], [-77.10831235399996, 38.84248264200005], [-77.10832106299995, 38.84248804500004], [-77.10832882599993, 38.842493355000045], [-77.10833662099998, 38.84249880200008], [-77.10834441799994, 38.84250411200003], [-77.10835309099997, 38.84250954200007], [-77.10836868599995, 38.84252019000007], [-77.10837735899997, 38.84252562000006], [-77.10839295399995, 38.84253626800006], [-77.10840162999995, 38.84254153300003], [-77.10841722499998, 38.84255218100003], [-77.10842590099998, 38.84255744600006], [-77.10843369899999, 38.84256275600006], [-77.10844149699994, 38.842568011000026], [-77.10845017299994, 38.84257333200003], [-77.10845797099995, 38.84257858700005], [-77.108466648, 38.84258382500008], [-77.10848224599994, 38.84259430700007], [-77.10849092299998, 38.84259957300003], [-77.10849872299997, 38.842604718000075], [-77.10850739999995, 38.842609984000035], [-77.10851519999994, 38.84261515600008], [-77.10852387699998, 38.84262039400005], [-77.10853167799996, 38.84262554000003], [-77.10854035599993, 38.842630695000025], [-77.10854815599998, 38.84263586800006], [-77.10855686999997, 38.842641024000045], [-77.10856463499994, 38.84264619600003], [-77.10857331399995, 38.842651352000075], [-77.10858111499994, 38.842656497000064], [-77.10858979199998, 38.84266168000005], [-77.10859759499994, 38.84266674300005], [-77.10860627299996, 38.84267189900004], [-77.10861491799994, 38.84267699900005], [-77.10862275499994, 38.84268206300004], [-77.10863143499995, 38.84268713600005], [-77.10863923799997, 38.842692199000055], [-77.10865659699994, 38.842702400000064], [-77.10866439999995, 38.84270743600007], [-77.10867308199994, 38.84271242700004], [-77.10868176199995, 38.84271750000005], [-77.10868956499996, 38.842722508000065], [-77.10869824499997, 38.84272758100008], [-77.10870689199999, 38.84273254400006], [-77.10871473099996, 38.84273755300006], [-77.10873209399995, 38.84274753400007], [-77.10873989799995, 38.84275251500003], [-77.10874857999994, 38.842757533000054], [-77.10875726299997, 38.84276244200004], [-77.10876594499996, 38.84276743300006], [-77.10877374999995, 38.84277233100005], [-77.10878243199994, 38.842777322000074], [-77.10880848199997, 38.842792048000035], [-77.10881628699997, 38.84279694600008], [-77.10883365399997, 38.842806763000056], [-77.10884233899998, 38.842811589000064], [-77.10885098699998, 38.84281649700006], [-77.10885970699997, 38.842821324000056], [-77.10886751299995, 38.84282622200004], [-77.10891962299996, 38.84285515200003], [-77.10892830899996, 38.84285989500006], [-77.10893695999994, 38.84286469400007], [-77.10894480399998, 38.84286942800003], [-77.10895348899999, 38.84287422600005], [-77.10899692099997, 38.84289797300005], [-77.10900560999994, 38.842902579000054], [-77.10902301799996, 38.84291206700004], [-77.10904904799997, 38.842926024000064], [-77.10905773499996, 38.84293074000004], [-77.10906642299994, 38.84293540200008], [-77.10907599099994, 38.84293999100004], [-77.10909336699996, 38.84294928700007], [-77.10910205799996, 38.84295383800003], [-77.10911074599994, 38.842958500000066], [-77.10911943599996, 38.84296305100003], [-77.10912812399994, 38.842967713000064], [-77.10914550399997, 38.84297684300003], [-77.10915507199996, 38.842981433000034], [-77.10916376199998, 38.84298598500004], [-77.10917245399997, 38.84299045400007], [-77.10918114299994, 38.84299503300008], [-77.10926114199998, 38.84303442600003], [-77.10934119399997, 38.84307107300003], [-77.10935075499998, 38.843075992000024], [-77.10935943799996, 38.843080901000064], [-77.10936899899997, 38.843085820000056], [-77.10937768399998, 38.843090646000064], [-77.10939681299999, 38.84310012700007], [-77.10941594499997, 38.84310947000006], [-77.10942551299996, 38.843114032000074], [-77.10943420199999, 38.84311861100008], [-77.10944380699993, 38.84312309100005], [-77.10946291399995, 38.84313188600004], [-77.10947336199996, 38.84313632100003], [-77.10948293699994, 38.84314055300007], [-77.10949250899995, 38.843144868000024], [-77.10950204999995, 38.84314901800008], [-77.10951165999995, 38.84315325100005], [-77.10952211499995, 38.843157302000066], [-77.10954126999997, 38.84316543700004], [-77.10955172699994, 38.84316943300007], [-77.10956130799997, 38.843173309000065], [-77.10957176699998, 38.843177222000065], [-77.10958134999998, 38.84318101500003], [-77.10968927399995, 38.84322897700008], [-77.10980076199996, 38.843274235000024], [-77.10995754999993, 38.84333925200008], [-77.11011788599995, 38.843398818000026], [-77.11017022599998, 38.84341591400005], [-77.11060958499996, 38.843574896000064], [-77.11049778799998, 38.844089835000034], [-77.11045959899997, 38.84424865500006], [-77.11035987299994, 38.84468410100004], [-77.11031822599995, 38.84484013400004], [-77.11031434299997, 38.84485931100005], [-77.11042157999998, 38.84494296300005], [-77.11060498799998, 38.84508243800008], [-77.11078137599998, 38.845221802000026], [-77.11096473299995, 38.84536404900007], [-77.11114452699996, 38.84550897300005], [-77.11146969899994, 38.84576271200007], [-77.11153885199997, 38.84581845200006], [-77.11181216299997, 38.84603038600005], [-77.11194709899996, 38.84613633300006], [-77.11207510199995, 38.84623398600007], [-77.11235182199994, 38.846451424000065], [-77.11258710299995, 38.84663270000004], [-77.11271163299995, 38.846730285000035], [-77.11329101499996, 38.847186031000035], [-77.11346573599997, 38.84732136200006], [-77.11346705099999, 38.84732236600007], [-77.11307337499994, 38.84787267000007], [-77.11271870699994, 38.84847928800008], [-77.11253057299996, 38.84875263300006], [-77.11139425299996, 38.849790092000035], [-77.11054257099994, 38.85056596800007], [-77.10888113399994, 38.85208414700003], [-77.10859875199998, 38.85220898700004], [-77.10836224899998, 38.85225877100004], [-77.10826277399997, 38.85227972500007], [-77.10794076199994, 38.85233464600003], [-77.10749710699997, 38.852324029000044], [-77.10704193099997, 38.85233167300004], [-77.10695109999995, 38.85233059500007], [-77.10645012499998, 38.85234389900006], [-77.10605807499996, 38.85235640900004], [-77.10605004299998, 38.85224673700003], [-77.10605259399995, 38.852225186000055], [-77.10605983099998, 38.852202559000034], [-77.10609638099999, 38.85210740700006], [-77.10612655099999, 38.852049099000055], [-77.10616685199994, 38.85196553700007], [-77.10618341899993, 38.85192509400008], [-77.10619474099997, 38.85189743600006], [-77.10622655099996, 38.85182715900004], [-77.10624918099995, 38.85176136200005], [-77.10625635199995, 38.85174118800006], [-77.10626429199993, 38.85171050300005], [-77.10626854599997, 38.85168257200007], [-77.10626719299995, 38.85165346300005], [-77.10626421799998, 38.85162828400007], [-77.10625718099999, 38.85159374300008], [-77.10624559799999, 38.85156118900005], [-77.10622989099994, 38.85153012200004], [-77.10621008899994, 38.85150049300006], [-77.10618642099996, 38.85147263500005], [-77.10615914999994, 38.85144685300003], [-77.10612870299997, 38.85142353600003], [-77.10603982799995, 38.851366023000026], [-77.10602274599995, 38.85135314400003], [-77.10600761899997, 38.85133908300003], [-77.10599443599995, 38.85132385900005], [-77.10598334499997, 38.85130764000007], [-77.10597446599996, 38.85129060500003], [-77.10596751299994, 38.851271911000026], [-77.10593169799995, 38.85119335200005], [-77.10589654399996, 38.85112977400007], [-77.10582836199995, 38.851024609000035], [-77.10577011899994, 38.850915900000075], [-77.10571778499997, 38.85081049000007], [-77.10564332599995, 38.85065291500007], [-77.10552728299996, 38.85044828000008], [-77.10548861599995, 38.85038773200006], [-77.10545859599995, 38.85032530500007], [-77.10543699699997, 38.850260811000055], [-77.10542400699995, 38.85019474600006], [-77.10541192599999, 38.850079538000045], [-77.10540232599999, 38.84997563400003], [-77.10540088899995, 38.84984003300008], [-77.10540360699997, 38.84981773800007], [-77.10540331299995, 38.849793985000076], [-77.10539984499997, 38.84977038900007], [-77.10539323899997, 38.84974721100008], [-77.10538357099995, 38.84972471200007], [-77.10535058299996, 38.84966824000003], [-77.10533992399996, 38.84965463700007], [-77.10528520899999, 38.84958481000007], [-77.10526459599998, 38.84956457200008], [-77.10525476899994, 38.84955739900005], [-77.10524341099995, 38.84955114100006], [-77.10523040499999, 38.849546076000024], [-77.10521581199998, 38.84954211300004], [-77.10520048699993, 38.84953976700007], [-77.10518636999996, 38.849539062000076], [-77.10517356099996, 38.849539761000074], [-77.10515189199998, 38.84954299900005], [-77.10512199799996, 38.84954870300004], [-77.10508829399998, 38.84955831000008], [-77.10505728399994, 38.849569003000056], [-77.10502207899998, 38.849580237000055], [-77.10500494499996, 38.84958470000004], [-77.10498200799998, 38.849589051000066], [-77.10495221699995, 38.84959023300007], [-77.10492306599997, 38.84958885300006], [-77.10489427299996, 38.84958494800003], [-77.10486566099996, 38.849578448000045], [-77.10467484499998, 38.849527875000035], [-77.10448241199998, 38.84947226400004], [-77.10446400999996, 38.84946529300004], [-77.10444659199999, 38.84945694000004], [-77.10443031899996, 38.849447283000075], [-77.10441534399996, 38.849436413000035], [-77.10440182199994, 38.849424439000074], [-77.10438987999999, 38.84941147400008], [-77.10437972799997, 38.84939777300008], [-77.10431844399994, 38.84928591900007], [-77.10429273199998, 38.84923973800005], [-77.10426028799998, 38.84919474600008], [-77.10422368899998, 38.84915412200007], [-77.10418687499998, 38.849113629000044], [-77.10412338499998, 38.84905656600006], [-77.10405731999998, 38.84900890800003], [-77.10401163499995, 38.848968555000056], [-77.10397262499998, 38.84892428100005], [-77.10394049199994, 38.84887624600003], [-77.10386452999995, 38.848746145000064], [-77.10386131799999, 38.84873977700005], [-77.10385667799994, 38.848732795000046], [-77.10385059199996, 38.84872570400006], [-77.10384476299998, 38.84872014000007], [-77.10383823099994, 38.848715078000055], [-77.10382972399998, 38.84870964600003], [-77.10382132199999, 38.84870539900004], [-77.10381235099999, 38.84870183400005], [-77.10380355699994, 38.84869919300007], [-77.10361977599996, 38.848648454000056], [-77.10357780999993, 38.84863704300005], [-77.10345358999996, 38.848596873000076], [-77.10333755399995, 38.848545976000025], [-77.10326021899994, 38.84849157600007], [-77.10318572899996, 38.84843190600003], [-77.10308649199999, 38.84836521400007], [-77.10298737299996, 38.84830888500005], [-77.10295655799996, 38.84828545100004], [-77.10292075899997, 38.84825127400006], [-77.10274946299995, 38.84807923900007], [-77.10265725999994, 38.84800341000005], [-77.10255834199995, 38.84793742200003], [-77.10250584499994, 38.84791310300005], [-77.10245015299995, 38.84789460600007], [-77.10234311499994, 38.847869443000036], [-77.10233166899997, 38.84786689200007], [-77.10232154199997, 38.84786371600006], [-77.10231189199999, 38.84785974000005], [-77.10230281699995, 38.84785499900005], [-77.10229442299999, 38.84784955300006], [-77.10228679199997, 38.84784345700007], [-77.10228001099995, 38.84783677300004], [-77.10227457899998, 38.84783010800004], [-77.10224153599995, 38.847763206000025], [-77.10220660899995, 38.84769248900005], [-77.10217848299999, 38.847644065000054], [-77.10216357399997, 38.84762297800006], [-77.10214567399998, 38.847603122000066], [-77.10212511499998, 38.847584905000076], [-77.10210214499995, 38.84756855000006], [-77.10207703199995, 38.84755424600007], [-77.10205008099996, 38.84754216500005], [-77.10202265799995, 38.84753280900003], [-77.10198573399998, 38.84751923600004], [-77.10194621599999, 38.84750838400004], [-77.10190549099997, 38.84750071900004], [-77.10186398099995, 38.847496327000044], [-77.10182474999993, 38.84749531700004], [-77.10171791499994, 38.84747443800006], [-77.10151361999993, 38.84741216900005], [-77.10133556299996, 38.84737179100006], [-77.10121190599995, 38.84735202400003], [-77.10117806499994, 38.847351898000056], [-77.10114513599996, 38.84735465700004], [-77.10111229999995, 38.84736034700006], [-77.10105127099996, 38.847380014000066], [-77.10066271099998, 38.84730954200006], [-77.10079198599993, 38.84671974200006], [-77.10108663399996, 38.84537583500003], [-77.10191223399994, 38.844814486000075], [-77.10170458999994, 38.84465820500003]]]]}}, {"type": "Feature", "properties": {"OBJECTID": 20, "CIVIC": "Arlington View", "COLOR": 2, "LABEL": "Arlington View", "GIS_ID": 43, "Pdf": "Arlington_View", "SHAPE_Length": 0.020195597619897875, "SHAPE_Area": 2.3967767459866036e-05}, "geometry": {"type": "MultiPolygon", "coordinates": [[[[-77.07400816199998, 38.86592868900004], [-77.07382018699997, 38.86550900100008], [-77.07362269699996, 38.86555051200003], [-77.07304151099999, 38.86527710800004], [-77.07233285799998, 38.865134512000054], [-77.07169081199999, 38.86484328100005], [-77.07112509999996, 38.86467712500007], [-77.07085778099997, 38.864695840000024], [-77.07060680399996, 38.86459941800007], [-77.07003298999996, 38.86466382900005], [-77.06986196099996, 38.864609571000074], [-77.06987234499996, 38.86391219200004], [-77.06986700799996, 38.86365124900004], [-77.06998321699996, 38.863636188000044], [-77.06997620899995, 38.86328457700006], [-77.07002992099996, 38.86323308300007], [-77.07002532399997, 38.86310945300005], [-77.07008528299997, 38.86292070400003], [-77.07016964899998, 38.86291898500008], [-77.07012657899998, 38.86261089900006], [-77.07011186599993, 38.86246792400004], [-77.07015056699998, 38.86246290300005], [-77.07026822699999, 38.86204344300006], [-77.07025662099994, 38.861439466000036], [-77.07023486299994, 38.86105244200007], [-77.07034248599996, 38.861052105000056], [-77.07051269599998, 38.86103248300003], [-77.07066601599996, 38.860993241000074], [-77.07090120799995, 38.860911635000036], [-77.07105127999995, 38.86085554600004], [-77.07116367199995, 38.860797379000076], [-77.07137636899995, 38.860672384000054], [-77.07151559899995, 38.86058746700007], [-77.07157714799996, 38.86055325800004], [-77.07165472099996, 38.86052385800008], [-77.07174836299998, 38.86050418100007], [-77.07189769299998, 38.86048886200007], [-77.07239312799999, 38.86043609400008], [-77.07238363099998, 38.86038380300005], [-77.07248567999994, 38.86037405900004], [-77.07300300199995, 38.860322680000024], [-77.07392500699996, 38.86023227800007], [-77.07445291599998, 38.86017827500007], [-77.07459352599994, 38.86070448400005], [-77.07479955399998, 38.86147039600007], [-77.07486062699996, 38.861702440000045], [-77.07507065399994, 38.86250072100006], [-77.07521052999994, 38.86306262000005], [-77.07533816099993, 38.863533748000066], [-77.07561928599995, 38.86458890800003], [-77.07581829299994, 38.86535747800008], [-77.07584716599996, 38.86542829200005], [-77.07526987999995, 38.86557726600006], [-77.07487171399998, 38.865688154000054], [-77.07400816199998, 38.86592868900004]]]]}}, {"type": "Feature", "properties": {"OBJECTID": 21, "CIVIC": "Penrose", "COLOR": 4, "LABEL": "Penrose", "GIS_ID": 44, "Pdf": "Penrose", "SHAPE_Length": 0.04232414088535836, "SHAPE_Area": 0.00010020022663239876}, "geometry": {"type": "MultiPolygon", "coordinates": [[[[-77.08503397999993, 38.87447840200008], [-77.08503051099996, 38.87447794800005], [-77.08502704299997, 38.87447746700008], [-77.08502357499998, 38.87447698600005], [-77.08502014199996, 38.87447647700003], [-77.08501670899994, 38.87447596900006], [-77.08501324099996, 38.87447548800003], [-77.08500977399996, 38.874474924000026], [-77.08500634199999, 38.874474389000056], [-77.08500294499999, 38.87447385400003], [-77.08499944299996, 38.874473317000025], [-77.08499601199998, 38.87447269900008], [-77.08499258099994, 38.874472136000065], [-77.08498918499998, 38.874471518000064], [-77.08498571899997, 38.87447092700006], [-77.08498232399995, 38.87447028200006], [-77.08497889299997, 38.87446969200005], [-77.08497546399997, 38.87446904600006], [-77.08497206899995, 38.87446840100006], [-77.08496863899995, 38.87446775600006], [-77.08496432199996, 38.87446578200007], [-77.08424918999998, 38.874323538000056], [-77.08311602399993, 38.87399808200007], [-77.08247118099996, 38.87375869700003], [-77.08246847499998, 38.873756961000026], [-77.08246576999994, 38.87375519900007], [-77.08246306499996, 38.87375343600007], [-77.08246035899998, 38.87375170100006], [-77.08245765399994, 38.87374993800006], [-77.08245498299993, 38.87374817600005], [-77.08245227799995, 38.87374641300005], [-77.08244957299996, 38.87374465000005], [-77.08244690299995, 38.87374288800004], [-77.08244419799996, 38.87374109800004], [-77.08244152799995, 38.87373933600003], [-77.08243885799999, 38.87373754600003], [-77.08243618799997, 38.873735784000075], [-77.08243348399998, 38.87373399400008], [-77.08243081399996, 38.873732231000076], [-77.08242814399995, 38.87373044200007], [-77.08242547399993, 38.87372865200007], [-77.08242283999994, 38.87372686300006], [-77.08242016999998, 38.87372507300006], [-77.08241750099995, 38.87372328300006], [-77.08241483199998, 38.87372146600006], [-77.08241219699994, 38.873719677000054], [-77.08240952799997, 38.873717887000055], [-77.08240689399997, 38.87371607000006], [-77.08240425999998, 38.87371425400005], [-77.082401555, 38.87371246400005], [-77.08239895599996, 38.87371064700005], [-77.08239632199997, 38.873708831000044], [-77.08239368899996, 38.87370701400005], [-77.08239105499996, 38.87370519700005], [-77.08238842099996, 38.87370338000005], [-77.08238578699996, 38.873701564000044], [-77.08238318799994, 38.873699747000046], [-77.08238055499999, 38.87369790300005], [-77.08237792099999, 38.87369608600005], [-77.08237535799998, 38.873694243000045], [-77.08237272399998, 38.87369239900005], [-77.08237008999998, 38.87369058200005], [-77.08236749199995, 38.873688738000055], [-77.08236489399997, 38.87368689400006], [-77.08236229599999, 38.87368505100005], [-77.08235966199999, 38.87368320600007], [-77.08235709899998, 38.87368136300006], [-77.08235450099994, 38.873679492000065], [-77.08235190299996, 38.87367767600006], [-77.08234930499998, 38.87367580400007], [-77.08234670699994, 38.87367393300008], [-77.082344144, 38.87367209000007], [-77.08234151099998, 38.87367021800003], [-77.08233898399999, 38.87366834800008], [-77.08233642099998, 38.87366647700003], [-77.08233382399999, 38.873664606000034], [-77.08233126099998, 38.87366273500004], [-77.08232869799997, 38.873660864000044], [-77.08232613599995, 38.87365899300005], [-77.08232357299994, 38.873657122000054], [-77.08232101099998, 38.87365522400006], [-77.08231844899996, 38.873653353000066], [-77.08231588699994, 38.87365145500007], [-77.08231335899995, 38.87364958500007], [-77.08231076199996, 38.87364768600003], [-77.08230823499997, 38.87364578800003], [-77.08230570799998, 38.87364389000004], [-77.08230318099999, 38.873641993000035], [-77.08230065399994, 38.87364009500004], [-77.08229809199997, 38.87363819700005], [-77.08229556499998, 38.873636299000054], [-77.08229303799999, 38.87363440100006], [-77.08229051199999, 38.87363247600007], [-77.08228798499994, 38.873630578000075], [-77.08228549399996, 38.873628653000026], [-77.08228296799996, 38.87362672800003], [-77.08228044099997, 38.87362483000004], [-77.08227794899994, 38.87362290500005], [-77.08227542299994, 38.873620980000055], [-77.08227293199997, 38.87361905500006], [-77.08227040499997, 38.873617129000024], [-77.08226791399994, 38.87361520500008], [-77.08226545799994, 38.87361328000003], [-77.08226293199994, 38.87361132700005], [-77.08226044099996, 38.873609402000056], [-77.08225794999998, 38.873607450000065], [-77.08225545899995, 38.87360552500007], [-77.08225296799998, 38.873603573000025], [-77.08225051199997, 38.87360167600008], [-77.08224802099994, 38.87359969600004], [-77.08224556599998, 38.87359774400005], [-77.08224307499995, 38.87359579200006], [-77.08224061999994, 38.87359384000007], [-77.08223816399999, 38.87359188800008], [-77.08223567399995, 38.87358990800004], [-77.08223321799994, 38.87358795700004], [-77.08223076299998, 38.87358600500005], [-77.08222830799997, 38.87358402500007], [-77.08222585199997, 38.87358207300008], [-77.08222343199998, 38.87358009400003], [-77.08222097799995, 38.873578088000045], [-77.08221852099996, 38.87357616300005], [-77.08221610099997, 38.87357418400006], [-77.08221364599996, 38.87357220500007], [-77.08221122699996, 38.87357022600003], [-77.08220880699997, 38.87356824700004], [-77.08220635199996, 38.87356626800005], [-77.08220393199997, 38.87356426100007], [-77.08220151199998, 38.87356231000007], [-77.08219909299999, 38.873560276000035], [-77.08219667299994, 38.873558297000045], [-77.08219425399994, 38.87355629100006], [-77.08219186899998, 38.87355431200007], [-77.08218944899994, 38.87355230600008], [-77.08218702999994, 38.873550299000044], [-77.08218464599997, 38.873548294000045], [-77.08218226099996, 38.87354628800006], [-77.08217980699999, 38.87354428100008], [-77.082177458, 38.873542275000034], [-77.08217507399996, 38.873540269000046], [-77.08217268999994, 38.87353823600006], [-77.08217030599997, 38.87353623000007], [-77.08216792199994, 38.87353419600004], [-77.08216553799997, 38.87353219100004], [-77.08216315399994, 38.87353015700006], [-77.08216080499994, 38.87352815200006], [-77.08215842099997, 38.87352611800003], [-77.08215607299996, 38.87352408500004], [-77.08215365399997, 38.873522051000066], [-77.08215133999994, 38.87352001900007], [-77.08214899199999, 38.873517986000024], [-77.08214660799996, 38.87351595200005], [-77.08214429499998, 38.87351389200006], [-77.08214194599998, 38.873511859000075], [-77.08213956299994, 38.87350982600003], [-77.08213724999996, 38.873507766000046], [-77.08213490099996, 38.87350573300006], [-77.08213258799998, 38.87350367300007], [-77.08213023999997, 38.87350161200004], [-77.08212792699999, 38.873499552000055], [-77.08212557899998, 38.87349749200007], [-77.08212326599994, 38.87349543200003], [-77.08212095299996, 38.87349337200004], [-77.08211860599994, 38.87349128400007], [-77.08211629199997, 38.87348925200007], [-77.08211397899998, 38.87348719100004], [-77.08211170199996, 38.87348510400005], [-77.08210938899998, 38.87348304400007], [-77.08210707599994, 38.873480984000025], [-77.08210479899998, 38.87347889700004], [-77.08210248699999, 38.87347681000006], [-77.08210020899998, 38.87347475000007], [-77.08209789599994, 38.87347269000003], [-77.08209561899997, 38.873470576000045], [-77.08209337699998, 38.87346848900006], [-77.08209106499999, 38.873466402000076], [-77.08208878699998, 38.873464315000035], [-77.08208650999995, 38.87346222800005], [-77.08208423399998, 38.87346008600008], [-77.08208195599997, 38.87345802600004], [-77.08207967899995, 38.873455911000065], [-77.08207743699995, 38.87345382500007], [-77.08207516099998, 38.87345171000004], [-77.08207291799994, 38.873449624000045], [-77.08207067699993, 38.87344751000006], [-77.08206843499994, 38.87344539600008], [-77.08206615799998, 38.87344328100005], [-77.08206391699997, 38.87344116700007], [-77.08206167599997, 38.87343902500004], [-77.08205943399997, 38.873436939000044], [-77.08205722699995, 38.87343482500006], [-77.08205498599995, 38.87343271100008], [-77.08205274399995, 38.87343059700004], [-77.08205053799998, 38.873428456000056], [-77.08204829599998, 38.87342634200007], [-77.08204609099994, 38.873424201000034], [-77.08204388499996, 38.87342206000005], [-77.08204167799994, 38.87341994600007], [-77.08203947199996, 38.87341780500003], [-77.08203726599999, 38.87341566400005], [-77.08203505999995, 38.873413550000066], [-77.08203285399998, 38.87341138100004], [-77.08203064799994, 38.87340924000006], [-77.08202844299996, 38.873407099000076], [-77.08202627199995, 38.87340495900003], [-77.08202403099995, 38.873402817000056], [-77.08202189599996, 38.873400649000075], [-77.08201972499995, 38.873398509000026], [-77.08201751899998, 38.873396340000056], [-77.08201538399999, 38.873394200000064], [-77.08201317799995, 38.87339203100004], [-77.08201104299997, 38.873389864000046], [-77.08200887199996, 38.873387723000064], [-77.08200670199994, 38.87338555500003], [-77.08200453199998, 38.87338338700005], [-77.08200239699994, 38.873381219000066], [-77.08200005399993, 38.873378856000045], [-77.08130237199998, 38.87235487700008], [-77.08072561099993, 38.871555089000026], [-77.07977904799998, 38.87043900900005], [-77.07899779099995, 38.86960999100006], [-77.07822528499997, 38.868914698000026], [-77.07779944299995, 38.86855321000007], [-77.07755541399996, 38.86835676600003], [-77.077307035, 38.868163673000026], [-77.07705437399994, 38.86797401600006], [-77.07679753499997, 38.867787822000025], [-77.07653658899994, 38.86760517500005], [-77.07627153299995, 38.86742610300007], [-77.07600257699994, 38.86725069000005], [-77.07572975499994, 38.86707896400003], [-77.07527030499995, 38.86680323100006], [-77.07525090899998, 38.86678586000005], [-77.07523190599994, 38.866768164000064], [-77.07521332999994, 38.86675022700007], [-77.07519514399996, 38.86673204700003], [-77.07517734999993, 38.866713624000056], [-77.07515998299993, 38.86669493200003], [-77.075143041, 38.86667605300005], [-77.07512652599996, 38.86665690500007], [-77.07511043599999, 38.86663757000008], [-77.07509477199994, 38.866617992000045], [-77.07507953399994, 38.866598200000055], [-77.07506479199998, 38.866578222000044], [-77.07505043999998, 38.86655802900003], [-77.07503658399997, 38.866537650000055], [-77.07502315299996, 38.866517083000076], [-77.07501021699994, 38.86649635800006], [-77.07499770599998, 38.86647544600004], [-77.07498568999995, 38.866454375000046], [-77.07497416899997, 38.86643311800003], [-77.07496307399998, 38.86641167400006], [-77.07495250699998, 38.866390154000044], [-77.07494239999994, 38.86636847400007], [-77.07493275199994, 38.86634666300006], [-77.07492363399996, 38.86632469400007], [-77.07491497499996, 38.866302620000056], [-77.07490684499999, 38.86628044300005], [-77.07489917399994, 38.86625813400008], [-77.07489203099993, 38.866235749000055], [-77.07488538199993, 38.86621326000005], [-77.07487922699994, 38.86619069500006], [-77.07487359999999, 38.86616802700007], [-77.07486846699999, 38.86614528200005], [-77.07486382699994, 38.86612248800003], [-77.07485967899999, 38.86609964500008], [-77.07485609399998, 38.86607672700006], [-77.07485300299999, 38.86605375900007], [-77.07485043899999, 38.866030771000055], [-77.07484836699996, 38.86600776100005], [-77.07484682199998, 38.86598470300004], [-77.07484576999997, 38.86596165100008], [-77.07484524499995, 38.86593855000007], [-77.07484524599994, 38.86591548300004], [-77.07484573999994, 38.86589239400007], [-77.07484679599997, 38.86586931200003], [-77.07484830699997, 38.86584626400003], [-77.07485037999999, 38.86582324900007], [-77.07485294399999, 38.865800241000045], [-77.07485789699996, 38.86576487600007], [-77.07487171399998, 38.865688154000054], [-77.07526987999995, 38.86557726600006], [-77.07584716599996, 38.86542829200005], [-77.07750938499998, 38.86499932100003], [-77.07859372099995, 38.86471908900006], [-77.08152843799996, 38.863966154000025], [-77.08415648299996, 38.863301112000045], [-77.08592417299997, 38.86285484000007], [-77.08703531099997, 38.862574635000044], [-77.08735440299995, 38.86410232600008], [-77.08746617499997, 38.86463734300003], [-77.08791162699998, 38.866940011000054], [-77.08828363099997, 38.868895843000075], [-77.08833658199995, 38.87063433000003], [-77.08836453399994, 38.87081156800008], [-77.08866590299994, 38.87160232400004], [-77.08889567699998, 38.87217560800008], [-77.08943563599996, 38.87345849500008], [-77.08529398899998, 38.87448290700007], [-77.08529285799995, 38.87448143800003], [-77.08528937299997, 38.87448180800004], [-77.08528588899998, 38.87448215100005], [-77.08528240399994, 38.87448249300007], [-77.08527891999995, 38.87448283600003], [-77.08527543499997, 38.87448317800005], [-77.08527195099998, 38.87448349300007], [-77.08526846799998, 38.87448378100004], [-77.08526494899996, 38.87448406800007], [-77.08526146599996, 38.87448435500005], [-77.08525798299996, 38.87448461500003], [-77.08525446499993, 38.874484875000064], [-77.08525098199993, 38.874485108000044], [-77.08524746399996, 38.874485367000034], [-77.08524398199995, 38.87448557300007], [-77.08524046499997, 38.874485777000075], [-77.08523698299996, 38.874486010000055], [-77.08523346599998, 38.87448618700006], [-77.08522994999998, 38.87448636500005], [-77.08522646899996, 38.87448654200006], [-77.08522295299997, 38.87448669200006], [-77.08521943699998, 38.87448684200007], [-77.08521592199997, 38.874486965000074], [-77.08521244099995, 38.874487087000034], [-77.08520892599995, 38.87448721000004], [-77.08520541099995, 38.87448730500006], [-77.08520189599994, 38.87448740000008], [-77.08519838199999, 38.87448746700005], [-77.08519486799997, 38.87448753500007], [-77.08519135299997, 38.87448763000003], [-77.08518783999995, 38.87448764200008], [-77.08518432699998, 38.87448765500005], [-77.08518081299997, 38.87448769500003], [-77.08517729999994, 38.87448770800006], [-77.08517378699997, 38.87448769300005], [-77.08517027499994, 38.87448767800004], [-77.08516676199997, 38.874487663000025], [-77.08516328499996, 38.87448762100007], [-77.08515973799996, 38.87448757800007], [-77.08515622599998, 38.87448750900006], [-77.08515271499994, 38.87448743900006], [-77.08514920299996, 38.874487369000065], [-77.08514569199997, 38.87448727200007], [-77.08514218099998, 38.87448717500007], [-77.08513867099998, 38.87448705000003], [-77.08513519499996, 38.87448695300003], [-77.08513168499996, 38.874486801000046], [-77.08512817499997, 38.87448664900006], [-77.08512466499997, 38.87448649700008], [-77.08512115599996, 38.87448631700005], [-77.08511764599996, 38.874486137000076], [-77.08511413699995, 38.87448593000005], [-77.08511059299997, 38.874485750000076], [-77.08510715499995, 38.87448551700004], [-77.08510364599994, 38.87448528200008], [-77.08510013799997, 38.874485048000054], [-77.08509662999995, 38.87448481300004], [-77.08509315699996, 38.87448455200007], [-77.08508964999999, 38.87448426200007], [-77.08508614199997, 38.874484], [-77.08508267099995, 38.87448368400004], [-77.08507916299999, 38.87448339500003], [-77.08507569199998, 38.874483078000026], [-77.08507218599993, 38.874482734000026], [-77.08506871399999, 38.874482417000024], [-77.08506520799995, 38.874482046000026], [-77.085061737, 38.874481702000026], [-77.08505826699997, 38.87448133000004], [-77.08505479699994, 38.87448093200004], [-77.08505132699997, 38.87448053300005], [-77.08504778699995, 38.87448013300008], [-77.08504435299994, 38.874479707000035], [-77.08504088299998, 38.87447928100005], [-77.08503741399994, 38.87447885500006], [-77.08503397999993, 38.87447840200008]]]]}}, {"type": "Feature", "properties": {"OBJECTID": 22, "CIVIC": "Glencarlyn", "COLOR": 5, "LABEL": "Glencarlyn", "GIS_ID": 47, "Pdf": "Glencarlyn", "SHAPE_Length": 0.05169907963242372, "SHAPE_Area": 0.00010166150010735505}, "geometry": {"type": "MultiPolygon", "coordinates": [[[[-77.12521304099994, 38.86743713100003], [-77.12088955799999, 38.86468661600003], [-77.11689099399996, 38.862099174000036], [-77.11690336199996, 38.86209528300003], [-77.11691753899999, 38.86208866700008], [-77.11693168499994, 38.86208367100005], [-77.11694492899994, 38.86207987200004], [-77.11695900799998, 38.862078336000025], [-77.11697396099999, 38.86207697400005], [-77.11698804399998, 38.86207524500003], [-77.11700300099994, 38.862073691000035], [-77.11701791799999, 38.862074224000025], [-77.11703194499995, 38.86207540500004], [-77.11704683999994, 38.86207706400006], [-77.11706262199993, 38.862078266000026], [-77.11707751999995, 38.862079814000026], [-77.11709327499995, 38.86208241600008], [-77.11710901799995, 38.86208567700004], [-77.11712389199994, 38.862088406000055], [-77.11713701299993, 38.862091005000025], [-77.11715277399998, 38.86209330500003], [-77.11716589799994, 38.86209579400003], [-77.11718161799996, 38.862098368000034], [-77.11719566599999, 38.86210026300006], [-77.11721141799995, 38.86210303000007], [-77.11722719599999, 38.86210447900004], [-77.11724210399996, 38.86210545100005], [-77.11725790999998, 38.862105445000054], [-77.11727196899994, 38.86210492400005], [-77.11728602299996, 38.86210467800004], [-77.11730007899996, 38.86210432100006], [-77.11731589599998, 38.86210373900008], [-77.11733171799995, 38.86210285400006], [-77.11734840499997, 38.86210269400004], [-77.11736598899995, 38.86210150000005], [-77.11737916399994, 38.86210129800003], [-77.11739497399998, 38.862101073000076], [-77.11740990799996, 38.86210072700004], [-77.11742657599996, 38.86210152700005], [-77.11744059099993, 38.862103312000045], [-77.11745813899995, 38.86210398600008], [-77.11747307099995, 38.86210377700007], [-77.11748798399998, 38.86210447500008], [-77.11750202599995, 38.862104860000045], [-77.11751954999994, 38.86210501100004], [-77.11753452799996, 38.862104171000055], [-77.11754860899998, 38.86210252500007], [-77.11756180699996, 38.86210114200003], [-77.11757675899997, 38.862099863000026], [-77.11759261099996, 38.86209746800006], [-77.11761989599995, 38.862094110000044], [-77.11763486099994, 38.86209211700003], [-77.11764897099994, 38.86208896000005], [-77.11767719099998, 38.86208267400008], [-77.11769043199996, 38.86207904100007], [-77.11770627799996, 38.862075108000056], [-77.11772042399997, 38.86207192400008], [-77.11773628599997, 38.86206895300006], [-77.11774950699998, 38.862066363000054], [-77.11776362299997, 38.86206293200007], [-77.11777686699998, 38.86205913300006], [-77.11779011999994, 38.862054896000075], [-77.11781577299996, 38.86204509200007], [-77.11782993099996, 38.86203941000008], [-77.11784230899997, 38.86203502400008], [-77.11785907899997, 38.86203049900007], [-77.11787319999996, 38.86202679300004], [-77.11790055499995, 38.86201981000005], [-77.11791554099995, 38.86201674600005], [-77.11792793099994, 38.86201354200006], [-77.11794197799998, 38.86201181300004], [-77.11795869599996, 38.86201003200006], [-77.11797276099998, 38.86200923700005], [-77.11798766399994, 38.862010456000064], [-77.11800258099998, 38.862010988000065], [-77.11801660699996, 38.86201219700007], [-77.11803151499998, 38.862013223000076], [-77.11804728999994, 38.862014782000074], [-77.11806392699998, 38.86201720200006], [-77.11809194299997, 38.86202148600006], [-77.11810948099998, 38.86202270900003], [-77.11812353999994, 38.862022188000026], [-77.11813850499993, 38.86202022200007], [-77.11815260399999, 38.86201764200007], [-77.11816584199994, 38.86201420000003], [-77.11817905899994, 38.86200996200006], [-77.11819585599994, 38.86200590400006], [-77.11821176199999, 38.86200065400004], [-77.11822679699998, 38.86199509100004], [-77.11824095499998, 38.861989409000046], [-77.11825685599996, 38.86198446100008], [-77.11827009999996, 38.861980662000065], [-77.11828687199994, 38.861976054000024], [-77.11829925499995, 38.86197139400008], [-77.11831346699995, 38.86196477900006], [-77.11833998299994, 38.86195394200007], [-77.11835150499996, 38.86194833800005], [-77.11836389699994, 38.86194323900003], [-77.11837807199998, 38.86193670500006], [-77.11839049099996, 38.861930151000024], [-77.11840376599997, 38.86192473300008], [-77.11842060599997, 38.86191661000004], [-77.11843212999997, 38.86191092400003], [-77.11844542699998, 38.861904380000055], [-77.11847116899997, 38.861889992000044], [-77.11849424199994, 38.86187732900004], [-77.11851909099994, 38.861863699000025], [-77.11853239999994, 38.86185649600003], [-77.11854485099997, 38.86184829500007], [-77.11855469899996, 38.86184028200006], [-77.11856713999998, 38.861830817000055], [-77.11857787799994, 38.86182037100008], [-77.11858682499997, 38.86181171700008], [-77.11859667699997, 38.86180164500007], [-77.11860302299993, 38.86179131200004], [-77.11860673799998, 38.86178078300003], [-77.11861133099995, 38.86177023700003], [-77.11861418299998, 38.861758930000065], [-77.11861523199997, 38.861748205000026], [-77.11861637099997, 38.86173652000008], [-77.11861566599998, 38.86172566500005], [-77.11861328099997, 38.86171454300006], [-77.11860909799998, 38.86170378400004], [-77.11860227999995, 38.86169304900005], [-77.11859633099994, 38.86168276400008], [-77.11859038799997, 38.86167223100006], [-77.11858531299998, 38.86166214800005], [-77.11858025399994, 38.86165126900005], [-77.11857517499999, 38.861641434000035], [-77.11856924499995, 38.86163018700006], [-77.11855827399995, 38.86160715600005], [-77.11855325799996, 38.86159586600007], [-77.11854727899998, 38.86158530500006], [-77.11853538899999, 38.861564405000024], [-77.11853122699995, 38.86155252100008], [-77.11852792699995, 38.861541498000065], [-77.11852728499997, 38.861529215000076], [-77.11852838399994, 38.86151772200003], [-77.11852862199999, 38.86150536800005], [-77.11853061599999, 38.861493034000034], [-77.11853347699997, 38.861481232000074], [-77.11854004499997, 38.861459368000055], [-77.11854287699998, 38.86144907600004], [-77.11854748399998, 38.861437789000036], [-77.11855208499998, 38.86142685900006], [-77.11855844199994, 38.86141595000004], [-77.11856921999998, 38.86140157700004], [-77.11857919399995, 38.86138700300006], [-77.11858378399995, 38.86137662200008], [-77.11859100599997, 38.86136641000007], [-77.11859912799997, 38.86135499900007], [-77.11860633099997, 38.86134572000003], [-77.11861440699994, 38.86133672500006], [-77.11862078599995, 38.861324608000075], [-77.11862800199998, 38.86131467000007], [-77.11863348099996, 38.86130375000005], [-77.11863893499998, 38.861294120000025], [-77.11864706699998, 38.861282188000075], [-77.11865342799996, 38.86127103200005], [-77.11866064099996, 38.86126125800007], [-77.11866870699998, 38.861252758000035], [-77.11867593999995, 38.86124194100006], [-77.11868497399996, 38.86122875700005], [-77.11869307799998, 38.86121828000006], [-77.11869856099997, 38.861207113000034], [-77.11870579399994, 38.86119629600006], [-77.11871387999997, 38.861186780000025], [-77.11872199199996, 38.86117589100007], [-77.11872833599995, 38.86116564100007], [-77.11873557399997, 38.86115452200005], [-77.11874191399994, 38.86114446300007], [-77.11874562799994, 38.86113401700004], [-77.11875021799995, 38.86112360900006], [-77.11875744399998, 38.86111314900006], [-77.11876638699994, 38.86110474100008], [-77.11877795499998, 38.86109674900007], [-77.11879036399995, 38.861090716000035], [-77.11880451299999, 38.861085555000045], [-77.11881191999998, 38.861083912000026], [-77.11882302999999, 38.86108148900007], [-77.11883714699997, 38.86107794800006], [-77.11885123399998, 38.86107597200004], [-77.11886531, 38.86107460000005], [-77.11888025999997, 38.861073403000034], [-77.11889696099996, 38.861072473000036], [-77.11891192899998, 38.86107034300005], [-77.11892688599994, 38.86106878800007], [-77.11894094799999, 38.861068103000036], [-77.11895502499993, 38.861066648000076], [-77.11897083499997, 38.86106639500008], [-77.11898665999996, 38.86106537200004], [-77.11900162199998, 38.861063571000045], [-77.11901746799998, 38.86106145100007], [-77.11903332499998, 38.86105872700006], [-77.11906153299998, 38.86105304500006], [-77.11907738199994, 38.86105073200008], [-77.11909322799994, 38.86104861200005], [-77.11910817999996, 38.861047332000055], [-77.11912226099997, 38.86104568500008], [-77.11913547599994, 38.86104336900007], [-77.11915218199994, 38.86104219300006], [-77.11916627299996, 38.86104002400003], [-77.11918033499995, 38.86103933900006], [-77.11919790699994, 38.86103877600004], [-77.11921286699999, 38.86103705700003], [-77.11922871499996, 38.86103485500007], [-77.11924457599997, 38.86103193800005], [-77.11926308199997, 38.86102847600006], [-77.11927720099999, 38.86102485300006], [-77.11929481899995, 38.86102190200006], [-77.11930890599996, 38.86101992600004], [-77.11932473599995, 38.86101862900006], [-77.11933966899994, 38.86101831000008], [-77.11935372999994, 38.86101770700003], [-77.11936866499997, 38.86101727800008], [-77.11938184499996, 38.86101682900005], [-77.11939854999997, 38.86101565200005], [-77.11941262999994, 38.86101408800005], [-77.11942844299995, 38.861013670000034], [-77.11944252199999, 38.86101210500004], [-77.11945923199994, 38.86101068200003], [-77.11947416699996, 38.86101028000007], [-77.11949259299996, 38.86101099100006], [-77.11950665799998, 38.861010141000065], [-77.11952247499994, 38.861009558000035], [-77.11953567899997, 38.861007818000076], [-77.11955325299994, 38.861007174000065], [-77.11956996399994, 38.86100572200007], [-77.11958403099999, 38.86100478900005], [-77.11959810999997, 38.86100322500005], [-77.11961394199994, 38.861001791000035], [-77.11962888599999, 38.86100092300006], [-77.11964295699994, 38.86099979800008], [-77.11965702099997, 38.86099903000007], [-77.11967284699995, 38.86099792500005], [-77.11968780199999, 38.86099648100003], [-77.11970449799998, 38.86099582600008], [-77.11971768999996, 38.86099469000004], [-77.11973438799998, 38.86099392500006], [-77.11975111099997, 38.860991898000066], [-77.11976515199996, 38.86099044200006], [-77.11978012799995, 38.860989740000036], [-77.11979419299996, 38.860988889000055], [-77.11980912199994, 38.86098881700008], [-77.11982580299997, 38.86098890400007], [-77.11984425199995, 38.860988434000035], [-77.11985742599995, 38.86098825900007], [-77.11987410599994, 38.86098845500004], [-77.11989074399997, 38.86099079300004], [-77.11990653099997, 38.86099174700007], [-77.11992056599996, 38.860992434000025], [-77.11993810199994, 38.860993766000036], [-77.11995477699998, 38.86099420900007], [-77.11997145799995, 38.86099432300006], [-77.11998722299995, 38.86099640300006], [-77.12000214299997, 38.860996743000044], [-77.12002055399995, 38.86099825000008], [-77.12003631899995, 38.861000303000026], [-77.12005034499998, 38.86100151100004], [-77.12006437899998, 38.86100228000004], [-77.12008014999998, 38.86100408600004], [-77.12009767399996, 38.861006022000026], [-77.12011257299997, 38.86100748800004], [-77.12012835499996, 38.86100868900007], [-77.12014321399994, 38.86101040200003], [-77.12015989499997, 38.86101232800007], [-77.12017391799998, 38.86101370100005], [-77.12018964699996, 38.861015835000046], [-77.12020369099997, 38.86101789500003], [-77.12022033599999, 38.861019903000056], [-77.12023524899996, 38.861020600000074], [-77.12025279699998, 38.86102130100005], [-77.12026947299995, 38.86102166100005], [-77.12028441399997, 38.86102098600003], [-77.12029847999997, 38.86102005300006], [-77.12031429499996, 38.86101955200007], [-77.12032922499998, 38.86101755800007], [-77.12034334599997, 38.861015664000035], [-77.12035831099996, 38.86101367100008], [-77.12037150699996, 38.86101239800007], [-77.12038736399995, 38.86100967300007], [-77.12040142999996, 38.86100879500003], [-77.12041549899999, 38.86100778000008], [-77.12043131699994, 38.861007087000075], [-77.12044625799996, 38.861006356000075], [-77.12046117799997, 38.86100675100005], [-77.12047518999998, 38.86100683300003], [-77.12048923799995, 38.86100872800006], [-77.12050408399995, 38.86101294000008], [-77.12053210999994, 38.86101670100004], [-77.12054872199997, 38.86102041200007], [-77.12056447199996, 38.861023260000024], [-77.12057759399994, 38.861025804000064], [-77.12059247999997, 38.861027956000044], [-77.12060737899998, 38.86102939400007], [-77.12062489199997, 38.86103193400004], [-77.12064155099995, 38.86103317300007], [-77.12065558199998, 38.86103410700008], [-77.12067314099994, 38.861034231000076], [-77.12068805699994, 38.861034818000064], [-77.12070473399996, 38.86103512400007], [-77.12071881599996, 38.86103339400006], [-77.12073289199998, 38.861032022000074], [-77.12075134199995, 38.86103144200007], [-77.12076539099996, 38.86103144200007], [-77.12077945999994, 38.86103039900007], [-77.12079444699998, 38.86102912000007], [-77.12081021999995, 38.86102897600006], [-77.12082427599995, 38.86102861900008], [-77.12083834599997, 38.86102749400004], [-77.12085417999998, 38.861025977000054], [-77.12086826399997, 38.86102416600005], [-77.12088498499998, 38.86102222000005], [-77.12090083299995, 38.861019990000045], [-77.12091405499996, 38.86101731600007], [-77.12092817599995, 38.861015423000026], [-77.12094399599994, 38.86101278000007], [-77.12095809699997, 38.861010117000035], [-77.12097307299996, 38.86100754700004], [-77.12098711499993, 38.861006065000026], [-77.12100297999996, 38.86100479500004], [-77.12101884399993, 38.86100174100005], [-77.12103378899997, 38.860998979000044], [-77.12105144899994, 38.86099567100007], [-77.12106820399998, 38.86099191400007], [-77.12108141799996, 38.860989680000046], [-77.12109902999998, 38.860987058000035], [-77.12111225199999, 38.86098438500005], [-77.12112727899995, 38.860981019000064], [-77.12114048099994, 38.86097757700003], [-77.12115372799997, 38.860973613000056], [-77.12116870299997, 38.86097112500005], [-77.12118457499997, 38.86096763200004], [-77.12119955499998, 38.86096489700003], [-77.12121542399996, 38.86096156900004], [-77.12122865099997, 38.860958621000066], [-77.12124276899993, 38.86095502500007], [-77.12125778199999, 38.86095056000005], [-77.12127454099993, 38.86094663800003], [-77.12128777599997, 38.860943278000036], [-77.12130541899995, 38.86093900900005], [-77.12132129299994, 38.860935461000054], [-77.12133718899997, 38.86093073200004], [-77.12135134499994, 38.860925132000034], [-77.12136547999995, 38.860920657000065], [-77.12138314399994, 38.86091529000004], [-77.12139728699998, 38.86091040300005], [-77.12141319899996, 38.86090485100004], [-77.12143087299995, 38.86089896200008], [-77.12144590599996, 38.86089345400006], [-77.12146004599998, 38.860888732000035], [-77.12147504899997, 38.86088478900007], [-77.12149269299994, 38.86088046500004], [-77.121508582, 38.86087609300006], [-77.12152182599993, 38.860872295000036], [-77.12153508499995, 38.86086772700003], [-77.12155101799993, 38.86086104900005], [-77.12160321399995, 38.860840737000046], [-77.12161822299998, 38.860836437000046], [-77.12163147999996, 38.86083197900007], [-77.12164387099995, 38.86082685200006], [-77.12165625899996, 38.86082189000007], [-77.12166953099995, 38.86081663600004], [-77.12168631699996, 38.86081125900006], [-77.12170486799994, 38.86080546200003], [-77.12172255899998, 38.86079872300007], [-77.12173585599999, 38.86079399100004], [-77.12175086499997, 38.86078787800005], [-77.12176239599995, 38.86078183500007], [-77.12177391999995, 38.86077614900006], [-77.12178719299999, 38.860770812000055], [-77.12179958699994, 38.860765548000074], [-77.12181287799996, 38.860759306000034], [-77.12182706599998, 38.86075205800006], [-77.12183863599995, 38.86074395600008], [-77.12184760499997, 38.86073417500006], [-77.12185311099995, 38.86072180000008], [-77.12185595899996, 38.86071063000003], [-77.12185706799994, 38.86069858700006], [-77.12185732799998, 38.860685052000065], [-77.12185584499997, 38.86067086500003], [-77.12185521999999, 38.860657649000075], [-77.12185196599995, 38.86064421000003], [-77.12184779199998, 38.86063295800005], [-77.12184275599998, 38.86062084300005], [-77.12184034099994, 38.86060941900007], [-77.12183617899996, 38.86059753400008], [-77.12183289599994, 38.86058563300003], [-77.12182964399994, 38.86057205700007], [-77.12182633899994, 38.86056128100006], [-77.12182392799997, 38.860549664000075], [-77.12182328199998, 38.860537546000046], [-77.12182524899998, 38.86052658500006], [-77.12182895799998, 38.86051633100004], [-77.12183705299998, 38.86050632000007], [-77.12184693299997, 38.860496633000025], [-77.12185673999994, 38.86048705400003], [-77.12186307899998, 38.860477023000044], [-77.12186856999995, 38.86046541700006], [-77.12186968399999, 38.86045315500007], [-77.12186988699995, 38.860442585000044], [-77.12186658899998, 38.86043139800006], [-77.12186240599993, 38.86042061100005], [-77.12185558399995, 38.86041006900007], [-77.12184965299997, 38.860398850000024], [-77.12184105399996, 38.860389385000076], [-77.12183333299998, 38.86037995800007], [-77.12182649099998, 38.860370431000035], [-77.12181966499998, 38.860360136000054], [-77.12181283099994, 38.86035019700006], [-77.12180866899996, 38.86033828500007], [-77.12180613699996, 38.860332983000035], [-77.12180447799994, 38.86032793800007], [-77.12180293599994, 38.86031677100004], [-77.12180228899996, 38.860304763000045], [-77.12180339599996, 38.86029283100004], [-77.121805366, 38.860281705000034], [-77.12181081999995, 38.86027018100003], [-77.12181633999995, 38.86025893200008], [-77.12182270099999, 38.86024774800006], [-77.12182905299994, 38.860237030000064], [-77.12183542999998, 38.86022499500007], [-77.12184175699997, 38.860215623000045], [-77.12184982999997, 38.86020671000006], [-77.12185875499995, 38.86019736900005], [-77.12186774599996, 38.860188220000055], [-77.12187668999997, 38.86017973000003], [-77.12188650899998, 38.86017136000004], [-77.12189544299997, 38.86016339100007], [-77.12190528799994, 38.86015364800005], [-77.12191513099998, 38.86014407000005], [-77.12192319999997, 38.86013540500005], [-77.12193126699998, 38.86012682200004], [-77.12193673199994, 38.86011656100004], [-77.12194307099998, 38.86010655700005], [-77.12194244199998, 38.86009358900003], [-77.12194001399996, 38.86008282300003], [-77.12193318799996, 38.860072528000046], [-77.12192634399997, 38.860063111000045], [-77.12191863299995, 38.860053134000054], [-77.12191003199996, 38.86004377900008], [-77.12190237099998, 38.86003303500007], [-77.12189902599994, 38.86002253300006], [-77.12189747199994, 38.86001197000007], [-77.12189683399998, 38.86000130700006], [-77.12190050799995, 38.859991053000044], [-77.12190770699993, 38.85998196500003], [-77.12194851399994, 38.85996028400007], [-77.12195734599999, 38.859957559000065], [-77.12197149699995, 38.85995223300006], [-77.12198474899998, 38.859948022000026], [-77.12200153499998, 38.85994264500005], [-77.12201477899998, 38.859938846000034], [-77.12203154199995, 38.85993467600008], [-77.12204655899995, 38.85992996500005], [-77.12205978999998, 38.85992685200006], [-77.12207477299995, 38.85992392500003], [-77.12208975699997, 38.85992094300008], [-77.12210473299996, 38.85991837200004], [-77.12212060199994, 38.85991501600006], [-77.12213648399995, 38.859911029000045], [-77.12215147399996, 38.859907745000044], [-77.12216470199996, 38.859904742000026], [-77.12217794399999, 38.859901025000056], [-77.12219206699996, 38.859897154000066], [-77.12220706099998, 38.85989365100005], [-77.12222207499997, 38.85988910400005], [-77.12223710999996, 38.85988532600004], [-77.12225209199994, 38.85988061300003], [-77.12226712699999, 38.85987496800004], [-77.12228126999997, 38.859870054000055], [-77.12229627699998, 38.859864051000045], [-77.12230959599998, 38.859858194000026], [-77.12232288299998, 38.85985208900007], [-77.12233620599994, 38.859844199000065], [-77.12234775699994, 38.85983708500004], [-77.12236195299994, 38.859829398000045], [-77.12237256999998, 38.85982521100004], [-77.12237610899996, 38.85982379700005], [-77.12238938399997, 38.859818379000046], [-77.12240177599995, 38.85981319700005], [-77.12241680699998, 38.85980779800008], [-77.12243183999993, 38.859802236000064], [-77.12244422099997, 38.85979765800005], [-77.12245659799999, 38.85979324400006], [-77.12246900299994, 38.85978740300004], [-77.12248230499995, 38.85978058500007], [-77.12249297999995, 38.85977335000007], [-77.12250366599994, 38.85976556700007], [-77.12251520099994, 38.85975927700008], [-77.12252051899998, 38.85975667500003], [-77.12252762299994, 38.859752557000036], [-77.12254000199994, 38.85974806200005], [-77.12255060299998, 38.859744671000044], [-77.12255767599999, 38.85974217300003], [-77.12257176999998, 38.85973797200006], [-77.12259117399998, 38.85973528900007], [-77.12261933799994, 38.859731830000044], [-77.12263428599994, 38.85973071400008], [-77.12264923199996, 38.85972968100003], [-77.12266241999998, 38.85972882000004], [-77.12267650199993, 38.859727090000035], [-77.12269059299996, 38.85972486700007], [-77.12270379399996, 38.85972329100008], [-77.12272051399998, 38.85972134600007], [-77.12273547399997, 38.85971962600007], [-77.12275305399999, 38.85971862400004], [-77.12277062199996, 38.859716441000046], [-77.12278651799994, 38.859713525000075], [-77.12280149499998, 38.85971089900005], [-77.12281731599995, 38.859708229000034], [-77.12283143599996, 38.859706335000055], [-77.12284902999994, 38.85970461900007], [-77.12286574799998, 38.859702783000046], [-77.12287982899994, 38.859701081000026], [-77.12289740999995, 38.85970007900005], [-77.12291057299996, 38.859698613000035], [-77.12292469599998, 38.85969661000007], [-77.12294234799998, 38.85969184600003], [-77.12295824099994, 38.85968722700005], [-77.12297146699996, 38.85968438900005], [-77.12298558499998, 38.859680765000064], [-77.12300057299996, 38.859677591000036], [-77.12301644899998, 38.859673850000036], [-77.12303145299995, 38.859669824000036], [-77.12304380399996, 38.85966678400007], [-77.12304645199998, 38.85966604600003], [-77.12306054699997, 38.85966363000006], [-77.12307464899999, 38.85966088500004], [-77.12308875999997, 38.85965761800003], [-77.12310287899999, 38.85965399400004], [-77.12311698599996, 38.859650919000046], [-77.12313020899995, 38.859648218000075], [-77.12314428999997, 38.85964470300007], [-77.12315755999998, 38.85964134400007], [-77.12317257099994, 38.859636961000035], [-77.12318585299994, 38.85963113100007], [-77.12319912999999, 38.85962560200005], [-77.12321237499998, 38.85962172100005], [-77.12322566299997, 38.859617428000035], [-77.12323888799995, 38.85961277700005], [-77.12325303099993, 38.85960789100005], [-77.12326628099999, 38.859603735000064], [-77.12328128699994, 38.85959962700008], [-77.12329540099995, 38.85959619500005], [-77.12330951099995, 38.859593010000026], [-77.12332276299998, 38.85958879900005], [-77.12333864099998, 38.859584949000066], [-77.12335276099998, 38.85958124200005], [-77.12336688199997, 38.85957745400003], [-77.12338099199997, 38.85957426900006], [-77.12339686899998, 38.85957052800006], [-77.12340923599999, 38.85956663600007], [-77.12342425299994, 38.85956192500004], [-77.12343836499997, 38.859558657000036], [-77.12345594999994, 38.85955738100006], [-77.12347180599994, 38.859556551000026], [-77.12348936899997, 38.85955458700005], [-77.12350518999995, 38.85955375700007], [-77.12352098399998, 38.859554299000024], [-77.12353590499998, 38.85955463800008], [-77.12355080599997, 38.859555939000074], [-77.12356485599997, 38.85955772400007], [-77.12358321599999, 38.859559999000055], [-77.12359634799998, 38.859562047000054], [-77.12361036399994, 38.85956375000006], [-77.12362700499995, 38.85956592200006], [-77.12364013499996, 38.85956805300003], [-77.12365413399993, 38.859570606000034], [-77.12366901699994, 38.85957292200004], [-77.12368302299996, 38.859575146000054], [-77.12369879899995, 38.85957662200008], [-77.12371193899997, 38.85957823100006], [-77.12372594999994, 38.85958020800007], [-77.12373996799994, 38.859581828000046], [-77.12375487499997, 38.85958285400005], [-77.12376802099999, 38.859584134000045], [-77.12378205499994, 38.85958490200005], [-77.12379699399997, 38.859586093000075], [-77.12381277499998, 38.859585509000055], [-77.12382773599995, 38.85958370800006], [-77.12384183899997, 38.85958088000007], [-77.12385593499994, 38.85957659600007], [-77.12386924299994, 38.85957126000005], [-77.12388251099998, 38.85956617100004], [-77.12389668199995, 38.85956161400003], [-77.12391342199999, 38.85955684000004], [-77.12392580499994, 38.85955209700006], [-77.12394083199996, 38.85954686300005], [-77.12395321399998, 38.859542203000046], [-77.12396649199997, 38.85953659100005], [-77.12398152699996, 38.85953094600006], [-77.12399567499995, 38.85952578400003], [-77.12400981099995, 38.85952122700007], [-77.12402218499994, 38.85951700600003], [-77.12403632199994, 38.85951236600005], [-77.12405311499998, 38.859506631000045], [-77.12406815199995, 38.859500903000026], [-77.12409819399994, 38.85949104000008], [-77.12411057799994, 38.859486297000046], [-77.12412649699996, 38.859480305000034], [-77.12413979499996, 38.85947367800003], [-77.12415309599999, 38.859466886000064], [-77.12416551399997, 38.859460332000026], [-77.12417706299993, 38.85945332700004], [-77.12419036299997, 38.85944475100007], [-77.12420020599995, 38.85943695700007], [-77.12421089799994, 38.859428844000035], [-77.12422422199995, 38.859420845000045], [-77.12423575699995, 38.85941455400007], [-77.12425084499995, 38.859406136000075], [-77.12426414799995, 38.85939926200007], [-77.12427654599998, 38.85939375000004], [-77.12428806799994, 38.85938814600007], [-77.12430398099997, 38.85938248300005], [-77.12430751699998, 38.85938123400007], [-77.12432075199996, 38.859377874000074], [-77.12433574499994, 38.859374452000054], [-77.12434986899996, 38.85937049900008], [-77.12436310899994, 38.85936686400004], [-77.12437636099997, 38.85936265300006], [-77.12439312899994, 38.85935820900005], [-77.12440988799995, 38.859354204000056], [-77.12442400299994, 38.85935077200003], [-77.12443722499995, 38.859348098000055], [-77.12445132799996, 38.859345243000064], [-77.12446547099995, 38.85934216800007], [-77.12447687099996, 38.859339254000076], [-77.12448131799994, 38.85933812500008], [-77.12449455399997, 38.85933468300004], [-77.12450866899997, 38.85933125100007], [-77.12452545599996, 38.85932579100006], [-77.12453870799999, 38.85932155200004], [-77.12455282599996, 38.85931795500005], [-77.12456605099999, 38.85931509000005], [-77.12458191499996, 38.85931203500007], [-77.12459514599993, 38.85930884000004], [-77.12459691099997, 38.85930842100004], [-77.12468234799996, 38.85929448400003], [-77.12469733799998, 38.85929114400005], [-77.12471233199994, 38.85928764000005], [-77.12472641599999, 38.859285828000054], [-77.12474049199994, 38.85928437300004], [-77.12475719899999, 38.85928311300006], [-77.12477213199998, 38.859282766000035], [-77.12478794699996, 38.85928226500005], [-77.12480374899997, 38.85928236800004], [-77.12481865999996, 38.85928322900003], [-77.12483356699994, 38.859284255000034], [-77.12484846699994, 38.85928563700003], [-77.12486425699996, 38.85928639900004], [-77.12488090799997, 38.85928807700003], [-77.12489761599994, 38.85928860200005], [-77.12491163099997, 38.859288519000074], [-77.12492743999996, 38.85928826500003], [-77.12494060799997, 38.85928841900005], [-77.12495730199998, 38.85928784600003], [-77.12497400399997, 38.859286833000056], [-77.12498720899998, 38.859285011000054], [-77.125003011, 38.85928332800006], [-77.12501713299997, 38.85928132400005], [-77.12503124499995, 38.85927987000008], [-77.12504794499995, 38.85927715400004], [-77.12506379399997, 38.85927484100006], [-77.12507699099996, 38.859273458000075], [-77.12509544899996, 38.85927246600005], [-77.12511128299997, 38.85927094800007], [-77.12512800699994, 38.85926875500007], [-77.12514385299994, 38.85926660700005], [-77.12516144499995, 38.859265], [-77.12517638099996, 38.85926451600005], [-77.12519130799996, 38.85926449900006], [-77.12520711099995, 38.85926460100006], [-77.12522290699997, 38.85926506100003], [-77.12523870099994, 38.85926557500005], [-77.12526759699995, 38.85926975800004], [-77.12528160299996, 38.85927198200005], [-77.12529648999998, 38.85927405100006], [-77.12531312599998, 38.859276470000054], [-77.12532884799998, 38.85927898800003], [-77.12534552399995, 38.85928116100007], [-77.12536129099993, 38.85928313000005], [-77.12537794499997, 38.859284616000025], [-77.12539197899997, 38.85928538400003], [-77.12540955999998, 38.85928619400005], [-77.12542620699998, 38.859286197000074], [-77.12544113999996, 38.85928587700005], [-77.12545606499998, 38.85928597000003], [-77.12547187599995, 38.85928563300007], [-77.12548591899997, 38.85928596200006], [-77.12550344399995, 38.85928781500007], [-77.12551835899995, 38.85928840200006], [-77.12553242099995, 38.85928771500005], [-77.12554825899997, 38.85928600600005], [-77.12556496999997, 38.85928449900007], [-77.12557906399996, 38.859282165000025], [-77.12559403499995, 38.859279841000046], [-77.12560815999996, 38.859277700000064], [-77.12562487899999, 38.859273941000026], [-77.12563986999999, 38.85927060200004], [-77.12565575199994, 38.85926658600005], [-77.12566899599994, 38.85926270500005], [-77.12568312599996, 38.859258504000024], [-77.12569555199997, 38.85925332200003], [-77.12570787899995, 38.85924789200004], [-77.12572119699996, 38.85924203400003], [-77.12573447099999, 38.859236614000054], [-77.12574600099998, 38.85923057100007], [-77.12575929199994, 38.85922430100004], [-77.12577346299997, 38.859217931000046], [-77.12579739399996, 38.85920621100007], [-77.12581158099994, 38.85919899000004], [-77.12582489499994, 38.85919151200005], [-77.12583731299998, 38.859184957000025], [-77.12585237699994, 38.85917774600006], [-77.12586656599996, 38.85917044300004], [-77.125879893, 38.85916227800004], [-77.12588881899995, 38.85915466600005], [-77.12590215199998, 38.85914436000007], [-77.125912009, 38.85913579800007], [-77.12592180999997, 38.859128361000046], [-77.12592987499994, 38.85911988700008], [-77.12594055899996, 38.85911218600006], [-77.12595037699998, 38.85910381600007], [-77.12595930999998, 38.85909584700005], [-77.12596999899995, 38.85908789800004], [-77.12598157599996, 38.85907938400004], [-77.12599401199998, 38.859071895000056], [-77.12600556199999, 38.85906480800003], [-77.12601711599996, 38.85905755700003], [-77.12603043699994, 38.85904966700008], [-77.12604197599995, 38.85904318400003], [-77.12605440699997, 38.85903594200005], [-77.12606682699999, 38.859029305000035], [-77.12607926899994, 38.859021487000064], [-77.12609077099995, 38.859015086000056], [-77.12610235399995, 38.85900810900006], [-77.12611477699994, 38.85900130700003], [-77.12612894699998, 38.858994937000034], [-77.12614133699998, 38.85898986500007], [-77.12615285599998, 38.85898439700003], [-77.12616524399994, 38.85897940700005], [-77.12617763699996, 38.85897414200008], [-77.12619267399998, 38.85896838700006], [-77.12620505699994, 38.85896364400003], [-77.12621830899997, 38.85895943300005], [-77.12623160999993, 38.858954426000025], [-77.12624749899999, 38.85894818600008], [-77.12625191799998, 38.85894670000005], [-77.12626164099999, 38.85894329900003], [-77.12627403099998, 38.85893819900008], [-77.12628818199994, 38.858932872000025], [-77.12630319399995, 38.858928407000064], [-77.12631733799998, 38.858923437000044], [-77.12633235799996, 38.858918533000065], [-77.12634474599997, 38.85891354300003], [-77.12635801599998, 38.85890837000005], [-77.12637220599998, 38.85890279700004], [-77.12638720099994, 38.85889739800007], [-77.12639957099998, 38.858893314000056], [-77.12641195099997, 38.85888876300004], [-77.12642517199998, 38.85888427700007], [-77.12644287099994, 38.858878909000055], [-77.12645611099998, 38.85887527500006], [-77.12647022199997, 38.85887200700006], [-77.12650382199996, 38.85885976800006], [-77.12654010399996, 38.85884500700007], [-77.12657555999994, 38.858827518000055], [-77.12659963099998, 38.858808467000074], [-77.12675871399995, 38.858708394000075], [-77.12680425399998, 38.85868149400005], [-77.12678667099993, 38.85856334500005], [-77.12671024599996, 38.85823487300007], [-77.12657453499997, 38.85783672700006], [-77.12634958499996, 38.85749358400005], [-77.12626170599998, 38.85732331600008], [-77.12648338299994, 38.85749608300006], [-77.12649206299994, 38.857503104000045], [-77.12651278099997, 38.857519823000075], [-77.12655433799995, 38.85755051600006], [-77.12666863499999, 38.857634235000035], [-77.12697662399995, 38.85787399800006], [-77.12702164099994, 38.85790747800007], [-77.12813928199995, 38.85878280500003], [-77.12904251299994, 38.85948808200004], [-77.12919481199998, 38.85960519400004], [-77.13036112499998, 38.86051127500008], [-77.13068643399998, 38.86076496100003], [-77.13100828599994, 38.86101585900008], [-77.13108789799998, 38.86107720000007], [-77.13145477299997, 38.861361575000046], [-77.13149617799996, 38.86140050300003], [-77.13180771099996, 38.86164026700004], [-77.13193575199995, 38.861740644000065], [-77.13201877199998, 38.861807517000045], [-77.13531348999999, 38.864383212000064], [-77.13541727299997, 38.86446680000006], [-77.13550726999995, 38.864536497000074], [-77.13565267199994, 38.86464802900008], [-77.13715131699996, 38.86581877500004], [-77.13719980399998, 38.86585500900003], [-77.13756057499995, 38.86614154500006], [-77.13507118299998, 38.86622005800007], [-77.13066155199994, 38.866360143000065], [-77.13047806299994, 38.866663638000034], [-77.13022084299996, 38.86710519700006], [-77.12981586599994, 38.86701405300005], [-77.12940230999999, 38.86778410800008], [-77.12896007399996, 38.868707193000034], [-77.12886059199997, 38.86891151900005], [-77.12862926099996, 38.868800650000026], [-77.12749820399995, 38.86836855200005], [-77.12521304099994, 38.86743713100003]]]]}}, {"type": "Feature", "properties": {"OBJECTID": 23, "CIVIC": "Radnor/Ft.Myer Heights", "COLOR": 2, "LABEL": "Radnor/Ft.Myer Heights", "GIS_ID": 54, "Pdf": "radnor_ft_myer_heights", "SHAPE_Length": 0.029528879989130494, "SHAPE_Area": 3.337264458528403e-05}, "geometry": {"type": "MultiPolygon", "coordinates": [[[[-77.07147212145779, 38.890214816290055], [-77.07143977399994, 38.88957361200005], [-77.07143584799996, 38.88891497600008], [-77.07145924199995, 38.88859592000006], [-77.07156612599994, 38.888357736000046], [-77.07164588199998, 38.888199050000026], [-77.07172548299997, 38.88798991600004], [-77.07184787399996, 38.88782688800006], [-77.07227735399994, 38.887796191000064], [-77.07312895299998, 38.88773560900006], [-77.07488835799995, 38.88760590900006], [-77.07624647299997, 38.887509763000025], [-77.07890503399994, 38.887393700000075], [-77.07889601799997, 38.88731670200008], [-77.08043011799998, 38.88720618800005], [-77.08240097899994, 38.887111884000035], [-77.08340607799994, 38.88707743800006], [-77.08351337599998, 38.88810987800008], [-77.08359682699995, 38.888903507000066], [-77.0836921939884, 38.889611015926285], [-77.0835891, 38.8896172], [-77.0831614, 38.889643], [-77.0828721, 38.8896605], [-77.0827846, 38.8896658], [-77.0826915, 38.8896696], [-77.0818917, 38.8897315], [-77.0818436, 38.889735], [-77.0817626, 38.8897412], [-77.0808313, 38.8903728], [-77.0807018, 38.8902862], [-77.0806233, 38.8902379], [-77.080536, 38.8901884], [-77.0804553, 38.890146], [-77.0803826, 38.8901081], [-77.0803202, 38.8900783], [-77.0802539, 38.8900512], [-77.0801896, 38.8900287], [-77.0801183, 38.8900093], [-77.080037, 38.889991], [-77.0799585, 38.8899785], [-77.079873, 38.8899689], [-77.0797679, 38.8899607], [-77.079667, 38.8899534], [-77.0796217, 38.8899509], [-77.0795844, 38.8899491], [-77.0795591, 38.8899478], [-77.0795429, 38.8899471], [-77.0795243, 38.8899466], [-77.0795076, 38.8899463], [-77.0794843, 38.8899458], [-77.0794646, 38.889946], [-77.0794453, 38.8899465], [-77.0794226, 38.8899476], [-77.0794018, 38.8899491], [-77.0793811, 38.889951], [-77.0793644, 38.8899528], [-77.0793471, 38.8899549], [-77.0793194, 38.8899588], [-77.0793059, 38.889961], [-77.0792936, 38.8899632], [-77.0792794, 38.8899659], [-77.0792666, 38.8899685], [-77.0792533, 38.8899714], [-77.0792398, 38.8899745], [-77.0792257, 38.8899778], [-77.0792124, 38.8899812], [-77.0792026, 38.8899838], [-77.0791923, 38.8899865], [-77.0791819, 38.8899894], [-77.07917, 38.889993], [-77.0791596, 38.8899962], [-77.0791505, 38.8899991], [-77.0791429, 38.8900018], [-77.0791371, 38.8900038], [-77.0791312, 38.8900062], [-77.0791257, 38.8900084], [-77.0791197, 38.890011], [-77.0791129, 38.8900144], [-77.0791062, 38.8900179], [-77.0790593, 38.8900441], [-77.0790339, 38.8900599], [-77.0789282, 38.8901156], [-77.0788245, 38.8901679], [-77.0787928, 38.8901839], [-77.0787201, 38.890215], [-77.0786511, 38.8902418], [-77.0785669, 38.8902745], [-77.0785228, 38.8902912], [-77.0784951, 38.8903013], [-77.07847, 38.8903099], [-77.0784398, 38.8903205], [-77.0783265, 38.890359], [-77.0782937, 38.8903701], [-77.078279, 38.8903753], [-77.0782622, 38.8903817], [-77.0782455, 38.8903886], [-77.078235, 38.890393], [-77.0782211, 38.8903995], [-77.0781859, 38.8904166], [-77.0780583, 38.890476], [-77.0778751, 38.8905613], [-77.0776959, 38.8906426], [-77.0775762, 38.8906938], [-77.0774937, 38.8907261], [-77.077451, 38.8907422], [-77.0774288, 38.8907504], [-77.0774061, 38.8907583], [-77.0773867, 38.8907652], [-77.0773639, 38.8907731], [-77.0773392, 38.8907813], [-77.0773201, 38.8907878], [-77.0772975, 38.8907952], [-77.0772729, 38.890803], [-77.0772578, 38.8908073], [-77.0771104, 38.890848], [-77.0753662, 38.8904201], [-77.075173, 38.8904401], [-77.0750722, 38.8904479], [-77.0750204, 38.8904557], [-77.0749794, 38.8904649], [-77.0748446, 38.890487], [-77.074751, 38.8904955], [-77.0734758, 38.8900666], [-77.0733967, 38.8900732], [-77.0733648, 38.8900758], [-77.0724968, 38.8901461], [-77.0720873, 38.8901762], [-77.0719315, 38.8901883], [-77.0717608, 38.8902001], [-77.0715905, 38.8902132], [-77.0715526, 38.8902147], [-77.0714746, 38.8902149], [-77.07147212145779, 38.890214816290055]]]]}}, {"type": "Feature", "properties": {"OBJECTID": 24, "CIVIC": "Westover Village", "COLOR": 5, "LABEL": "Westover Village", "GIS_ID": 55, "Pdf": "westover_village", "SHAPE_Length": 0.034633860333746345, "SHAPE_Area": 6.388933345601887e-05}, "geometry": {"type": "MultiPolygon", "coordinates": [[[[-77.13811418999995, 38.88579052700004], [-77.13785161599998, 38.88576905600007], [-77.13760335499995, 38.885824557000035], [-77.13746366399994, 38.885894663000045], [-77.13712850799999, 38.886065203000044], [-77.13667971999996, 38.88630436400007], [-77.13609781899999, 38.88660370900004], [-77.13570656999997, 38.88678032100006], [-77.13546396199996, 38.88683945300005], [-77.13538426699995, 38.88667736200006], [-77.13524158799999, 38.88631880200006], [-77.13493012499998, 38.885781106000024], [-77.13446910899995, 38.884993647000044], [-77.13420202199995, 38.88454131700007], [-77.13386474199996, 38.883945019000066], [-77.13374478099996, 38.88369856700007], [-77.13374346099994, 38.883695888000034], [-77.13366586999996, 38.88355839700006], [-77.13318121999998, 38.88272760000007], [-77.13302683799998, 38.88243293800008], [-77.13283865199998, 38.88217003800003], [-77.13260841199997, 38.881787333000034], [-77.13254196199995, 38.88164434200007], [-77.13245363699997, 38.881393725000066], [-77.13238209999997, 38.88125402500003], [-77.13225599199995, 38.88106884600006], [-77.13205602099998, 38.88081813700006], [-77.13181521199994, 38.88052771200006], [-77.13171670099996, 38.880406150000056], [-77.13163713499995, 38.88028604500005], [-77.13155557299996, 38.880062363000036], [-77.13154360699997, 38.87994378600007], [-77.13155018699996, 38.879738761000056], [-77.13153338899997, 38.87937795500005], [-77.13495359399997, 38.879315991000055], [-77.13632478599999, 38.87937813700006], [-77.13746823799994, 38.87959486300008], [-77.13905487099998, 38.87997700100004], [-77.13908165999999, 38.87998346200004], [-77.14152595599995, 38.88085325800006], [-77.14345339799996, 38.88153208700004], [-77.14461471299995, 38.88187362000008], [-77.14431801599994, 38.88231623400003], [-77.14329003499995, 38.88384324200007], [-77.14196085599997, 38.885805548000064], [-77.14155678899994, 38.886398522000036], [-77.14137786099997, 38.88663717000003], [-77.14131023999994, 38.886680983000076], [-77.14067422999995, 38.886866258000055], [-77.13950099099998, 38.88717245000004], [-77.13937461699999, 38.886949738000055], [-77.13917259199997, 38.88659769000003], [-77.13903188299997, 38.88637324600006], [-77.13889750199996, 38.88622642300004], [-77.13864650099998, 38.88606149800006], [-77.13837834199995, 38.88590290900004], [-77.13811418999995, 38.88579052700004]]]]}}, {"type": "Feature", "properties": {"OBJECTID": 25, "CIVIC": "Rosslyn", "COLOR": 5, "LABEL": "Rosslyn", "GIS_ID": 57, "Pdf": "Rosslyn", "SHAPE_Length": 0.05055640017697643, "SHAPE_Area": 9.750060695437169e-05}, "geometry": {"type": "MultiPolygon", "coordinates": [[[[-77.06804390199994, 38.89168108400003], [-77.06802738599998, 38.89080271900008], [-77.06843642499996, 38.89089755600003], [-77.06884773999997, 38.891072165000026], [-77.06919199799995, 38.891309198000044], [-77.06970869399998, 38.89160193300006], [-77.07011320299995, 38.891774560000044], [-77.07039451599996, 38.89186978500004], [-77.07088079, 38.891995019000035], [-77.07128837999994, 38.892085518000044], [-77.07148986899995, 38.892120427000066], [-77.07142247299998, 38.89129644700006], [-77.07147637899999, 38.89029921100007], [-77.07147212145779, 38.890214816290055], [-77.0714746, 38.8902149], [-77.0715526, 38.8902147], [-77.0715905, 38.8902132], [-77.0717608, 38.8902001], [-77.0719315, 38.8901883], [-77.0720873, 38.8901762], [-77.0724968, 38.8901461], [-77.0733648, 38.8900758], [-77.0733967, 38.8900732], [-77.0734758, 38.8900666], [-77.074751, 38.8904955], [-77.0748446, 38.890487], [-77.0749794, 38.8904649], [-77.0750204, 38.8904557], [-77.0750722, 38.8904479], [-77.075173, 38.8904401], [-77.0753662, 38.8904201], [-77.0771104, 38.890848], [-77.0772578, 38.8908073], [-77.0772729, 38.890803], [-77.0772975, 38.8907952], [-77.0773201, 38.8907878], [-77.0773392, 38.8907813], [-77.0773639, 38.8907731], [-77.0773867, 38.8907652], [-77.0774061, 38.8907583], [-77.0774288, 38.8907504], [-77.077451, 38.8907422], [-77.0774937, 38.8907261], [-77.0775762, 38.8906938], [-77.0776959, 38.8906426], [-77.0778751, 38.8905613], [-77.0780583, 38.890476], [-77.0781859, 38.8904166], [-77.0782211, 38.8903995], [-77.078235, 38.890393], [-77.0782455, 38.8903886], [-77.0782622, 38.8903817], [-77.078279, 38.8903753], [-77.0782937, 38.8903701], [-77.0783265, 38.890359], [-77.0784398, 38.8903205], [-77.07847, 38.8903099], [-77.0784951, 38.8903013], [-77.0785228, 38.8902912], [-77.0785669, 38.8902745], [-77.0786511, 38.8902418], [-77.0787201, 38.890215], [-77.0787928, 38.8901839], [-77.0788245, 38.8901679], [-77.0789282, 38.8901156], [-77.0790339, 38.8900599], [-77.0790593, 38.8900441], [-77.0791062, 38.8900179], [-77.0791129, 38.8900144], [-77.0791197, 38.890011], [-77.0791257, 38.8900084], [-77.0791312, 38.8900062], [-77.0791371, 38.8900038], [-77.0791429, 38.8900018], [-77.0791505, 38.8899991], [-77.0791596, 38.8899962], [-77.07917, 38.889993], [-77.0791819, 38.8899894], [-77.0791923, 38.8899865], [-77.0792026, 38.8899838], [-77.0792124, 38.8899812], [-77.0792257, 38.8899778], [-77.0792398, 38.8899745], [-77.0792533, 38.8899714], [-77.0792666, 38.8899685], [-77.0792794, 38.8899659], [-77.0792936, 38.8899632], [-77.0793059, 38.889961], [-77.0793194, 38.8899588], [-77.0793471, 38.8899549], [-77.0793644, 38.8899528], [-77.0793811, 38.889951], [-77.0794018, 38.8899491], [-77.0794226, 38.8899476], [-77.0794453, 38.8899465], [-77.0794646, 38.889946], [-77.0794843, 38.8899458], [-77.0795076, 38.8899463], [-77.0795243, 38.8899466], [-77.0795429, 38.8899471], [-77.0795591, 38.8899478], [-77.0795844, 38.8899491], [-77.0796217, 38.8899509], [-77.079667, 38.8899534], [-77.0797679, 38.8899607], [-77.079873, 38.8899689], [-77.0799585, 38.8899785], [-77.080037, 38.889991], [-77.0801183, 38.8900093], [-77.0801896, 38.8900287], [-77.0802539, 38.8900512], [-77.0803202, 38.8900783], [-77.0803826, 38.8901081], [-77.0804553, 38.890146], [-77.080536, 38.8901884], [-77.0806233, 38.8902379], [-77.0807018, 38.8902862], [-77.0808313, 38.8903728], [-77.0817626, 38.8897412], [-77.0818436, 38.889735], [-77.0818917, 38.8897315], [-77.0826915, 38.8896696], [-77.0827846, 38.8896658], [-77.0828721, 38.8896605], [-77.0831614, 38.889643], [-77.0835891, 38.8896172], [-77.0836921939884, 38.889611015926285], [-77.08371543399994, 38.88978342900003], [-77.08392060199998, 38.891294505000076], [-77.08397820299996, 38.89173547400003], [-77.08335051899996, 38.89196947600004], [-77.08217017799996, 38.89242225700008], [-77.08176597699998, 38.89259683200004], [-77.08054763999996, 38.89310955000008], [-77.07971271499997, 38.893473389000064], [-77.07876103399997, 38.89389833600006], [-77.07820058899995, 38.894124255000065], [-77.07823979399996, 38.89433573600007], [-77.07829330599998, 38.89474914400006], [-77.07836150399999, 38.89530978100004], [-77.07844318299993, 38.895958042000075], [-77.07847657499997, 38.896351270000025], [-77.07859629499995, 38.89714413200005], [-77.07869955399997, 38.897717906000025], [-77.07867211499996, 38.897926906000066], [-77.07824952399994, 38.898094711000056], [-77.07779215399995, 38.898253004000026], [-77.07718285299995, 38.898436779000065], [-77.07673822599997, 38.89854060300007], [-77.07620006499997, 38.89866149900007], [-77.07576796699993, 38.89871996900007], [-77.07526635099998, 38.89875938900008], [-77.07512644699995, 38.89876680900005], [-77.07512079799994, 38.89932894000003], [-77.07503840699997, 38.89933343300004], [-77.07448361999997, 38.899664494000035], [-77.07439216499995, 38.89966887700007], [-77.07440177699993, 38.89971567600003], [-77.07403189599995, 38.89993911000005], [-77.07364479399996, 38.900143110000045], [-77.07333030399997, 38.900229911000054], [-77.07306241599997, 38.90027059400006], [-77.07232119099996, 38.90008034900006], [-77.07190751099995, 38.90002863700005], [-77.07193890199994, 38.89951276000005], [-77.07192933599998, 38.89906124700008], [-77.07075488199996, 38.89897795500008], [-77.07083523899996, 38.89774383800005], [-77.07072662999997, 38.897743286000036], [-77.06967677799997, 38.897700300000054], [-77.06946966199996, 38.897689540000044], [-77.06900826299994, 38.89739009200008], [-77.06879301099997, 38.897082657000055], [-77.06859281999994, 38.89690282200007], [-77.06853558199998, 38.896742276000055], [-77.06846642699998, 38.89624741700004], [-77.06828498099998, 38.89439254800004], [-77.06824219699996, 38.893742143000054], [-77.06807042799994, 38.89325852700006], [-77.06801242799997, 38.89240582600007], [-77.06804390199994, 38.89168108400003]]]]}}, {"type": "Feature", "properties": {"OBJECTID": 26, "CIVIC": "Arlington Forest", "COLOR": 3, "LABEL": "Arlington Forest", "GIS_ID": 58, "Pdf": "Arlington_Forest", "SHAPE_Length": 0.0505166186193564, "SHAPE_Area": 0.00011315850646620569}, "geometry": {"type": "MultiPolygon", "coordinates": [[[[-77.11509628599998, 38.873747782000066], [-77.11484509599995, 38.873739657000044], [-77.11466258799999, 38.873764030000075], [-77.11428652799998, 38.87378073800005], [-77.11378654199996, 38.87378244400003], [-77.11342506099999, 38.87377364500003], [-77.11326312299997, 38.87376970100007], [-77.112785149, 38.87374307500005], [-77.11222225099993, 38.87369191100004], [-77.11195744799994, 38.87364662900006], [-77.11167653599995, 38.87355334700004], [-77.11120402599994, 38.873309842000026], [-77.11126121499996, 38.873128345000055], [-77.11153892899995, 38.87228109200004], [-77.11170089999996, 38.87176565000004], [-77.11220593399997, 38.870163528000035], [-77.10939540799995, 38.870049900000026], [-77.10951999099996, 38.869390673000055], [-77.10993017299995, 38.86941565800004], [-77.11036207899997, 38.86942351700003], [-77.11120487299996, 38.869436234000034], [-77.11188266299996, 38.869444248000036], [-77.11187133099997, 38.86948530500007], [-77.11229488699996, 38.86956170900004], [-77.11236423899999, 38.86958109200003], [-77.11241584999993, 38.86942432500007], [-77.11260828399998, 38.868807884000034], [-77.11279396999998, 38.86818054400004], [-77.11314328499998, 38.86729244800006], [-77.11353417399994, 38.86719367500007], [-77.11349783799994, 38.86711270400008], [-77.11331951399995, 38.86670692700005], [-77.11343978599996, 38.86648317000004], [-77.11351253099997, 38.86635219100003], [-77.11385490599997, 38.866084373000035], [-77.11397764399999, 38.86591282000006], [-77.11407381999999, 38.86576893600005], [-77.11424088999996, 38.86555893900004], [-77.11463159799996, 38.86497040100005], [-77.11517485899998, 38.86393879800005], [-77.11539196399997, 38.863609085000064], [-77.115836544, 38.86295801800003], [-77.11598724099997, 38.86261104500005], [-77.11607123599998, 38.86244452500006], [-77.11612990799995, 38.86231615100007], [-77.11609945099997, 38.862307362000024], [-77.11610168799996, 38.86227693500007], [-77.11608089999999, 38.86226210800004], [-77.11607048599996, 38.86225572400008], [-77.11606009399998, 38.86224824200008], [-77.11605679399997, 38.862237192000066], [-77.11605352399994, 38.86222463100006], [-77.11605379699995, 38.86221046500003], [-77.11605578599995, 38.86219840500007], [-77.11606125599997, 38.862187980000044], [-77.11606764399994, 38.86217545100004], [-77.11607401699996, 38.862163690000045], [-77.11608298099998, 38.862154185000065], [-77.11609372599997, 38.862143409000055], [-77.11610625999998, 38.86213092500003], [-77.11611519899998, 38.86212271000005], [-77.11612772699993, 38.862110501000075], [-77.11613925299997, 38.86210292000004], [-77.11614909899998, 38.862095045000046], [-77.11615978899994, 38.86208712500007], [-77.11616785699994, 38.86207854200006], [-77.11618332699999, 38.86204492100006], [-77.11617315099994, 38.86204260400007], [-77.11617262999994, 38.86201313300006], [-77.11617108799999, 38.86200204800008], [-77.11616778399997, 38.86199127200007], [-77.11616710899995, 38.86198069100004], [-77.11616468199998, 38.86196998100007], [-77.11616137499993, 38.861959342000034], [-77.11615809399996, 38.86194730300008], [-77.11615391799995, 38.861936187000026], [-77.11614880999997, 38.86192607600003], [-77.11614465199995, 38.86191581200006], [-77.11613958199996, 38.86190553700004], [-77.11613274199993, 38.86189595500008], [-77.11612411099998, 38.86188819200004], [-77.11611103999996, 38.86188298500008], [-77.11609896199997, 38.86187185800003], [-77.11609128199996, 38.86186215600003], [-77.11608796299998, 38.861850282000034], [-77.11608644699999, 38.86183782400008], [-77.11608583799995, 38.86182570700004], [-77.11608639499997, 38.86179679700007], [-77.11610724699995, 38.86180649000005], [-77.11611943299994, 38.86181204300004], [-77.11613255399999, 38.86181648200005], [-77.11614559699996, 38.86182127600006], [-77.11615866899996, 38.86182640100003], [-77.11617613699997, 38.861831247000055], [-77.11619272299998, 38.86183633100006], [-77.11620758699996, 38.86183958200007], [-77.11622069099997, 38.86184305900008], [-77.11623467699997, 38.86184635400008], [-77.11624776099995, 38.86185087500007], [-77.11626346999998, 38.86185586500005], [-77.11627746899995, 38.86186031400007], [-77.11629138899997, 38.86186520100006], [-77.11633059499997, 38.861881124000035], [-77.11636023599993, 38.861892183000066], [-77.11637243399997, 38.861897132000024], [-77.11638725799997, 38.86190246900003], [-77.11640032199995, 38.86190803300008], [-77.11641250999998, 38.86191347700003], [-77.11642908199997, 38.86191924600007], [-77.11644390199996, 38.86192483100007], [-77.11645696399995, 38.861930477000044], [-77.11647000799996, 38.86193708400003], [-77.11648391299997, 38.86194455200007], [-77.11649606199995, 38.861952055000074], [-77.11650826799996, 38.861958377000065], [-77.11652035699996, 38.861965302000044], [-77.11653341799996, 38.861972843000046], [-77.11654645199997, 38.86197994400004], [-77.11656212699995, 38.86198672000006], [-77.11657604399994, 38.86199358400006], [-77.11658733699994, 38.86199989600004], [-77.11659951999997, 38.862005614000054], [-77.11661255699994, 38.862010765000036], [-77.11662741899994, 38.86201599300006], [-77.11664310599997, 38.862022109000065], [-77.11665530399995, 38.86202705900007], [-77.11667014299996, 38.86203160000008], [-77.11668412999995, 38.862034840000035], [-77.11669722999994, 38.862038537000046], [-77.11671207699999, 38.86204272100008], [-77.11672518899996, 38.86204575900007], [-77.11673917799999, 38.86204889000004], [-77.11675315799994, 38.86205248700003], [-77.11676888699998, 38.86205643400007], [-77.11678198699997, 38.86206013100008], [-77.11679596399995, 38.86206389300003], [-77.11680906599997, 38.862067480000064], [-77.11682217299995, 38.862070792000054], [-77.11683439699993, 38.86207436900003], [-77.11684834899995, 38.86207944900008], [-77.11686316899994, 38.86208500600003], [-77.11687709099994, 38.862091623000026], [-77.11689099399996, 38.862099174000036], [-77.12088955799999, 38.86468661600003], [-77.12521304099994, 38.86743713100003], [-77.12749820399995, 38.86836855200005], [-77.12740167999993, 38.868528178000076], [-77.12714657899994, 38.86881905100006], [-77.12677424599997, 38.86913815500003], [-77.12641085299998, 38.86944882200004], [-77.12536232599996, 38.870576466000045], [-77.12497317299994, 38.87104651000004], [-77.12474213699994, 38.871261127000025], [-77.12460988299995, 38.871352724000076], [-77.12438267599998, 38.87144628400006], [-77.11975767199993, 38.87304598800006], [-77.11766945999995, 38.87374273100005], [-77.11748812599996, 38.87380287700006], [-77.11733836199994, 38.87385444200004], [-77.11713666699995, 38.873933899000065], [-77.11689672199998, 38.87404767100003], [-77.11672441599995, 38.874175173000026], [-77.11657239799996, 38.87430892700007], [-77.11652235599996, 38.87427162300003], [-77.11639050199994, 38.87417947700004], [-77.11626545799999, 38.87408579100003], [-77.11610211699997, 38.873996102000035], [-77.11604314999994, 38.87396437700005], [-77.11586021199997, 38.87388903900006], [-77.11569397299996, 38.87382941200008], [-77.11539449299994, 38.873766045000025], [-77.11509628599998, 38.873747782000066]]]]}}, {"type": "Feature", "properties": {"OBJECTID": 27, "CIVIC": "Buckingham", "COLOR": 4, "LABEL": "Buckingham", "GIS_ID": 59, "Pdf": "Buckingham", "SHAPE_Length": 0.050750929337549905, "SHAPE_Area": 7.20043647526223e-05}, "geometry": {"type": "MultiPolygon", "coordinates": [[[[-77.11344447899995, 38.87637927600008], [-77.11318218299994, 38.87658726800004], [-77.11287832099998, 38.87684458200005], [-77.11270065499997, 38.87702325600003], [-77.11214144399997, 38.87750487000005], [-77.11184675599998, 38.87776154800008], [-77.11131283499998, 38.878235493000034], [-77.10844287599997, 38.876146977000076], [-77.10825083199995, 38.87596884300007], [-77.10751735399998, 38.87546745100008], [-77.10521137999996, 38.87390734400003], [-77.10321546599994, 38.87249760100008], [-77.10095299199997, 38.87085639400004], [-77.10072324899994, 38.87064970600005], [-77.10684325999995, 38.86909969000004], [-77.10681372899995, 38.86891098700005], [-77.10709726899995, 38.86882958000007], [-77.11082915599997, 38.86787216400006], [-77.11178921299995, 38.86763453300006], [-77.11314328499998, 38.86729244800006], [-77.11279396999998, 38.86818054400004], [-77.11260828399998, 38.868807884000034], [-77.11241584999993, 38.86942432500007], [-77.11236423899999, 38.86958109200003], [-77.11229488699996, 38.86956170900004], [-77.11187133099997, 38.86948530500007], [-77.11188266299996, 38.869444248000036], [-77.11120487299996, 38.869436234000034], [-77.11036207899997, 38.86942351700003], [-77.10993017299995, 38.86941565800004], [-77.10951999099996, 38.869390673000055], [-77.10939540799995, 38.870049900000026], [-77.11220593399997, 38.870163528000035], [-77.11170089999996, 38.87176565000004], [-77.11153892899995, 38.87228109200004], [-77.11126121499996, 38.873128345000055], [-77.11120402599994, 38.873309842000026], [-77.11167653599995, 38.87355334700004], [-77.11195744799994, 38.87364662900006], [-77.11222225099993, 38.87369191100004], [-77.112785149, 38.87374307500005], [-77.11326312299997, 38.87376970100007], [-77.11342506099999, 38.87377364500003], [-77.11378654199996, 38.87378244400003], [-77.11428652799998, 38.87378073800005], [-77.11466258799999, 38.873764030000075], [-77.11484509599995, 38.873739657000044], [-77.11509628599998, 38.873747782000066], [-77.11539449299994, 38.873766045000025], [-77.11569397299996, 38.87382941200008], [-77.11586021199997, 38.87388903900006], [-77.11604314999994, 38.87396437700005], [-77.11610211699997, 38.873996102000035], [-77.11626545799999, 38.87408579100003], [-77.11639050199994, 38.87417947700004], [-77.11652235599996, 38.87427162300003], [-77.11657239799996, 38.87430892700007], [-77.11636790399996, 38.87455528300006], [-77.11630938399998, 38.874784576000025], [-77.11626293199998, 38.87512764200005], [-77.11622666299996, 38.87533064200005], [-77.11619893599999, 38.875402207000036], [-77.11612726299995, 38.87547369400005], [-77.11599551599994, 38.87560172700006], [-77.11590106899996, 38.87564457800005], [-77.11573195699998, 38.87571911800006], [-77.11558013299998, 38.87575884800003], [-77.11535452599998, 38.875817261000066], [-77.11460284199995, 38.87600893900003], [-77.11364074799997, 38.87624852000005], [-77.11356885999999, 38.87629641400008], [-77.11344447899995, 38.87637927600008]]]]}}, {"type": "Feature", "properties": {"OBJECTID": 28, "CIVIC": "Arlingwood", "COLOR": 3, "LABEL": "Arlingwood", "GIS_ID": 61, "Pdf": "Arlingwood", "SHAPE_Length": 0.03296460521843498, "SHAPE_Area": 4.844519704755618e-05}, "geometry": {"type": "MultiPolygon", "coordinates": [[[[-77.11648029299994, 38.92957135800003], [-77.11656709099998, 38.92955689200005], [-77.11658298499998, 38.929554937000034], [-77.11659677099993, 38.929552820000026], [-77.11661052499994, 38.92955062100003], [-77.11662428099999, 38.92954828400008], [-77.11663800399998, 38.929545837000035], [-77.11665165799997, 38.92954330600003], [-77.11666531399999, 38.92954066600004], [-77.11667893799995, 38.92953788800003], [-77.11669249399995, 38.929535], [-77.11670601599997, 38.92953200100004], [-77.11671950599998, 38.92952891900006], [-77.11673296199996, 38.929525700000056], [-77.11674634899998, 38.92952242500007], [-77.11675973999996, 38.92951898600006], [-77.11677302699997, 38.92951543500004], [-77.11678631599995, 38.929511802000036], [-77.11679953699996, 38.92950805800007], [-77.11681268899997, 38.92950420400007], [-77.11682580799999, 38.92950026600005], [-77.11683885899998, 38.929496191000055], [-77.11685187699999, 38.92949203300003], [-77.11686482699997, 38.929487737000045], [-77.11687770799995, 38.92948335800003], [-77.11689055599999, 38.929478896000035], [-77.11690333599995, 38.929474295000034], [-77.11691604699996, 38.92946963900005], [-77.11692872499998, 38.92946481800004], [-77.11694129999995, 38.92945994100006], [-77.11695380699996, 38.92945492600006], [-77.11696628099997, 38.92944980000004], [-77.11697864899998, 38.929444646000036], [-77.11699098599996, 38.92943935400007], [-77.11700321899997, 38.92943395100008], [-77.11701541799994, 38.92942846500006], [-77.11703730699998, 38.929418233000035], [-77.11704874999998, 38.92941188700007], [-77.11706026299998, 38.92940554200004], [-77.11707177399995, 38.92939925200005], [-77.11708335599997, 38.92939301700005], [-77.11709493699993, 38.92938678300004], [-77.11710655199994, 38.92938060400007], [-77.11711820199997, 38.92937445200005], [-77.11712988599999, 38.929368356000055], [-77.11714160499997, 38.92936226100005], [-77.11715335799994, 38.929356221000035], [-77.11716510999997, 38.92935023500007], [-77.11717693199995, 38.92934427800003], [-77.11718875399998, 38.929338321000046], [-77.11720060899995, 38.929332447000036], [-77.11721253499996, 38.92932657400007], [-77.11722445899994, 38.92932075500005], [-77.11723638299998, 38.92931499100007], [-77.11724837699995, 38.92930922900007], [-77.11726040499997, 38.929303521000065], [-77.11727243199994, 38.92929784100005], [-77.11728449399999, 38.92929221600008], [-77.11729658999997, 38.92928661900004], [-77.11730871999998, 38.92928105000004], [-77.11732902399996, 38.92927277700005], [-77.11749077899998, 38.92920885800004], [-77.11767657399997, 38.929145221000056], [-77.11805876399995, 38.928984214000025], [-77.11807337399995, 38.928977658000065], [-77.11824467199995, 38.928905557000064], [-77.11828177899997, 38.92888819900003], [-77.11832594799995, 38.92886381200003], [-77.11835926799995, 38.92884229100008], [-77.11839068799998, 38.92881904400008], [-77.11841287699997, 38.92880055000006], [-77.11843384999997, 38.92878121700005], [-77.11844890999998, 38.928762309000035], [-77.11845442499998, 38.928751582000075], [-77.11846209499998, 38.928736652000055], [-77.11847377799995, 38.92871053700003], [-77.11848978499995, 38.928666158000055], [-77.11849699299995, 38.92864056700006], [-77.11850269399997, 38.92861471200007], [-77.11850692199994, 38.92858870200007], [-77.11850970999996, 38.92856259300004], [-77.11851131499998, 38.928526748000024], [-77.11850922399998, 38.92848199100007], [-77.11850121299994, 38.92840695800004], [-77.11842465599995, 38.92768561400004], [-77.11841867399994, 38.92765492500007], [-77.11841342899999, 38.927627898000026], [-77.11840456199997, 38.927569908000066], [-77.11839805399995, 38.92751175300003], [-77.11839393899999, 38.92745346100003], [-77.11839217099998, 38.92737007200003], [-77.11839311499995, 38.927328371000044], [-77.11839583699998, 38.92727837000007], [-77.11840318399999, 38.927203545000054], [-77.11841978299998, 38.92708651300006], [-77.11842533799995, 38.927018944000054], [-77.11842680499996, 38.92694281400003], [-77.11842385599994, 38.92687509000007], [-77.11840829299996, 38.92672313500003], [-77.11839175699998, 38.92660519100008], [-77.11838160599996, 38.926546390000055], [-77.11837366499998, 38.92650601200006], [-77.11836844899995, 38.92647936900005], [-77.11836490399998, 38.92646263200004], [-77.11835014999997, 38.92641283800003], [-77.11834064799996, 38.92636225500007], [-77.11833729499995, 38.92632827400007], [-77.11833629999995, 38.926294185000074], [-77.11833710899998, 38.92626862900005], [-77.11834029499994, 38.92623464300004], [-77.11834761199998, 38.92619241300008], [-77.11835476799996, 38.926167700000065], [-77.11836567699999, 38.926137925000035], [-77.11827313999999, 38.92613480500006], [-77.11777427199996, 38.92611795400006], [-77.11667271599998, 38.925270203000025], [-77.11789643299994, 38.925251649000074], [-77.11853061399995, 38.92572590200007], [-77.11859964699994, 38.92577751400006], [-77.11863270699996, 38.92574753200006], [-77.11866942699999, 38.925717346000056], [-77.11871572199993, 38.92568287800003], [-77.11876433299994, 38.925650387000076], [-77.11881508399995, 38.92561998100007], [-77.11886786699995, 38.92559174100006], [-77.11889444199994, 38.92557535800006], [-77.11892198299995, 38.925559974000066], [-77.11895045299997, 38.92554564500006], [-77.11897977999996, 38.92553239700004], [-77.119020058, 38.92551644900004], [-77.11907213299997, 38.92549940400005], [-77.11911955499994, 38.92547936600005], [-77.11915826599994, 38.92546441600007], [-77.11922734499996, 38.92544062300004], [-77.11929805199998, 38.92541989800003], [-77.11935976099994, 38.92540461300007], [-77.11944336299996, 38.92538788400003], [-77.11952647499999, 38.925369199000045], [-77.11960023799998, 38.92535595100003], [-77.11966407399996, 38.92534700700003], [-77.11972835999995, 38.92534023800005], [-77.11978215199997, 38.925336284000025], [-77.11984692199997, 38.92533358500003], [-77.12013304799996, 38.92533502300006], [-77.12038270999994, 38.92534976200005], [-77.12042597699997, 38.92535746400006], [-77.12046883499994, 38.925366315000076], [-77.12051132099998, 38.925376260000064], [-77.12056378099999, 38.925390304000075], [-77.12114659199995, 38.92556989600007], [-77.12181017499995, 38.92579598800006], [-77.12203057699998, 38.925811424000074], [-77.12212781999995, 38.92584035400006], [-77.12221627099996, 38.92586583000008], [-77.12214635799995, 38.92596963400007], [-77.12221594199997, 38.92599269300007], [-77.12243914399994, 38.92608565300003], [-77.12253312599995, 38.926128851000044], [-77.12262555799998, 38.926173981000034], [-77.12272538399998, 38.92622592400005], [-77.12302113399994, 38.92638904300003], [-77.12321261299996, 38.926493796000045], [-77.12324849899994, 38.926512477000074], [-77.12329469599996, 38.92653424500003], [-77.12335192999996, 38.92655792700003], [-77.12340094799998, 38.926575581000066], [-77.12346109199996, 38.92659419000006], [-77.12350197999996, 38.92660502100006], [-77.12354338499995, 38.92661456800005], [-77.12360696899998, 38.92662242500006], [-77.12378274799994, 38.92700126400007], [-77.12336234099996, 38.927658130000054], [-77.12457430299997, 38.92752129000007], [-77.12528705199998, 38.92921842700008], [-77.12470635999995, 38.92943406000006], [-77.12502720499998, 38.92993758800003], [-77.12522021099994, 38.93013755900006], [-77.12172592899998, 38.932867384000076], [-77.12122250399995, 38.933267889000035], [-77.12114401199995, 38.93332738000004], [-77.11989461399997, 38.93430951700003], [-77.11982573999995, 38.93423456600004], [-77.11945866899998, 38.934125907000066], [-77.11936199299998, 38.93403415300003], [-77.11928942799995, 38.93397014200008], [-77.11890089199994, 38.93369646800005], [-77.11869469899995, 38.93344965000006], [-77.11848158199996, 38.933197258000064], [-77.11828215699995, 38.932964249000065], [-77.11809668699993, 38.93273689500006], [-77.11784234799995, 38.932434589000025], [-77.11774604599998, 38.932323616000076], [-77.11758875199996, 38.93209384700003], [-77.11735619599995, 38.93175609700006], [-77.11718180599996, 38.931501412000046], [-77.11705160799994, 38.931142899000065], [-77.11686142799994, 38.930613426000036], [-77.11658090599997, 38.929846704000056], [-77.11648029299994, 38.92957135800003]]]]}}, {"type": "Feature", "properties": {"OBJECTID": 29, "CIVIC": "Arlington Ridge", "COLOR": 5, "LABEL": "Arlington Ridge", "GIS_ID": 51, "Pdf": "arlington_ridge", "SHAPE_Length": 0.0742887966506541, "SHAPE_Area": 0.00017845393604134266}, "geometry": {"type": "MultiPolygon", "coordinates": [[[[-77.06082188699997, 38.85052287900004], [-77.06030088299997, 38.850505232000046], [-77.05948538299998, 38.850512034000076], [-77.05770337499996, 38.850536205000026], [-77.05726722999998, 38.85016663000005], [-77.05674572199996, 38.849774256000046], [-77.05635832499996, 38.84947299600003], [-77.05619695599995, 38.84931437400007], [-77.05607478899998, 38.84912383000005], [-77.05603009999999, 38.84894327300003], [-77.05604844199996, 38.84874718000003], [-77.05614366499998, 38.84840745100007], [-77.05614235199994, 38.848116540000035], [-77.05604570599996, 38.847776373000045], [-77.05688193199995, 38.847683897000024], [-77.05705363799996, 38.84744866200003], [-77.05712346299998, 38.84729947400007], [-77.05713413699993, 38.84712135600006], [-77.05708052599994, 38.846872724000036], [-77.05699591699994, 38.84650483200005], [-77.05703395399996, 38.84630884400008], [-77.05712605899998, 38.84607142200008], [-77.05723707099997, 38.84588039500005], [-77.05742272099997, 38.84564480900008], [-77.05761440099997, 38.84543579700005], [-77.05778098499997, 38.84528389800005], [-77.05790541399995, 38.84517821900005], [-77.05895517699997, 38.84514692600004], [-77.05899909299995, 38.84432187800007], [-77.05902229199995, 38.84382915500004], [-77.05929046799997, 38.842737027000055], [-77.06017000499997, 38.843123760000026], [-77.06190449099995, 38.84418305000003], [-77.06203980899994, 38.84426434400007], [-77.06290413199997, 38.84476373500007], [-77.06291285199995, 38.844768456000054], [-77.06293022199998, 38.844777785000076], [-77.06293978899998, 38.84478226900006], [-77.06295716699998, 38.84479124100005], [-77.06296673699995, 38.84479556000008], [-77.06297542999994, 38.84479986800005], [-77.06298500099996, 38.84480410400005], [-77.06299457499995, 38.84480825800006], [-77.06300327099996, 38.84481240200006], [-77.06301284599994, 38.84481644600004], [-77.06302242299995, 38.84482043500003], [-77.06303112399996, 38.84482430400004], [-77.06305028499997, 38.84483192500005], [-77.06305986699994, 38.84483564000004], [-77.063069451, 38.84483930000005], [-77.06308858699998, 38.84484639900006], [-77.06309820899997, 38.84484984000005], [-77.06310867799994, 38.84485315300003], [-77.06311826599995, 38.844856539000034], [-77.06312785899996, 38.84485973200003], [-77.06313745299997, 38.84486287000004], [-77.06314792499995, 38.84486599100006], [-77.06315752099994, 38.84486902000003], [-77.06316799599995, 38.844871976000036], [-77.06317759599995, 38.844874840000045], [-77.06318807299994, 38.84487771400006], [-77.06319767499997, 38.844880413000055], [-77.06320815499998, 38.844883123000045], [-77.06321775999999, 38.84488573900006], [-77.06322824399996, 38.844888257000036], [-77.06323785199999, 38.84489068100004], [-77.06324833699995, 38.84489317100008], [-77.06325882399994, 38.84489549600005], [-77.06326931499996, 38.844897684000046], [-77.06327892799999, 38.844899861000044], [-77.06329991299998, 38.844904073000066], [-77.06332090499996, 38.844907927000065], [-77.06333140399994, 38.84490967600004], [-77.06334102599999, 38.84491144100008], [-77.06335152699995, 38.844913107000025], [-77.06337249799998, 38.84491624800006], [-77.06339354399995, 38.84491911400005], [-77.06341456399997, 38.84492159600006], [-77.06342507499994, 38.84492276800006], [-77.06343558699996, 38.844923857000026], [-77.06344697799994, 38.84492493100004], [-77.06346801099994, 38.84492672600004], [-77.06348905099998, 38.844928192000054], [-77.06349960799997, 38.84492881500006], [-77.06351009599996, 38.84492938300008], [-77.06353114599995, 38.84493032700004], [-77.06354255299993, 38.84493063100007], [-77.06355308099995, 38.84493092500003], [-77.06357414499996, 38.84493118300003], [-77.06358467899997, 38.84493122900005], [-77.06360574899998, 38.844931157000076], [-77.06361716599997, 38.84493094000004], [-77.06362770399994, 38.84493074000005], [-77.06364878899996, 38.844929954000065], [-77.06365933299998, 38.84492947900003], [-77.06366988399998, 38.84492867400007], [-77.06368131399995, 38.84492779800007], [-77.06369190299995, 38.84492680200003], [-77.06370330199996, 38.844925733000025], [-77.06371386099994, 38.84492448900005], [-77.06372529999999, 38.84492317400003], [-77.06373586199999, 38.84492176500004], [-77.06374642699996, 38.84492024700006], [-77.06375787099995, 38.84491868400005], [-77.06376844099998, 38.84491691900007], [-77.06378958399995, 38.84491322300005], [-77.06380015999997, 38.844911128000035], [-77.06381161399997, 38.844909044000076], [-77.06382219199998, 38.84490686700008], [-77.06383277399993, 38.84490449700007], [-77.06384335799999, 38.84490201800003], [-77.06385394299997, 38.84489951100005], [-77.06386452999999, 38.84489689500003], [-77.06387423999996, 38.844894185000044], [-77.06388486599997, 38.844891404000066], [-77.06389542499994, 38.844888430000026], [-77.06454478499995, 38.84472611500007], [-77.06462240399998, 38.84470784100006], [-77.06463650099994, 38.84470526800004], [-77.06472470599994, 38.84468437700008], [-77.06472876499998, 38.84468332900008], [-77.06498675699999, 38.845347194000055], [-77.06500758499999, 38.845341682000026], [-77.06529742499998, 38.845283712000025], [-77.06561430899995, 38.84522195300008], [-77.06602891699998, 38.84513914400003], [-77.06634767199995, 38.84507685600005], [-77.06658674899995, 38.84502515600008], [-77.06660691499997, 38.84512313600004], [-77.06669963699994, 38.84531567100004], [-77.06673789899997, 38.84538671300004], [-77.06678832299997, 38.84551694500004], [-77.06685277999998, 38.84573577200007], [-77.06694371699996, 38.84605295800003], [-77.06697735099993, 38.846179963000054], [-77.06715004999995, 38.84688891700006], [-77.06725725199993, 38.84739248600005], [-77.06733998799996, 38.84775131200007], [-77.06741914999998, 38.84811503700007], [-77.06742125099998, 38.84812588200003], [-77.06742176999995, 38.848136846000045], [-77.06742063899998, 38.848147761000064], [-77.06741789599994, 38.84815852000003], [-77.06741357799996, 38.84816901200003], [-77.06740772499995, 38.848178992000044], [-77.06740047899996, 38.84818837700004], [-77.06739187799997, 38.848197060000075], [-77.06738202999998, 38.84820487600007], [-77.06737107599997, 38.84821180000006], [-77.06735926499994, 38.848217669000064], [-77.06726323899994, 38.848253734000025], [-77.06730217999996, 38.848318963000054], [-77.06735181499994, 38.84841148000004], [-77.06739314999999, 38.84849758000007], [-77.06743367099995, 38.848592788000076], [-77.06743681199998, 38.848600762000046], [-77.06744811999994, 38.848650028000066], [-77.06745848499997, 38.84870785000004], [-77.06746486499998, 38.84875765900006], [-77.06746899599995, 38.84880757900004], [-77.06747092099994, 38.848865957000044], [-77.06747009799994, 38.84891600800006], [-77.06746702799995, 38.84896600400003], [-77.06746045899996, 38.849024169000074], [-77.06745084099998, 38.84908204900006], [-77.06743607999994, 38.84914777500006], [-77.06733153999994, 38.84968775500005], [-77.06730842599995, 38.84976905900004], [-77.06728507099996, 38.849858846000075], [-77.06726395799996, 38.84994896200004], [-77.06724669099998, 38.85003113400006], [-77.06724028399998, 38.85006532700004], [-77.06749080999998, 38.850012639000056], [-77.06750136299996, 38.85000999400006], [-77.06751177999996, 38.85000710000003], [-77.06752213199997, 38.85000398600005], [-77.06753231199997, 38.85000065100007], [-77.06754242699998, 38.84999709400006], [-77.06755236999999, 38.84999331600005], [-77.06756221299997, 38.84998931700005], [-77.06757188399996, 38.84998512400006], [-77.06758138299995, 38.84998070900008], [-77.06759074699994, 38.84997607200006], [-77.06759993799994, 38.84997124100005], [-77.06760892299997, 38.84996624300004], [-77.06761777199995, 38.84996099600005], [-77.06762637799994, 38.849955582000064], [-77.06763481299998, 38.84994997300004], [-77.06764307599997, 38.84994419700007], [-77.06765109599996, 38.84993822600006], [-77.06765887399996, 38.84993208700007], [-77.06766647999996, 38.849925781000024], [-77.06767380799994, 38.84991930800004], [-77.06768092899995, 38.84991269400007], [-77.06768780599998, 38.84990591300004], [-77.06769444199995, 38.84989896400003], [-77.06770083399994, 38.849891902000024], [-77.06770694699998, 38.84988469900003], [-77.06771281799996, 38.849877357000025], [-77.06771840999994, 38.849869873000046], [-77.06774971099998, 38.84982357100006], [-77.06792466499996, 38.84956482700005], [-77.067930043, 38.84955756000005], [-77.06793545399995, 38.84955037700007], [-77.06794107499996, 38.84954319600007], [-77.06794673099995, 38.849536070000056], [-77.06795248999998, 38.849529], [-77.06795835499997, 38.84952196000006], [-77.06796428899997, 38.849514974000044], [-77.06797036099994, 38.84950807300004], [-77.06797650299995, 38.849501201000066], [-77.06798274999994, 38.849494357000026], [-77.06798906599994, 38.849487596000074], [-77.06799548599997, 38.84948089200003], [-77.06800200999999, 38.84947421600003], [-77.06800863799998, 38.849467624000056], [-77.06801533599997, 38.84946106000007], [-77.06802210199999, 38.84945457900005], [-77.06802897399996, 38.84944812700007], [-77.06803594899998, 38.84944175900006], [-77.06804299299995, 38.849435447000076], [-77.06805014099996, 38.84942919000008], [-77.06805735799998, 38.84942299000005], [-77.06806467999996, 38.849416845000064], [-77.06807206999997, 38.849410757000044], [-77.06807956499995, 38.849404752000055], [-77.06808709299997, 38.84939880200005], [-77.06809476099994, 38.84939290900007], [-77.06810246199996, 38.84938709900007], [-77.06811026699995, 38.84938137300003], [-77.06811814199995, 38.849375647000045], [-77.06812608599995, 38.849370005000026], [-77.06813413399993, 38.84936441800005], [-77.06814224899995, 38.849358970000026], [-77.06815043399996, 38.849353550000046], [-77.06815868799998, 38.84934818600004], [-77.06816701099996, 38.84934290600006], [-77.06817540199995, 38.849337708000064], [-77.06818389799997, 38.84933256700003], [-77.06819242699999, 38.849327480000056], [-77.06820102599994, 38.849322450000045], [-77.06820972699995, 38.84931755800005], [-77.06821846299994, 38.849312722000036], [-77.06822730199997, 38.84930794200005], [-77.06823617599997, 38.849303217000056], [-77.06824511699995, 38.84929860300008], [-77.06825412799998, 38.84929404400003], [-77.06826317199994, 38.849289569000064], [-77.06827231999995, 38.84928517600008], [-77.06828150199993, 38.84928084000006], [-77.06845144599998, 38.84921151400005], [-77.06848891599998, 38.849269639000056], [-77.06884032299996, 38.849081642000044], [-77.06892551299995, 38.84903605200003], [-77.06991475999996, 38.84926504900005], [-77.07056608499994, 38.84935808400007], [-77.07076982399997, 38.849355100000025], [-77.07111756299997, 38.84935109500003], [-77.07144325699994, 38.84956688500006], [-77.07158200899994, 38.849658817000034], [-77.07164498599997, 38.84967056800008], [-77.07236906199995, 38.849813907000055], [-77.07257240099995, 38.849882286000025], [-77.07272487899996, 38.84993356900003], [-77.07275292099996, 38.84994315100005], [-77.07298693599995, 38.85002312000006], [-77.07416482099995, 38.85042562000007], [-77.07403897499995, 38.85067585300004], [-77.07403301899996, 38.85069283400003], [-77.07402093699994, 38.85073357600004], [-77.07401137499994, 38.85077473400003], [-77.07400430099995, 38.85081616900004], [-77.07399974999998, 38.850857854000026], [-77.07399776099999, 38.850899653000056], [-77.07399829999997, 38.850941455000054], [-77.07400232699996, 38.85099153800007], [-77.07400848999998, 38.851033106000045], [-77.07401715199995, 38.85107437500005], [-77.07402831499996, 38.851115262000064], [-77.07404194499998, 38.85115568600003], [-77.07405804399997, 38.85119559000003], [-77.07407654499997, 38.85123480900006], [-77.07409744799997, 38.85127331600006], [-77.07412061399998, 38.85131099900008], [-77.07414608199997, 38.85134777600007], [-77.07415018599994, 38.851353318000065], [-77.07416365999995, 38.85136627900005], [-77.07420529299998, 38.85140426900006], [-77.07424141699994, 38.85143491400004], [-77.07427885999994, 38.851464615000054], [-77.07431751699994, 38.85149331400004], [-77.07435735299998, 38.851521012000035], [-77.07439004399998, 38.851542444000074], [-77.07443191899995, 38.85156824400008], [-77.07447486899997, 38.851592958000026], [-77.07451882599997, 38.85161653200004], [-77.07456378799998, 38.85163899200006], [-77.07460039199998, 38.851656105000075], [-77.07464694199996, 38.85167641400005], [-77.07469435899998, 38.85169549900007], [-77.07473280699998, 38.85170994300006], [-77.07478428899998, 38.85172770400004], [-77.07473673099997, 38.851786497000035], [-77.07447088199996, 38.85214034300003], [-77.07425201399997, 38.85245378700006], [-77.07413047799997, 38.85267606200006], [-77.07402336699994, 38.85286693300003], [-77.07380126799995, 38.85315537500003], [-77.07374452699997, 38.85322907700004], [-77.07350679099994, 38.85356912000003], [-77.07324253099995, 38.85388999300005], [-77.07302700099996, 38.85415169300006], [-77.07279410499996, 38.85447235100003], [-77.07273681399994, 38.854615962000025], [-77.07266241399998, 38.85479517300007], [-77.07257327499997, 38.85494020900006], [-77.07242535699999, 38.85514826600007], [-77.07213958499995, 38.85554198500006], [-77.07194153599994, 38.85586182900005], [-77.07155628499999, 38.856437940000035], [-77.07129900199999, 38.85684326200004], [-77.07086070399998, 38.85743366300005], [-77.07039684299997, 38.85810632700003], [-77.07018169699995, 38.85832103200005], [-77.06976225699998, 38.85868686500004], [-77.06939748899998, 38.859195801000055], [-77.06901600399993, 38.85982069200003], [-77.06856510899996, 38.860549527000046], [-77.06816025199998, 38.86122199400006], [-77.06804272999995, 38.86152128500004], [-77.06811355499997, 38.861814442000025], [-77.06823134199993, 38.86215683200004], [-77.06833115199998, 38.86243908400007], [-77.06832446999994, 38.86252929300008], [-77.06831717799997, 38.862753972000064], [-77.06826178599994, 38.86303402800007], [-77.06815725899997, 38.863227616000074], [-77.06792895099994, 38.86362202500004], [-77.06760643799998, 38.864125512000044], [-77.06744915799999, 38.86433106000004], [-77.06728125499995, 38.86449685200006], [-77.06698237999996, 38.86470089100004], [-77.06676699499997, 38.864845150000065], [-77.06617130899997, 38.865098645000046], [-77.06538149399995, 38.865427123000075], [-77.06480692599996, 38.86563575100007], [-77.06437273599994, 38.86576264000007], [-77.06386591299997, 38.865868015000046], [-77.06374771299994, 38.865871705000075], [-77.06298424799996, 38.86594106600006], [-77.06270260699995, 38.86592383300007], [-77.06290944699998, 38.86555438100004], [-77.06305168899996, 38.865244578000045], [-77.06326215099995, 38.86465012700006], [-77.06351807099998, 38.86380246600004], [-77.06371774099995, 38.86284822700003], [-77.06383594399995, 38.86225791900006], [-77.06386542999996, 38.86188319200005], [-77.06386481799996, 38.86164342300003], [-77.06383919099994, 38.86151467500008], [-77.06378491699996, 38.86134309500005], [-77.06351822299996, 38.86087308000003], [-77.06337186799993, 38.86050100700004], [-77.06335841799995, 38.85901298400006], [-77.06332514199994, 38.85849087400004], [-77.06329476199994, 38.857727639000075], [-77.06327193199996, 38.856955708000044], [-77.06325883999995, 38.85629206500005], [-77.06324216199994, 38.85554794500007], [-77.06321596499998, 38.85449688700004], [-77.06320615099997, 38.85403803200006], [-77.06318658999999, 38.85321693000003], [-77.06314823099996, 38.85186650900005], [-77.06314721799998, 38.85162234100005], [-77.06266588099999, 38.85133329900003], [-77.06226108999994, 38.85109758800007], [-77.06202718499998, 38.85093196200006], [-77.06160497899998, 38.85071907400004], [-77.06122318399997, 38.85059787900008], [-77.06082188699997, 38.85052287900004]]]]}}, {"type": "Feature", "properties": {"OBJECTID": 30, "CIVIC": "Long Branch Creek", "COLOR": 3, "LABEL": "Long Branch Creek", "GIS_ID": 53, "Pdf": "long_branch_creek", "SHAPE_Length": 0.046554056766901684, "SHAPE_Area": 7.253489297339497e-05}, "geometry": {"type": "MultiPolygon", "coordinates": [[[[-77.07144325699994, 38.84956688500006], [-77.07111756299997, 38.84935109500003], [-77.07076982399997, 38.849355100000025], [-77.07056608499994, 38.84935808400007], [-77.06991475999996, 38.84926504900005], [-77.06892551299995, 38.84903605200003], [-77.06884032299996, 38.849081642000044], [-77.06848891599998, 38.849269639000056], [-77.06845144599998, 38.84921151400005], [-77.06828150199993, 38.84928084000006], [-77.06827231999995, 38.84928517600008], [-77.06826317199994, 38.849289569000064], [-77.06825412799998, 38.84929404400003], [-77.06824511699995, 38.84929860300008], [-77.06823617599997, 38.849303217000056], [-77.06822730199997, 38.84930794200005], [-77.06821846299994, 38.849312722000036], [-77.06820972699995, 38.84931755800005], [-77.06820102599994, 38.849322450000045], [-77.06819242699999, 38.849327480000056], [-77.06818389799997, 38.84933256700003], [-77.06817540199995, 38.849337708000064], [-77.06816701099996, 38.84934290600006], [-77.06815868799998, 38.84934818600004], [-77.06815043399996, 38.849353550000046], [-77.06814224899995, 38.849358970000026], [-77.06813413399993, 38.84936441800005], [-77.06812608599995, 38.849370005000026], [-77.06811814199995, 38.849375647000045], [-77.06811026699995, 38.84938137300003], [-77.06810246199996, 38.84938709900007], [-77.06809476099994, 38.84939290900007], [-77.06808709299997, 38.84939880200005], [-77.06807956499995, 38.849404752000055], [-77.06807206999997, 38.849410757000044], [-77.06806467999996, 38.849416845000064], [-77.06805735799998, 38.84942299000005], [-77.06805014099996, 38.84942919000008], [-77.06804299299995, 38.849435447000076], [-77.06803594899998, 38.84944175900006], [-77.06802897399996, 38.84944812700007], [-77.06802210199999, 38.84945457900005], [-77.06801533599997, 38.84946106000007], [-77.06800863799998, 38.849467624000056], [-77.06800200999999, 38.84947421600003], [-77.06799548599997, 38.84948089200003], [-77.06798906599994, 38.849487596000074], [-77.06798274999994, 38.849494357000026], [-77.06797650299995, 38.849501201000066], [-77.06797036099994, 38.84950807300004], [-77.06796428899997, 38.849514974000044], [-77.06795835499997, 38.84952196000006], [-77.06795248999998, 38.849529], [-77.06794673099995, 38.849536070000056], [-77.06794107499996, 38.84954319600007], [-77.06793545399995, 38.84955037700007], [-77.067930043, 38.84955756000005], [-77.06792466499996, 38.84956482700005], [-77.06774971099998, 38.84982357100006], [-77.06771840999994, 38.849869873000046], [-77.06771281799996, 38.849877357000025], [-77.06770694699998, 38.84988469900003], [-77.06770083399994, 38.849891902000024], [-77.06769444199995, 38.84989896400003], [-77.06768780599998, 38.84990591300004], [-77.06768092899995, 38.84991269400007], [-77.06767380799994, 38.84991930800004], [-77.06766647999996, 38.849925781000024], [-77.06765887399996, 38.84993208700007], [-77.06765109599996, 38.84993822600006], [-77.06764307599997, 38.84994419700007], [-77.06763481299998, 38.84994997300004], [-77.06762637799994, 38.849955582000064], [-77.06761777199995, 38.84996099600005], [-77.06760892299997, 38.84996624300004], [-77.06759993799994, 38.84997124100005], [-77.06759074699994, 38.84997607200006], [-77.06758138299995, 38.84998070900008], [-77.06757188399996, 38.84998512400006], [-77.06756221299997, 38.84998931700005], [-77.06755236999999, 38.84999331600005], [-77.06754242699998, 38.84999709400006], [-77.06753231199997, 38.85000065100007], [-77.06752213199997, 38.85000398600005], [-77.06751177999996, 38.85000710000003], [-77.06750136299996, 38.85000999400006], [-77.06749080999998, 38.850012639000056], [-77.06724028399998, 38.85006532700004], [-77.06724669099998, 38.85003113400006], [-77.06726395799996, 38.84994896200004], [-77.06728507099996, 38.849858846000075], [-77.06730842599995, 38.84976905900004], [-77.06733153999994, 38.84968775500005], [-77.06743607999994, 38.84914777500006], [-77.06745084099998, 38.84908204900006], [-77.06746045899996, 38.849024169000074], [-77.06746702799995, 38.84896600400003], [-77.06747009799994, 38.84891600800006], [-77.06747092099994, 38.848865957000044], [-77.06746899599995, 38.84880757900004], [-77.06746486499998, 38.84875765900006], [-77.06745848499997, 38.84870785000004], [-77.06744811999994, 38.848650028000066], [-77.06743681199998, 38.848600762000046], [-77.06743367099995, 38.848592788000076], [-77.06739314999999, 38.84849758000007], [-77.06735181499994, 38.84841148000004], [-77.06730217999996, 38.848318963000054], [-77.06726323899994, 38.848253734000025], [-77.06735926499994, 38.848217669000064], [-77.06737107599997, 38.84821180000006], [-77.06738202999998, 38.84820487600007], [-77.06739187799997, 38.848197060000075], [-77.06740047899996, 38.84818837700004], [-77.06740772499995, 38.848178992000044], [-77.06741357799996, 38.84816901200003], [-77.06741789599994, 38.84815852000003], [-77.06742063899998, 38.848147761000064], [-77.06742176999995, 38.848136846000045], [-77.06742125099998, 38.84812588200003], [-77.06741914999998, 38.84811503700007], [-77.06733998799996, 38.84775131200007], [-77.06725725199993, 38.84739248600005], [-77.06715004999995, 38.84688891700006], [-77.06697735099993, 38.846179963000054], [-77.06694371699996, 38.84605295800003], [-77.06685277999998, 38.84573577200007], [-77.06678832299997, 38.84551694500004], [-77.06673789899997, 38.84538671300004], [-77.06669963699994, 38.84531567100004], [-77.06660691499997, 38.84512313600004], [-77.06658674899995, 38.84502515600008], [-77.06634767199995, 38.84507685600005], [-77.06602891699998, 38.84513914400003], [-77.06561430899995, 38.84522195300008], [-77.06529742499998, 38.845283712000025], [-77.06500758499999, 38.845341682000026], [-77.06498675699999, 38.845347194000055], [-77.06472876499998, 38.84468332900008], [-77.06480588899996, 38.84466340100005], [-77.06482711799998, 38.84465542300006], [-77.06483512499995, 38.84465011100008], [-77.06484400999994, 38.844644809000044], [-77.06485201599997, 38.84463952500005], [-77.06486089899994, 38.844634306000046], [-77.06486890599996, 38.84462899400006], [-77.06487691099994, 38.84462376500005], [-77.06488575899994, 38.84461854500006], [-77.06489379899995, 38.84461334400004], [-77.06490268099998, 38.84460820700008], [-77.06491068599996, 38.84460297800007], [-77.06492844799999, 38.84459273200008], [-77.06493645199998, 38.844587585000056], [-77.064945331, 38.84458255800007], [-77.06495333499998, 38.844577411000046], [-77.06497109399999, 38.844567330000075], [-77.06497909499996, 38.844562293000024], [-77.06498797499995, 38.84455723900004], [-77.06500572999994, 38.84454735000003], [-77.06501373199995, 38.844542286000035], [-77.06502260799994, 38.844537424000066], [-77.06504036399997, 38.844527508000056], [-77.06504923999995, 38.84452264600003], [-77.06505723799995, 38.844517773000064], [-77.06507498999997, 38.84450802200007], [-77.06508386399997, 38.84450324200003], [-77.06509273999995, 38.84449838000006], [-77.06511936299995, 38.844484014000045], [-77.06512823599996, 38.84447931700004], [-77.06513710999997, 38.84447453700005], [-77.06516372799996, 38.84446044600003], [-77.06518146999997, 38.84445121600004], [-77.06519034199994, 38.84444651900003], [-77.06519921299997, 38.844441904000064], [-77.06520808199997, 38.84443739900007], [-77.06521783099998, 38.844432795000046], [-77.06522669999998, 38.844428262000065], [-77.06523557099996, 38.84442362000004], [-77.06524443799998, 38.844419225000024], [-77.06525330699998, 38.84441469200004], [-77.06526305399996, 38.84441017000006], [-77.06528078899998, 38.84440129800004], [-77.06529053399998, 38.84439685800004], [-77.06530826899996, 38.844387985000026], [-77.06531713499999, 38.84438361800005], [-77.06532687799995, 38.84437928800003], [-77.06533574399998, 38.844374920000064], [-77.06534548699995, 38.84437059100003], [-77.06535435099994, 38.84436633300004], [-77.06536321599998, 38.844361965000076], [-77.06537295799995, 38.844357718000026], [-77.06538182199995, 38.84435343200005], [-77.06539156199995, 38.84434926700004], [-77.06540042599994, 38.84434500900005], [-77.06541016599994, 38.844340817000045], [-77.06541902799995, 38.84433664100004], [-77.06542876799995, 38.84433247700008], [-77.06543762999996, 38.844328301000075], [-77.06545710699999, 38.84432010800003], [-77.06546596699997, 38.84431601500006], [-77.06547570499998, 38.84431193300003], [-77.06548456599995, 38.84430783900007], [-77.06550403899996, 38.84429983900003], [-77.06551289799995, 38.84429582800004], [-77.065522634, 38.84429182800005], [-77.06553149299998, 38.844287817000065], [-77.06554122799997, 38.84428389900006], [-77.06555011999995, 38.84427997100005], [-77.06555982099997, 38.84427597100006], [-77.06556955399998, 38.84427216300003], [-77.06557841099993, 38.844268234000026], [-77.06558814599998, 38.84426431600008], [-77.06559787899994, 38.84426048100005], [-77.06560673399997, 38.84425666200008], [-77.06562619999994, 38.84424899100003], [-77.06563593199996, 38.84424523800004], [-77.06564478499996, 38.844241529000044], [-77.06565451799997, 38.84423766700007], [-77.06566424799996, 38.84423399600007], [-77.06567397899994, 38.84423029800007], [-77.06568283299998, 38.84422650600004], [-77.06572175099996, 38.84421187800007], [-77.06573147899996, 38.84420831700004], [-77.06574033099997, 38.84420463600003], [-77.06576951499994, 38.84419392600006], [-77.06577924099997, 38.844190447000074], [-77.06578896899998, 38.84418685900005], [-77.06580842099999, 38.844179902000064], [-77.06581814499998, 38.84417650600005], [-77.06582787199994, 38.844173], [-77.06583763099997, 38.84416960400006], [-77.06584732199997, 38.84416612500007], [-77.06585704699995, 38.84416272900006], [-77.06586676899997, 38.844159415000036], [-77.06587649399995, 38.844156019000025], [-77.06592514199997, 38.84413945000006], [-77.06594454899994, 38.84413298700008], [-77.06595514799994, 38.84412976600004], [-77.06596486899997, 38.844126534000054], [-77.06597458799996, 38.844123413000034], [-77.06598427399996, 38.84412018100005], [-77.06600374799996, 38.844113883000034], [-77.06601434499999, 38.84411074500008], [-77.06603377999994, 38.84410463800003], [-77.06604349899999, 38.844101489000025], [-77.06605321499995, 38.84409853200003], [-77.06606380999995, 38.84409550400005], [-77.06607352799995, 38.84409243700003], [-77.06609295899995, 38.844086496000045], [-77.06610355299995, 38.84408352200006], [-77.06611326899997, 38.84408056500007], [-77.06612298299996, 38.844077663000064], [-77.06613357499998, 38.844074799000055], [-77.06615300299995, 38.84406902300003], [-77.06616359499998, 38.84406615900008], [-77.06617330699999, 38.84406336600006], [-77.06618302099997, 38.84406046400005], [-77.06619361099996, 38.844057683000074], [-77.06620332399996, 38.84405489100004], [-77.06621391199997, 38.84405219200005], [-77.06622362499996, 38.84404937200003], [-77.06623333499994, 38.84404666200004], [-77.06624392399993, 38.84404396300005], [-77.06625363399996, 38.84404125300006], [-77.06626422099998, 38.84403863600005], [-77.06627393099996, 38.84403592600006], [-77.06628451799997, 38.84403331000004], [-77.06629422699996, 38.84403068200004], [-77.06630481199994, 38.84402814800006], [-77.06631452099998, 38.84402552000006], [-77.06636394399999, 38.84401236600007], [-77.06640985499996, 38.84399922400007], [-77.06641956399994, 38.84399659600007], [-77.06643014899998, 38.843994062000036], [-77.06643985699998, 38.843991516000074], [-77.06645044099997, 38.84398898200004], [-77.06646014899997, 38.84398643700007], [-77.06647069599995, 38.84398401200008], [-77.06648043899997, 38.84398146700005], [-77.06649102199998, 38.84397901500006], [-77.06650072799994, 38.84397655200007], [-77.06651127399994, 38.84397418200007], [-77.06652101499998, 38.84397174700007], [-77.06653159599995, 38.843969377000064], [-77.06654130199996, 38.84396691500007], [-77.06655191799996, 38.84396457300005], [-77.06656158499999, 38.843962274000035], [-77.06657216699995, 38.843959932000075], [-77.06658186899995, 38.84395763400005], [-77.06659248399995, 38.843955374000075], [-77.06660215199997, 38.84395299300007], [-77.06661272999997, 38.843950816000074], [-77.06662243299996, 38.84394851800005], [-77.06663300999998, 38.84394634000006], [-77.06664358999996, 38.84394405300003], [-77.06665329099997, 38.84394186500003], [-77.06666386699999, 38.84393976900003], [-77.06667356799994, 38.843937554000036], [-77.06668414499995, 38.84393537600005], [-77.06669472199997, 38.843933281000034], [-77.06670438599997, 38.843931147000035], [-77.06671499699996, 38.84392905200008], [-77.06672557099995, 38.84392704000004], [-77.06673526999998, 38.84392493400003], [-77.06675641899994, 38.84392090800003], [-77.06676611599994, 38.84391885700006], [-77.06677669099997, 38.843916844000034], [-77.06678726399997, 38.84391491400004], [-77.06679695899999, 38.843912972000055], [-77.06681810499998, 38.84390911200006], [-77.06682779999994, 38.84390717000008], [-77.06683840599999, 38.84390532300006], [-77.06684894399996, 38.84390339200007], [-77.06685951499998, 38.84390157100006], [-77.06686920799996, 38.84389971200005], [-77.06687977799999, 38.84389794600003], [-77.06689034899995, 38.84389609800007], [-77.06690091899998, 38.84389433300004], [-77.06691060999998, 38.84389258400006], [-77.06693178399996, 38.843889052000065], [-77.06694231699998, 38.84388736900007], [-77.06695200899998, 38.84388559200005], [-77.06697314499996, 38.84388225300006], [-77.06698370999999, 38.84388067900005], [-77.06699427799998, 38.84387899600006], [-77.06700396599996, 38.84387741100005], [-77.06703566399995, 38.84387266300007], [-77.06705679299995, 38.84386965300007], [-77.06706648099998, 38.843868042000054], [-77.06707704399997, 38.84386663300006], [-77.06709817299998, 38.84386362300006], [-77.06712986099996, 38.84385936900003], [-77.06713954499997, 38.84385794900004], [-77.06719234999997, 38.84385128900004], [-77.06720290899995, 38.84385004500007], [-77.06721346999996, 38.84384871800006], [-77.06723458799996, 38.843846230000054], [-77.06724426799997, 38.843845058000056], [-77.06725482699994, 38.843843813000035], [-77.06729705699996, 38.843839194000054], [-77.06734983599995, 38.84383382400006], [-77.06736038999998, 38.84383282700003], [-77.06737094499994, 38.84383177500007], [-77.06738149899996, 38.84383077800004], [-77.06739205099996, 38.84382989000005], [-77.06741315999994, 38.84382789600005], [-77.06744481599998, 38.843825207000066], [-77.06745536699998, 38.843824375000054], [-77.06746591899997, 38.843823487000066], [-77.06749760599996, 38.84382104600007], [-77.06750811999996, 38.843820323000045], [-77.06751867099996, 38.843819490000044], [-77.06752921999998, 38.84381876800006], [-77.06755035299994, 38.843817296000054], [-77.06756086499996, 38.84381665500007], [-77.06757141299994, 38.84381593200004], [-77.06760301999998, 38.84381401100006], [-77.06761359999996, 38.84381345400004], [-77.06762414699995, 38.843812814000046], [-77.06764523799995, 38.84381172500008], [-77.06765574699995, 38.843811222000056], [-77.06766632699998, 38.843810665000035], [-77.06771904699997, 38.84380828700006], [-77.06775067199999, 38.84380713500008], [-77.06776209199995, 38.843806753000024], [-77.06777263299995, 38.84380644200007], [-77.06778320999996, 38.84380607700007], [-77.06780425499994, 38.84380548200005], [-77.06781479399996, 38.843805254000074], [-77.06782533399996, 38.843804971000054], [-77.06786748799993, 38.84380411200004], [-77.06788852699998, 38.84380384700006], [-77.06789910199996, 38.84380359200003], [-77.06790963599997, 38.84380358300007], [-77.06792105099998, 38.84380344700003], [-77.06793158599999, 38.84380341100007], [-77.06794212299997, 38.843803293000065], [-77.06796319399996, 38.843803165000054], [-77.06797372699998, 38.84380323900007], [-77.06798426199998, 38.84380320300005], [-77.06801589699995, 38.84380334100007], [-77.06802639399996, 38.84380346900008], [-77.06803692699998, 38.84380351600004], [-77.06806939999996, 38.843803912000055], [-77.06807992999995, 38.84380412300004], [-77.06809046199999, 38.84380425100005], [-77.06812205199998, 38.843804883000075], [-77.06814310899995, 38.84380549700006], [-77.06815363899995, 38.84380570800005], [-77.06816416699996, 38.843806001000075], [-77.06817469399994, 38.84380637700008], [-77.06818522299994, 38.84380667000005], [-77.06819662599997, 38.84380708400005], [-77.06823873299999, 38.84380861400007], [-77.06828083299996, 38.843810500000075], [-77.06833344899997, 38.84381328400008], [-77.06834396999994, 38.843813934000025], [-77.06835537099994, 38.84381451200005], [-77.06837641399994, 38.84381578500006], [-77.06838693399999, 38.84381651700005], [-77.06839745499997, 38.843817168000044], [-77.06843953399994, 38.84382009700005], [-77.06845005199995, 38.84382091200007], [-77.06908470299999, 38.843867068000066], [-77.06957201799997, 38.84390598900006], [-77.07035038599997, 38.84396487400005], [-77.07040300199998, 38.843967657000064], [-77.07042405199996, 38.84396860000004], [-77.07043460999995, 38.84396916800006], [-77.07044510099996, 38.84396962500006], [-77.07045562699994, 38.84397002800006], [-77.07046702999997, 38.843970496000054], [-77.07047755399998, 38.84397100900003], [-77.07048808099995, 38.843971357000044], [-77.07049860599994, 38.84397184200003], [-77.07054071299996, 38.84397337100006], [-77.07055124099998, 38.84397366400003], [-77.07056176799995, 38.843974066000044], [-77.07062493799998, 38.84397585200003], [-77.07063546799998, 38.843976062000024], [-77.07064687599996, 38.84397631100006], [-77.07065740399997, 38.843976604000034], [-77.07067846399997, 38.84397705300006], [-77.07068899599994, 38.84397718100007], [-77.07069952599994, 38.84397736400007], [-77.07071005799997, 38.84397749200008], [-77.07072058799997, 38.843977703000064], [-77.07076271499994, 38.84397821600004], [-77.07077324899996, 38.843978262000064], [-77.07078378099999, 38.843978390000075], [-77.07081538099999, 38.84397852800004], [-77.07082679199993, 38.84397858400007], [-77.07084785899997, 38.843978648000075], [-77.07086892999996, 38.84397857500005], [-77.07087946299998, 38.843978621000076], [-77.07090053399997, 38.843978521000054], [-77.07091106999997, 38.84397840200006], [-77.07092160599996, 38.843978365000055], [-77.07093214299994, 38.843978219000064], [-77.07094267799994, 38.84397818300005], [-77.07098482499998, 38.84397768000008], [-77.07099539899997, 38.84397745100006], [-77.07100681399999, 38.84397734300006], [-77.07107004499994, 38.84397605300006], [-77.07108058599994, 38.843975742000055], [-77.07109112399996, 38.84397554100008], [-77.07112274499997, 38.84397463500005], [-77.07113328699995, 38.84397424200006], [-77.07115436799995, 38.84397364700004], [-77.07120711299996, 38.843971708000026], [-77.07121762199995, 38.84397123200006], [-77.07122816399993, 38.843970838000075], [-77.07123870799995, 38.84397036300004], [-77.07125012899996, 38.84396989700008], [-77.07126067099995, 38.843969532000074], [-77.07127121699995, 38.843968973000074], [-77.07129230399994, 38.84396802200007], [-77.07130284999994, 38.84396746400006], [-77.07131339299997, 38.843966988000034], [-77.07135557499998, 38.84396475500006], [-77.07136612199997, 38.84396411500006], [-77.07137666799997, 38.84396355600006], [-77.07143995099995, 38.84395968600006], [-77.07145049999997, 38.843958963000034], [-77.07146104699996, 38.84395832200005], [-77.07150324199995, 38.84395540300005], [-77.07151379299995, 38.84395457000005], [-77.07152434199998, 38.84395384700008], [-77.07158764499997, 38.84394896100008], [-77.07159816199999, 38.84394804500005], [-77.07160874799996, 38.843947240000034], [-77.07165092199995, 38.84394363500007], [-77.07166151099995, 38.843942638000044], [-77.07167118499996, 38.84394173900006], [-77.07173450899995, 38.84393580900007], [-77.07174506499996, 38.84393472900007], [-77.07175561799994, 38.843933787000026], [-77.07176617399995, 38.84393270700008], [-77.07193512099997, 38.843912739000075], [-77.07210411999995, 38.84389010700005], [-77.07282924799995, 38.843802813000025], [-77.07355079299998, 38.84371547000006], [-77.07408230899995, 38.84365053000005], [-77.07421603799997, 38.843635678000055], [-77.07427588199994, 38.84362816600003], [-77.07433221499997, 38.84362061200005], [-77.07470866499995, 38.84358399300004], [-77.07508489699995, 38.84355832600005], [-77.07568218499995, 38.843540860000076], [-77.07627887499996, 38.843553592000035], [-77.07632187899998, 38.84355411300004], [-77.07633328499998, 38.84355444400006], [-77.07634381299994, 38.843554736000044], [-77.07635521799995, 38.843555122000055], [-77.07636661999999, 38.84355561700005], [-77.07637714399993, 38.84355615700008], [-77.07638854299995, 38.843556817000035], [-77.07641133699997, 38.84355830100003], [-77.07642185599997, 38.84355911500006], [-77.07644464099997, 38.84356109400005], [-77.07645515299998, 38.843562183000074], [-77.07646654299998, 38.843563337000035], [-77.07647796499998, 38.84356460200007], [-77.07648843999993, 38.84356582700008], [-77.07649982299995, 38.84356725600003], [-77.07660497699999, 38.84357676900004], [-77.07671005799995, 38.84359177400006], [-77.07686745499996, 38.843621143000064], [-77.07702126699996, 38.843655961000024], [-77.07736718299998, 38.843742537000026], [-77.07744754599997, 38.84376273400005], [-77.07753838599996, 38.84378580300006], [-77.07754887699997, 38.84378799000007], [-77.07756986199996, 38.84379219900006], [-77.07757948099999, 38.843794100000025], [-77.07758997699995, 38.84379604000003], [-77.07760047399995, 38.84379789700006], [-77.07761097399998, 38.84379964400006], [-77.07763197599996, 38.84380297400003], [-77.07764247899996, 38.84380458500004], [-77.07765298299995, 38.84380608500004], [-77.07766348999996, 38.84380747500006], [-77.07767399799997, 38.84380881100003], [-77.07768538299996, 38.843810157000064], [-77.07770640599995, 38.843812472000025], [-77.07771691899995, 38.84381353300006], [-77.07773794899998, 38.84381551800004], [-77.07775898499995, 38.84381714500006], [-77.07777038299997, 38.843817888000046], [-77.07779142599998, 38.84381915900008], [-77.07781247599996, 38.84382010000007], [-77.07782387999998, 38.843820513000026], [-77.07783444399996, 38.84382080600005], [-77.07784493899999, 38.84382101500006], [-77.07786600199995, 38.843821271000024], [-77.07787741299995, 38.84382132600007], [-77.07788794999993, 38.84382118000008], [-77.07789848599998, 38.843821142000024], [-77.07790902299996, 38.843820968000045], [-77.07791956399996, 38.84382062900005], [-77.07793098199994, 38.84382032800005], [-77.07794152399998, 38.843819961000065], [-77.07795206799995, 38.84381948500004], [-77.07796261299995, 38.84381892600004], [-77.07798370699999, 38.84381764400007], [-77.077994258, 38.84381681000008], [-77.07800568599998, 38.84381601500007], [-77.07802682499994, 38.84381421200004], [-77.07804790199998, 38.84381205100004], [-77.07805845899998, 38.843810888000064], [-77.07806901799995, 38.84380964300004], [-77.07807961399999, 38.843808316000036], [-77.07810070299996, 38.843805495000026], [-77.07813236499999, 38.84380071600003], [-77.07814296999999, 38.843798950000064], [-77.07816411099998, 38.84379527900006], [-77.07817380599994, 38.84379333700008], [-77.07819495499996, 38.843789282000046], [-77.07820553199997, 38.84378710300007], [-77.07821523199993, 38.843784914000025], [-77.07822577699994, 38.843782625000074], [-77.07823639299994, 38.84378028200007], [-77.07824609599999, 38.84377790100007], [-77.07826726499997, 38.843772830000034], [-77.07827697399995, 38.84377020100004], [-77.07828756099997, 38.84376750100006], [-77.07829727199999, 38.84376479000008], [-77.07830785599998, 38.84376225500006], [-77.07831756299998, 38.84375970900004], [-77.07833873799996, 38.84375430800003], [-77.07834844899998, 38.84375159700005], [-77.07835903999995, 38.84374870500005], [-77.07836875399994, 38.843745829000056], [-77.07837934499997, 38.84374296400006], [-77.07838906199999, 38.843739896000045], [-77.07839965699998, 38.84373683900003], [-77.07841905899994, 38.84373056600003], [-77.07842881599998, 38.843727252000065], [-77.07843941599998, 38.84372394700006], [-77.07844913799994, 38.84372063300003], [-77.07847831399994, 38.84371016600005], [-77.07850749999994, 38.84369920600005], [-77.07853669799994, 38.843687696000075], [-77.07854643099995, 38.84368380500007], [-77.07855616699999, 38.84367980400003], [-77.07856502699997, 38.843675682000026], [-77.07857476399994, 38.84367159800007], [-77.07858450299995, 38.843667432000075], [-77.07859336599995, 38.84366317300004], [-77.07860310699994, 38.84365889800006], [-77.07861197199998, 38.84365455600005], [-77.07862171399995, 38.843650198000034], [-77.07863058199996, 38.84364569200005], [-77.07863944899998, 38.84364124100006], [-77.07864831899997, 38.843636625000045], [-77.07865806599995, 38.84363202000003], [-77.07866693699998, 38.84362737600003], [-77.07869355599996, 38.84361306200003], [-77.07870243099995, 38.84360819900007], [-77.07871042899995, 38.84360329800006], [-77.07872818199996, 38.84359340700007], [-77.078736183, 38.84358834200003], [-77.07874506199994, 38.84358323200007], [-77.07875306299997, 38.84357816600004], [-77.07876194499994, 38.84357294600005], [-77.07877795299999, 38.84356251200006], [-77.07878595899996, 38.84355720000008], [-77.07879487899999, 38.84355181500007], [-77.07881085899999, 38.84354102400005], [-77.07881886799998, 38.843535547000045], [-77.07883488999994, 38.843524400000035], [-77.07884205899995, 38.84351882900006], [-77.07885003599995, 38.84351318700004], [-77.07886606399995, 38.843501710000055], [-77.07887320199995, 38.843495920000066], [-77.07888121799994, 38.84349011300003], [-77.07888835599994, 38.84348429500005], [-77.07889637299996, 38.84347837800004], [-77.07890351499998, 38.84347236800005], [-77.07891065499996, 38.84346644100003], [-77.07891867599994, 38.84346035900006], [-77.07892581799996, 38.84345437700006], [-77.07893296099996, 38.84344831200008], [-77.07895439699996, 38.84342973300005], [-77.07896868999995, 38.84341721900006], [-77.07897496099997, 38.843410842000026], [-77.07898210999997, 38.84340447500006], [-77.07898925999996, 38.843398053000044], [-77.07899553299995, 38.84339162100008], [-77.07900268299994, 38.84338517200007], [-77.07901523199996, 38.84337208800008], [-77.07902238499997, 38.84336550100005], [-77.07902866099994, 38.84335890400007], [-77.07903493799995, 38.84335219700006], [-77.07904121499996, 38.84334557300008], [-77.07904749399995, 38.843338784000025], [-77.07905377199995, 38.84333207700007], [-77.07906632999999, 38.84331849800003], [-77.07907173299998, 38.84331164400004], [-77.07907801499994, 38.84330474500007], [-77.07908429699995, 38.843297791000055], [-77.07908970299997, 38.843290799000044], [-77.07909598499998, 38.84328384500003], [-77.07910138999995, 38.843276880000076], [-77.07910679699995, 38.84326983300008], [-77.07911308199994, 38.843262769000034], [-77.07912930699996, 38.84324135400004], [-77.07914550199996, 38.84321966400006], [-77.07915006999997, 38.84321241500004], [-77.07915548199998, 38.84320509300005], [-77.07916001799998, 38.84319770600007], [-77.07916542899994, 38.84319041200007], [-77.07917086199996, 38.84318204700003], [-77.07917541699999, 38.843173672000034], [-77.07918088399998, 38.84316533500004], [-77.07918540299994, 38.84315698700004], [-77.07918995999995, 38.843148529000075], [-77.07919539199997, 38.84314019200008], [-77.07920450499995, 38.84312327600003], [-77.07920993899995, 38.843114884000045], [-77.07921449499997, 38.843106454000065], [-77.07921905299997, 38.843097914000055], [-77.07922360899994, 38.84308948300003], [-77.07930393799995, 38.842933928000036], [-77.08071769599997, 38.84317895700008], [-77.08171155099996, 38.84335021600003], [-77.08149948999994, 38.84359754800005], [-77.08076672199996, 38.84442902100005], [-77.08046375899994, 38.84465603000007], [-77.08013502299997, 38.84478345400004], [-77.07900167299994, 38.844912124000075], [-77.07823037099996, 38.84514633500004], [-77.07855170099998, 38.84561489300006], [-77.07854416899994, 38.84587644900006], [-77.07849363599996, 38.84606987600006], [-77.07831034499998, 38.84637423000004], [-77.07808513099997, 38.84669422300004], [-77.07788968799997, 38.84697906900004], [-77.07780694199994, 38.84733417900003], [-77.07757373799996, 38.84786398500006], [-77.07733572299998, 38.84848039900004], [-77.07714317299997, 38.84879073500008], [-77.07686389399998, 38.849153595000075], [-77.07662350199996, 38.84947850900005], [-77.07626375599995, 38.84990020200007], [-77.07581103599995, 38.85049253400007], [-77.07545093399995, 38.85095821300007], [-77.07499719899994, 38.85146471400003], [-77.07478428899998, 38.85172770400004], [-77.07473280699998, 38.85170994300006], [-77.07469435899998, 38.85169549900007], [-77.07464694199996, 38.85167641400005], [-77.07460039199998, 38.851656105000075], [-77.07456378799998, 38.85163899200006], [-77.07451882599997, 38.85161653200004], [-77.07447486899997, 38.851592958000026], [-77.07443191899995, 38.85156824400008], [-77.07439004399998, 38.851542444000074], [-77.07435735299998, 38.851521012000035], [-77.07431751699994, 38.85149331400004], [-77.07427885999994, 38.851464615000054], [-77.07424141699994, 38.85143491400004], [-77.07420529299998, 38.85140426900006], [-77.07416365999995, 38.85136627900005], [-77.07415018599994, 38.851353318000065], [-77.07414608199997, 38.85134777600007], [-77.07412061399998, 38.85131099900008], [-77.07409744799997, 38.85127331600006], [-77.07407654499997, 38.85123480900006], [-77.07405804399997, 38.85119559000003], [-77.07404194499998, 38.85115568600003], [-77.07402831499996, 38.851115262000064], [-77.07401715199995, 38.85107437500005], [-77.07400848999998, 38.851033106000045], [-77.07400232699996, 38.85099153800007], [-77.07399829999997, 38.850941455000054], [-77.07399776099999, 38.850899653000056], [-77.07399974999998, 38.850857854000026], [-77.07400430099995, 38.85081616900004], [-77.07401137499994, 38.85077473400003], [-77.07402093699994, 38.85073357600004], [-77.07403301899996, 38.85069283400003], [-77.07403897499995, 38.85067585300004], [-77.07416482099995, 38.85042562000007], [-77.07298693599995, 38.85002312000006], [-77.07275292099996, 38.84994315100005], [-77.07272487899996, 38.84993356900003], [-77.07257240099995, 38.849882286000025], [-77.07236906199995, 38.849813907000055], [-77.07164498599997, 38.84967056800008], [-77.07158200899994, 38.849658817000034], [-77.07144325699994, 38.84956688500006]]]]}}, {"type": "Feature", "properties": {"OBJECTID": 31, "CIVIC": "Foxcroft Heights", "COLOR": 3, "LABEL": "Foxcroft Heights", "GIS_ID": 60, "Pdf": "foxcroft_heights", "SHAPE_Length": 0.0283352284247842, "SHAPE_Area": 3.331211011380812e-05}, "geometry": {"type": "MultiPolygon", "coordinates": [[[[-77.06417484899998, 38.867423029000065], [-77.06457246399998, 38.86727084200004], [-77.06482091099997, 38.86717065300007], [-77.06522638099995, 38.86702067500005], [-77.06680426799994, 38.86644368800006], [-77.06706845699995, 38.866339348000054], [-77.06733254599999, 38.86623300200006], [-77.06753961199996, 38.86615369500004], [-77.06775042599998, 38.866080201000045], [-77.068261265, 38.86591589900007], [-77.06861722399998, 38.86582080300008], [-77.06881682599999, 38.86576337200006], [-77.06905049599999, 38.865699078000034], [-77.06914409099994, 38.86567512000005], [-77.06920707899997, 38.86566056400005], [-77.06928104599996, 38.86564501600003], [-77.06934486299997, 38.86563294200005], [-77.06940904399994, 38.86562202600004], [-77.06968331299998, 38.86558966800004], [-77.06990281199995, 38.865573668000025], [-77.07017692299996, 38.865566846000036], [-77.07036508099998, 38.86555485800005], [-77.07114357199998, 38.86558410600003], [-77.07142666699997, 38.86560237900005], [-77.07143642499994, 38.86560274500005], [-77.07165375099999, 38.865611183000055], [-77.07191358799997, 38.86563329200004], [-77.07197804199996, 38.86564036400006], [-77.07204222399997, 38.86564875200003], [-77.07210609899994, 38.865658481000025], [-77.07216534099996, 38.86566877300004], [-77.07216966599998, 38.865669524000054], [-77.07222229199994, 38.86567972000006], [-77.07228507399998, 38.86569317100003], [-77.07234737399995, 38.86570787800008], [-77.07240915599994, 38.865723898000056], [-77.07262879499996, 38.865789179000046], [-77.07287174399994, 38.86586572700003], [-77.07306295399997, 38.86592810700006], [-77.07312790099996, 38.86594930000007], [-77.07333371399994, 38.866021002000025], [-77.07344780899996, 38.86605946000003], [-77.07352129999998, 38.86609083500008], [-77.07362968399997, 38.86613389200005], [-77.07379959699995, 38.86620927600006], [-77.07400453099996, 38.86630760300005], [-77.07416932699994, 38.86639308600007], [-77.07433930899998, 38.866482749000056], [-77.07480696099998, 38.866723766000064], [-77.07517373399997, 38.86691522500007], [-77.07548155299997, 38.867091551000044], [-77.07486103699995, 38.86724993900003], [-77.07354380899994, 38.86758618400006], [-77.07346653499997, 38.867382776000056], [-77.07280595699996, 38.86755409600005], [-77.07315370599997, 38.86846389600004], [-77.07244529699994, 38.868634083000074], [-77.07194499899998, 38.86869893100004], [-77.07168804999998, 38.868741225000065], [-77.07140460499994, 38.86879107900006], [-77.07113073499994, 38.86884865400003], [-77.07082496699996, 38.869061626000075], [-77.07080480499997, 38.86907566000008], [-77.07055304899995, 38.86916395800006], [-77.07022335799996, 38.86924111800005], [-77.06997143499996, 38.86931831800007], [-77.06996631099997, 38.86931987600008], [-77.06941670299994, 38.86946498400005], [-77.06884681399998, 38.869601825000075], [-77.06833347099996, 38.86972139200003], [-77.06683059799997, 38.870074713000065], [-77.06622995499998, 38.870231294000064], [-77.06620784899997, 38.87023709300007], [-77.06619443399995, 38.87024041700005], [-77.06618102199997, 38.87024363100005], [-77.06616750699999, 38.870246706000046], [-77.066153994, 38.87024964400007], [-77.06614041399996, 38.87025247200006], [-77.06612679999995, 38.870255189000034], [-77.06611315399994, 38.870257768000045], [-77.06609944099995, 38.870260210000026], [-77.06608569499997, 38.87026251300006], [-77.06607195199996, 38.87026470700005], [-77.06605813999994, 38.87026679000007], [-77.06604433199993, 38.87026870900007], [-77.06603045599996, 38.87027051600006], [-77.06601658199997, 38.87027218700007], [-77.06600267599998, 38.870273747000056], [-77.06598873699994, 38.870275169000024], [-77.06597476599995, 38.87027645400008], [-77.06596079699995, 38.870277602000044], [-77.06594683099996, 38.87027863900005], [-77.06593283199999, 38.87027953900008], [-77.06591880099995, 38.870280302000026], [-77.06590477299994, 38.87028092700007], [-77.06589074699997, 38.87028144200008], [-77.06587668799995, 38.87028182000006], [-77.06586266699998, 38.87028206000008], [-77.06584861399995, 38.87028219100006], [-77.06583456399994, 38.87028215600003], [-77.06582051599997, 38.870282012000075], [-77.06580646999998, 38.870281731000034], [-77.06579242699996, 38.870281340000076], [-77.06577838699997, 38.87028081100004], [-77.06576438499997, 38.87028011800004], [-77.06575034899998, 38.87027934300005], [-77.06573635199999, 38.87027840300004], [-77.06572239299999, 38.87027735400005], [-77.06570840099994, 38.870276139000055], [-77.06569448099998, 38.87027484300006], [-77.06568052999995, 38.87027338200005], [-77.06566665099996, 38.870271812000055], [-77.06566339199998, 38.87027141500005], [-77.06563882699999, 38.87026666700007], [-77.06562510399993, 38.87026435700005], [-77.06561145599994, 38.87026174600004], [-77.06559791899997, 38.87025886200007], [-77.06558445899998, 38.870255677000046], [-77.06557114499998, 38.870252192000066], [-77.06555794199994, 38.87024843300003], [-77.06554484899993, 38.870244429000024], [-77.06553193799994, 38.870240125000066], [-77.06551917299998, 38.87023554700005], [-77.06550655399997, 38.87023069700007], [-77.06549411599997, 38.87022557500006], [-77.06531528599999, 38.87014284800006], [-77.06509387199998, 38.869993831000045], [-77.06430521499993, 38.86944505300005], [-77.06413309999994, 38.869325306000064], [-77.06372080599994, 38.868967722000036], [-77.06356795699998, 38.86879463400004], [-77.06340872299995, 38.868554490000065], [-77.06324001899998, 38.86820139500003], [-77.06321732799995, 38.86813644700004], [-77.06319171399997, 38.86806308700005], [-77.06311944099997, 38.86784122600005], [-77.06372939099998, 38.867601568000055], [-77.06379873199995, 38.86757687800008], [-77.06417484899998, 38.867423029000065]]]]}}, {"type": "Feature", "properties": {"OBJECTID": 32, "CIVIC": "Hall's Hill / High View Park", "COLOR": 3, "LABEL": "Hall's Hill / High View Park", "GIS_ID": 36, "Pdf": "Halls_Hill___High_View_Park", "SHAPE_Length": 0.043800888475953294, "SHAPE_Area": 6.15847909270047e-05}, "geometry": {"type": "MultiPolygon", "coordinates": [[[[-77.12682549199997, 38.896613554000055], [-77.12672321199994, 38.89652478700003], [-77.12642767199998, 38.896589763000065], [-77.12590118999998, 38.896737356000074], [-77.12555764799998, 38.89686825000007], [-77.12551856799996, 38.89678228100007], [-77.12545114499994, 38.89663320600005], [-77.12535615399997, 38.896272364000026], [-77.12474057899993, 38.895757142000036], [-77.12408151799997, 38.895126074000075], [-77.12449377899998, 38.89488375900004], [-77.12467148799993, 38.894778744000064], [-77.12486342399995, 38.89466293900006], [-77.12480134599997, 38.894601772000044], [-77.12467743599996, 38.89446851200006], [-77.12464990999996, 38.894437983000046], [-77.12454305699998, 38.894329637000055], [-77.12446026899994, 38.89424903200006], [-77.12417417699999, 38.89395734800007], [-77.12408986299994, 38.89387024400003], [-77.12395358799995, 38.893735081000045], [-77.12392941799999, 38.89371282900004], [-77.12389151199994, 38.89367394100003], [-77.12349514799996, 38.893271121000055], [-77.12326017299995, 38.89303270500005], [-77.12320217799999, 38.89297386100003], [-77.12309527599996, 38.89286825900007], [-77.12277813999998, 38.892548746000045], [-77.12258513699999, 38.89235426000005], [-77.12226456199994, 38.89202921400005], [-77.12215420299998, 38.89192082400007], [-77.12183020699996, 38.89159299000005], [-77.12161651799994, 38.891376292000075], [-77.12141855999994, 38.891172819000076], [-77.121340864, 38.89109296000004], [-77.12157363199998, 38.89104626400007], [-77.12166281099996, 38.891027923000024], [-77.12172535599996, 38.89101509200003], [-77.12190174099999, 38.89097871700005], [-77.12196393899995, 38.89085041000004], [-77.12230611599995, 38.89078025300006], [-77.12292319599999, 38.89066663600005], [-77.12381789699998, 38.89048494100007], [-77.12513485899996, 38.89021748000005], [-77.12534362599996, 38.890242139000065], [-77.12570554499996, 38.890165986000056], [-77.12640894399993, 38.890017976000024], [-77.12625289799996, 38.88974110800007], [-77.12603959699999, 38.88938085900003], [-77.12565544199998, 38.88885859900006], [-77.12530340799998, 38.88828489500003], [-77.12532146299998, 38.888239303000034], [-77.12808559599995, 38.887701022000044], [-77.12832814299998, 38.888226289000045], [-77.12864992099998, 38.88890065600003], [-77.12875313299998, 38.88914606700007], [-77.12884004599994, 38.88948325100006], [-77.12895847099998, 38.889443828000026], [-77.12905064499995, 38.88940096700003], [-77.12911230199995, 38.88948406800006], [-77.12953421299994, 38.88928578400004], [-77.12965422599996, 38.88944096300003], [-77.13001416299994, 38.88991198800005], [-77.13027471199996, 38.89025004300004], [-77.13021796399994, 38.890279615000054], [-77.13045399499998, 38.89061735700005], [-77.13048589099998, 38.89060125200007], [-77.13088736299994, 38.890921727000034], [-77.13111405899997, 38.890828258000056], [-77.13127011199998, 38.89075044100008], [-77.13130082099997, 38.890800228000046], [-77.13133832799997, 38.89085833200005], [-77.13147496899995, 38.89106313000008], [-77.13169020999999, 38.89138417800007], [-77.13185422399994, 38.89162774000005], [-77.13131926199998, 38.89185766700007], [-77.13111383299997, 38.891943146000074], [-77.13062159899994, 38.89214336100008], [-77.13043745499994, 38.89221813000006], [-77.13029802999995, 38.89225673400006], [-77.13082808099995, 38.89305215200005], [-77.13161816099995, 38.894231224000066], [-77.13191417999997, 38.894449906000034], [-77.13242735899996, 38.894788482000024], [-77.13322569199994, 38.89549243700003], [-77.13333889099994, 38.89558753100005], [-77.13337858199998, 38.89562901900007], [-77.13341546399994, 38.89567214900006], [-77.13343833899995, 38.89570171500003], [-77.13345986599995, 38.895731925000064], [-77.13348478599994, 38.89577035700006], [-77.13350798199997, 38.89580887900007], [-77.13352958599995, 38.895847987000025], [-77.13354959899993, 38.89588759700007], [-77.13357541599999, 38.89591027800003], [-77.13358409499995, 38.89592877700005], [-77.13359238499999, 38.89594738200003], [-77.13360024999997, 38.895966119000036], [-77.13360772799996, 38.89598496100007], [-77.13361471099995, 38.89600388000008], [-77.13362127099998, 38.89602290400006], [-77.13362747899998, 38.89604200700006], [-77.13363319199993, 38.89606121300005], [-77.13363851799994, 38.89608047000007], [-77.13364334999994, 38.89609980300003], [-77.13364782999997, 38.89611918700007], [-77.13365181699999, 38.89613864800003], [-77.13365541599995, 38.89615815900004], [-77.13365855799998, 38.896177720000026], [-77.13366127699999, 38.896197303000065], [-77.13366353799995, 38.89621693600003], [-77.13366537799999, 38.89623659200004], [-77.13366675999998, 38.89625624200005], [-77.13366768499998, 38.896275969000044], [-77.13366818799994, 38.896295664000036], [-77.13366826999999, 38.89631538200007], [-77.13366789499997, 38.89633506600006], [-77.13366709799999, 38.89635477400003], [-77.13366614999995, 38.89637684100006], [-77.13341344499997, 38.89638131500004], [-77.13060624399998, 38.89639555300005], [-77.12919872399993, 38.89641741600008], [-77.12920298999995, 38.89650676700006], [-77.12926008799997, 38.89701270300003], [-77.12933166699997, 38.89759391200005], [-77.12937596399996, 38.89812070600004], [-77.12945781399998, 38.89880267700005], [-77.12913013099995, 38.898864841000034], [-77.12912289499997, 38.89885918200008], [-77.12832260999994, 38.89807545900004], [-77.12744993099994, 38.89721948700003], [-77.12682549199997, 38.896613554000055]]]]}}, {"type": "Feature", "properties": {"OBJECTID": 65, "CIVIC": "Pentagon City", "COLOR": 3, "LABEL": "Pentagon City", "GIS_ID": 66, "Pdf": "Pentagon_City", "SHAPE_Length": 0.03338899106790891, "SHAPE_Area": 6.347673076565854e-05}, "geometry": {"type": "MultiPolygon", "coordinates": [[[[-77.05438560899995, 38.86451654100006], [-77.05439988299997, 38.86395786000003], [-77.05438442999997, 38.86362470600005], [-77.05427142699995, 38.86304625100007], [-77.05367887099999, 38.860580844000026], [-77.05353061799997, 38.859869839000055], [-77.05351277599993, 38.85978440800005], [-77.05325980699996, 38.85854472500006], [-77.05310504799996, 38.857724811000026], [-77.05310570758326, 38.857460756861606], [-77.0532787, 38.8574322], [-77.053698, 38.8573806], [-77.0537636, 38.8573773], [-77.0538305, 38.8573723], [-77.0539567, 38.857363], [-77.0540742, 38.8573549], [-77.0547293, 38.8573323], [-77.0552451, 38.85733], [-77.0556318, 38.857366], [-77.0557495, 38.8573772], [-77.0563142, 38.8573307], [-77.0565532, 38.8573548], [-77.0567335, 38.8573743], [-77.0570421, 38.8574123], [-77.0573089, 38.8574638], [-77.0576407, 38.8575546], [-77.0579021, 38.8576517], [-77.0581261, 38.8577615], [-77.0583696, 38.857896], [-77.0584744, 38.8579564], [-77.058619, 38.8580612], [-77.0588104, 38.858212], [-77.0589306, 38.858319], [-77.0590582, 38.858439], [-77.0592331, 38.8586382], [-77.0593567, 38.8588002], [-77.0594344, 38.858919], [-77.0595271, 38.8590751], [-77.0596289, 38.8592796], [-77.0596833, 38.8593957], [-77.0597474, 38.8595655], [-77.0597912, 38.859717], [-77.0598331, 38.8598887], [-77.0598541, 38.8600259], [-77.0598704, 38.8601444], [-77.059879, 38.8602982], [-77.0598842, 38.8604102], [-77.0598865, 38.8605033], [-77.0600379, 38.8605117], [-77.0608723, 38.8605113], [-77.0610117, 38.8605237], [-77.0611527, 38.8605416], [-77.0612914, 38.8605608], [-77.0614249, 38.8605812], [-77.0615634, 38.8606061], [-77.061699, 38.8606364], [-77.0618259, 38.8606704], [-77.0619649, 38.8607125], [-77.0620931, 38.8607579], [-77.0622242, 38.8608106], [-77.0623658, 38.8608695], [-77.0624384, 38.8609029], [-77.0625283, 38.8609536], [-77.0625456, 38.8609635], [-77.0627014, 38.8610539], [-77.0628206, 38.8611302], [-77.062903, 38.8611871], [-77.0630169, 38.8612828], [-77.06372441576872, 38.86123646910594], [-77.06378491699996, 38.86134309500005], [-77.06383919099994, 38.86151467500008], [-77.06386481799996, 38.86164342300003], [-77.06386542999996, 38.86188319200005], [-77.06383594399995, 38.86225791900006], [-77.06371774099995, 38.86284822700003], [-77.06351807099998, 38.86380246600004], [-77.06326215099995, 38.86465012700006], [-77.06305168899996, 38.865244578000045], [-77.06290944699998, 38.86555438100004], [-77.06270260699995, 38.86592383300007], [-77.06237150099997, 38.86590357800003], [-77.06130869999998, 38.86581150100005], [-77.06033654799995, 38.865653493000025], [-77.05887203599997, 38.86545601500006], [-77.05695100699995, 38.86519771300004], [-77.05622526699995, 38.86510110900008], [-77.05437979299995, 38.864862806000076], [-77.05438560899995, 38.86451654100006]]]]}}, {"type": "Feature", "properties": {"OBJECTID": 33, "CIVIC": "Aurora Highlands", "COLOR": 1, "LABEL": "Aurora Highlands", "GIS_ID": 12, "Pdf": "Aurora_Highlands", "SHAPE_Length": 0.05665174386982161, "SHAPE_Area": 0.00010375709707541204}, "geometry": {"type": "MultiPolygon", "coordinates": [[[[-77.05312574199996, 38.85670697900008], [-77.05317917999997, 38.85601081600004], [-77.05325597099994, 38.85529906800008], [-77.05330021899994, 38.85511279600007], [-77.05342193099995, 38.853362176000076], [-77.05357774499998, 38.85194230400003], [-77.05365371299996, 38.85125004200006], [-77.05372788599993, 38.85005942300006], [-77.05383889599995, 38.849004696000065], [-77.05384566199996, 38.84849455400007], [-77.05382505899996, 38.84808960700008], [-77.05374262999999, 38.847887961000026], [-77.05369053399994, 38.84759255300003], [-77.05361907199995, 38.84723182300007], [-77.05356507199997, 38.84695426800005], [-77.05356276299995, 38.84658436800004], [-77.05356810099994, 38.84628810100003], [-77.05363072899996, 38.845961346000024], [-77.05363988099998, 38.84593410200006], [-77.05389711099997, 38.845168450000074], [-77.05412490399993, 38.84451809600006], [-77.05475546999998, 38.84281006800006], [-77.05507912999997, 38.84292625900008], [-77.05566739099999, 38.843210992000024], [-77.05644548399994, 38.84359527000004], [-77.05706997599998, 38.84399267500004], [-77.05755496699999, 38.84417847900005], [-77.05790751099994, 38.844280242000025], [-77.05835751099994, 38.84431144600006], [-77.05899909299995, 38.84432187800007], [-77.05895517699997, 38.84514692600004], [-77.05790541399995, 38.84517821900005], [-77.05778098499997, 38.84528389800005], [-77.05761440099997, 38.84543579700005], [-77.05742272099997, 38.84564480900008], [-77.05723707099997, 38.84588039500005], [-77.05712605899998, 38.84607142200008], [-77.05703395399996, 38.84630884400008], [-77.05699591699994, 38.84650483200005], [-77.05708052599994, 38.846872724000036], [-77.05713413699993, 38.84712135600006], [-77.05712346299998, 38.84729947400007], [-77.05705363799996, 38.84744866200003], [-77.05688193199995, 38.847683897000024], [-77.05604570599996, 38.847776373000045], [-77.05614235199994, 38.848116540000035], [-77.05614366499998, 38.84840745100007], [-77.05604844199996, 38.84874718000003], [-77.05603009999999, 38.84894327300003], [-77.05607478899998, 38.84912383000005], [-77.05619695599995, 38.84931437400007], [-77.05635832499996, 38.84947299600003], [-77.05674572199996, 38.849774256000046], [-77.05726722999998, 38.85016663000005], [-77.05770337499996, 38.850536205000026], [-77.05948538299998, 38.850512034000076], [-77.06030088299997, 38.850505232000046], [-77.06082188699997, 38.85052287900004], [-77.06122318399997, 38.85059787900008], [-77.06160497899998, 38.85071907400004], [-77.06202718499998, 38.85093196200006], [-77.06226108999994, 38.85109758800007], [-77.06266588099999, 38.85133329900003], [-77.06314721799998, 38.85162234100005], [-77.06314823099996, 38.85186650900005], [-77.06318658999999, 38.85321693000003], [-77.06320615099997, 38.85403803200006], [-77.06321596499998, 38.85449688700004], [-77.06324216199994, 38.85554794500007], [-77.06325883999995, 38.85629206500005], [-77.06327193199996, 38.856955708000044], [-77.06329476199994, 38.857727639000075], [-77.06332514199994, 38.85849087400004], [-77.06335841799995, 38.85901298400006], [-77.06337186799993, 38.86050100700004], [-77.06351822299996, 38.86087308000003], [-77.06372441576872, 38.86123646910594], [-77.0630169, 38.8612828], [-77.062903, 38.8611871], [-77.0628206, 38.8611302], [-77.0627014, 38.8610539], [-77.0625456, 38.8609635], [-77.0625283, 38.8609536], [-77.0624384, 38.8609029], [-77.0623658, 38.8608695], [-77.0622242, 38.8608106], [-77.0620931, 38.8607579], [-77.0619649, 38.8607125], [-77.0618259, 38.8606704], [-77.061699, 38.8606364], [-77.0615634, 38.8606061], [-77.0614249, 38.8605812], [-77.0612914, 38.8605608], [-77.0611527, 38.8605416], [-77.0610117, 38.8605237], [-77.0608723, 38.8605113], [-77.0600379, 38.8605117], [-77.0598865, 38.8605033], [-77.0598842, 38.8604102], [-77.059879, 38.8602982], [-77.0598704, 38.8601444], [-77.0598541, 38.8600259], [-77.0598331, 38.8598887], [-77.0597912, 38.859717], [-77.0597474, 38.8595655], [-77.0596833, 38.8593957], [-77.0596289, 38.8592796], [-77.0595271, 38.8590751], [-77.0594344, 38.858919], [-77.0593567, 38.8588002], [-77.0592331, 38.8586382], [-77.0590582, 38.858439], [-77.0589306, 38.858319], [-77.0588104, 38.858212], [-77.058619, 38.8580612], [-77.0584744, 38.8579564], [-77.0583696, 38.857896], [-77.0581261, 38.8577615], [-77.0579021, 38.8576517], [-77.0576407, 38.8575546], [-77.0573089, 38.8574638], [-77.0570421, 38.8574123], [-77.0567335, 38.8573743], [-77.0565532, 38.8573548], [-77.0563142, 38.8573307], [-77.0557495, 38.8573772], [-77.0556318, 38.857366], [-77.0552451, 38.85733], [-77.0547293, 38.8573323], [-77.0540742, 38.8573549], [-77.0539567, 38.857363], [-77.0538305, 38.8573723], [-77.0537636, 38.8573773], [-77.053698, 38.8573806], [-77.0532787, 38.8574322], [-77.05310570758326, 38.857460756861606], [-77.05310596199996, 38.85735890500007], [-77.05312574199996, 38.85670697900008]]]]}}, {"type": "Feature", "properties": {"OBJECTID": 34, "CIVIC": "Crystal City", "COLOR": 4, "LABEL": "Crystal City", "GIS_ID": 62, "Pdf": "Crystal_City", "SHAPE_Length": 0.05311423307901359, "SHAPE_Area": 9.609516070614816e-05}, "geometry": {"type": "MultiPolygon", "coordinates": [[[[-77.04971218199995, 38.86559665000004], [-77.04775963699996, 38.864268450000054], [-77.04778331599994, 38.86422586900005], [-77.04784734342097, 38.864109474487215], [-77.04791056523852, 38.86399264043666], [-77.04797297843469, 38.86387537242626], [-77.04803458003151, 38.86375767605022], [-77.04809536708224, 38.86363955692559], [-77.04815533669311, 38.86352102068859], [-77.04821448599995, 38.86340207300003], [-77.04825573199997, 38.863314708000075], [-77.04838328999995, 38.86304442200003], [-77.04836126399994, 38.86291783000007], [-77.04834581699998, 38.86281328700005], [-77.04854490099996, 38.86233556700006], [-77.04852434399999, 38.86232910600006], [-77.04842298899996, 38.86229726200003], [-77.04838115399997, 38.86237380000006], [-77.04836072799998, 38.86241122400003], [-77.04814614599997, 38.86280420000003], [-77.04779773499996, 38.86344212000006], [-77.04741180199994, 38.86342422000007], [-77.04718391899996, 38.86341371100008], [-77.04704250199995, 38.86340715600005], [-77.04707978299996, 38.86299174900006], [-77.04718365099995, 38.86160859000006], [-77.04706266799997, 38.86073855800004], [-77.04775758299996, 38.86059397900004], [-77.04779875948743, 38.86042184284072], [-77.04783739656791, 38.86024911896766], [-77.04787348586977, 38.86007584484104], [-77.04790701955788, 38.859902058040454], [-77.04793799035629, 38.85972779625354], [-77.04796639155911, 38.85955309727963], [-77.04799221699994, 38.85937799900006], [-77.04800747509273, 38.85926489032776], [-77.04802164232419, 38.85915163985101], [-77.04803471737613, 38.85903825808963], [-77.04804669903022, 38.858924755573746], [-77.04805758617326, 38.858811142848026], [-77.04806737780075, 38.85869743046991], [-77.04807607299995, 38.858583629000066], [-77.04808988199994, 38.85839061200005], [-77.04752208199994, 38.856206729000064], [-77.04737818199999, 38.85464203400005], [-77.04739994899995, 38.85430052400005], [-77.04740273907417, 38.85425894778188], [-77.04740580918931, 38.854217391303784], [-77.04740915920046, 38.85417585645336], [-77.04741278896107, 38.85413434511428], [-77.04741669830017, 38.85409285916921], [-77.0474208870405, 38.85405140050522], [-77.04742535499997, 38.85400997100004], [-77.0474462413125, 38.853843416795264], [-77.04747155244524, 38.853677477388366], [-77.04750127047008, 38.85351227030696], [-77.04753537433497, 38.85334791256536], [-77.04757383988374, 38.85318452057526], [-77.04761663987789, 38.85302221006567], [-77.04766374399998, 38.85286109600003], [-77.04794040199994, 38.85195704200004], [-77.04801594799994, 38.85171025100004], [-77.04851978199997, 38.85006780400005], [-77.04871212999996, 38.85010382200005], [-77.04930403599997, 38.84983976900003], [-77.04937098299996, 38.849754921000056], [-77.04940058799997, 38.84971740100008], [-77.04943403999994, 38.84972749900004], [-77.05055213399999, 38.85006501200007], [-77.05058460399994, 38.85007481300005], [-77.05063864399995, 38.84998610900004], [-77.05073155999997, 38.849833586000045], [-77.05118738599998, 38.84894792100005], [-77.05138035999994, 38.84856685700004], [-77.05158761099995, 38.848127426000076], [-77.05184424499998, 38.84765201700003], [-77.05200363399996, 38.847358350000036], [-77.05213006299994, 38.84712135400008], [-77.05224348299998, 38.84687980500007], [-77.05235787399994, 38.84658997300005], [-77.05242514899999, 38.846409325000025], [-77.05245533899995, 38.84630432200004], [-77.05248558599999, 38.84619639400006], [-77.05253239699994, 38.846009639000044], [-77.05254409899999, 38.84596295700004], [-77.05261069799997, 38.84596120400005], [-77.05301607399997, 38.84595053000004], [-77.05342846399998, 38.845939670000064], [-77.05363988099998, 38.84593410200006], [-77.05363072899996, 38.845961346000024], [-77.05356810099994, 38.84628810100003], [-77.05356276299995, 38.84658436800004], [-77.05356507199997, 38.84695426800005], [-77.05361907199995, 38.84723182300007], [-77.05369053399994, 38.84759255300003], [-77.05374262999999, 38.847887961000026], [-77.05382505899996, 38.84808960700008], [-77.05384566199996, 38.84849455400007], [-77.05383889599995, 38.849004696000065], [-77.05372788599993, 38.85005942300006], [-77.05365371299996, 38.85125004200006], [-77.05357774499998, 38.85194230400003], [-77.05342193099995, 38.853362176000076], [-77.05330021899994, 38.85511279600007], [-77.05325597099994, 38.85529906800008], [-77.05317917999997, 38.85601081600004], [-77.05312574199996, 38.85670697900008], [-77.05310596199996, 38.85735890500007], [-77.05310504799996, 38.857724811000026], [-77.05325980699996, 38.85854472500006], [-77.05351277599993, 38.85978440800005], [-77.05353061799997, 38.859869839000055], [-77.05367887099999, 38.860580844000026], [-77.05427142699995, 38.86304625100007], [-77.05438442999997, 38.86362470600005], [-77.05439988299997, 38.86395786000003], [-77.05438560899995, 38.86451654100006], [-77.05437979299995, 38.864862806000076], [-77.05333842399995, 38.86482949100008], [-77.05324095699996, 38.864818153000044], [-77.05239181999997, 38.864713778000066], [-77.05079388399997, 38.864517343000045], [-77.05074738699994, 38.86451162700007], [-77.05064754286582, 38.86469041705358], [-77.05053558298664, 38.86486188051915], [-77.05041204259031, 38.86502519771238], [-77.05027751226952, 38.865179587890445], [-77.05013263514616, 38.86532431298749], [-77.04997810380814, 38.8654586811398], [-77.04981465699996, 38.86558205000006], [-77.04980602284269, 38.86558826093786], [-77.04979736998635, 38.865594445799616], [-77.049788698514, 38.865600604529384], [-77.0497800084995, 38.86560673707026], [-77.04977130001922, 38.86561284336403], [-77.0497625731594, 38.865618923360294], [-77.04975382799995, 38.86562497700004], [-77.04973788799998, 38.865614134000054], [-77.04971218199995, 38.86559665000004]]]]}}, {"type": "Feature", "properties": {"OBJECTID": 35, "CIVIC": "Stafford-Albemarle-Glebe", "COLOR": 4, "LABEL": "Stafford-Albemarle-Glebe", "GIS_ID": 48, "Pdf": "stafford_albemarle_glebe", "SHAPE_Length": 0.029172230233461438, "SHAPE_Area": 3.9579553364832236e-05}, "geometry": {"type": "MultiPolygon", "coordinates": [[[[-77.13047389299999, 38.92532127000004], [-77.130307884, 38.92502562200008], [-77.12998783799998, 38.92509210700007], [-77.12950542599998, 38.92509927800006], [-77.12948335499993, 38.92454350200006], [-77.12945597499998, 38.92418831600003], [-77.12945158799994, 38.924180576000026], [-77.12944712999996, 38.924172862000034], [-77.12944253099994, 38.92416520200004], [-77.12943786099999, 38.924157541000056], [-77.12943311999999, 38.92414993400007], [-77.12942830899993, 38.924142354000026], [-77.12942338999994, 38.924134828000035], [-77.12941836599998, 38.924127327000065], [-77.12941327099998, 38.924119854000025], [-77.12940806999995, 38.92411240600006], [-77.12940279799994, 38.92410501300003], [-77.12939745499995, 38.924097646000064], [-77.12939200499994, 38.92409033300004], [-77.12938648499994, 38.92408304700007], [-77.12938089299996, 38.92407581400005], [-77.12937519499997, 38.92406860800003], [-77.12936942599998, 38.92406145600006], [-77.12935158799996, 38.92404021400006], [-77.12885630599999, 38.92346878500007], [-77.12884564799998, 38.92346731500004], [-77.12883499299994, 38.92346568000005], [-77.12882444799999, 38.923463800000036], [-77.12881394199997, 38.92346167200003], [-77.12880354699996, 38.923459327000046], [-77.12879318899996, 38.92345684400004], [-77.12878294299998, 38.92345403400003], [-77.12877280499998, 38.92345106000005], [-77.12876281299998, 38.92344786700005], [-77.12875285899997, 38.92344445600003], [-77.12874308599999, 38.923440827000036], [-77.12873342099994, 38.923437007000075], [-77.12872386699996, 38.92343296900003], [-77.12871449099998, 38.92342874000008], [-77.12870525999995, 38.92342432200007], [-77.12869617399997, 38.923419685000056], [-77.12868726699998, 38.92341488500006], [-77.12867857399993, 38.92340986800008], [-77.12866999099998, 38.92340468800006], [-77.12866158699995, 38.92339929000008], [-77.12865339599995, 38.92339375700004], [-77.12864541999994, 38.92338806200007], [-77.12863758799995, 38.923382177000065], [-77.12863007599998, 38.923376130000065], [-77.12862267199995, 38.92336992000003], [-77.12850358399999, 38.92316532500007], [-77.12814776499994, 38.92300184800007], [-77.12987473799996, 38.92125856100006], [-77.13060472599994, 38.92051924800006], [-77.13111358099997, 38.920149055000024], [-77.13171999799994, 38.91982750200003], [-77.13256003099997, 38.91940780400006], [-77.13378259499996, 38.918818670000064], [-77.13511845899995, 38.91822425000004], [-77.13558881499995, 38.91793564200003], [-77.13594256999994, 38.917589906000046], [-77.13615733199998, 38.91725936300003], [-77.13640803199996, 38.917380845000025], [-77.13714201799996, 38.91774052100004], [-77.13786715399993, 38.91812612200005], [-77.13846127599999, 38.918399590000035], [-77.13883976799997, 38.918631565000055], [-77.13925925399997, 38.918896526000026], [-77.13947650999995, 38.91899531700005], [-77.13940156299998, 38.91905486100006], [-77.13908048199994, 38.91930377600005], [-77.13905551699997, 38.91932270900003], [-77.13855243999996, 38.91971505300006], [-77.13822427199995, 38.91996663000003], [-77.13797802699997, 38.920161489000066], [-77.13774966499994, 38.92034007800004], [-77.13753200199994, 38.92051055400003], [-77.13732870899997, 38.92066471900006], [-77.13706824499997, 38.92086764900006], [-77.13684695999996, 38.92104357300008], [-77.13664366399996, 38.92119773700006], [-77.13644739499995, 38.92135198300008], [-77.13624755899997, 38.92150896000004], [-77.13601205599997, 38.921692955000026], [-77.13586576999995, 38.921806590000074], [-77.13560902099994, 38.92199857600008], [-77.13549834899999, 38.92208790900003], [-77.13522712299994, 38.922301695000044], [-77.13509870399997, 38.92240180600004], [-77.13503801699994, 38.92245052900006], [-77.13480612599994, 38.92262907200006], [-77.13457418199994, 38.92281036000003], [-77.13443499099998, 38.92291858300007], [-77.13432800499999, 38.92300246600007], [-77.13401755399997, 38.92324325300007], [-77.13385342799995, 38.92337040700005], [-77.13355360499997, 38.923608570000056], [-77.13341801199994, 38.923714088000054], [-77.13314687799993, 38.92392237800004], [-77.13310402299999, 38.92395757700007], [-77.13265076499994, 38.92431477800005], [-77.13252586999994, 38.92441218100004], [-77.13234385199996, 38.924555601000066], [-77.13215118399995, 38.924704390000045], [-77.13187993799994, 38.924918167000044], [-77.13182286599994, 38.92496143900007], [-77.13151951399993, 38.92519958300005], [-77.13139456399995, 38.92529973000006], [-77.13111614399998, 38.925518914000065], [-77.13087702999997, 38.925708350000036], [-77.13082248999996, 38.92574970100003], [-77.13047389299999, 38.92532127000004]]]]}}, {"type": "Feature", "properties": {"OBJECTID": 36, "CIVIC": "Rivercrest", "COLOR": 1, "LABEL": "Rivercrest", "GIS_ID": 22, "Pdf": "Rivercrest", "SHAPE_Length": 0.020220510836984503, "SHAPE_Area": 2.1518020312576185e-05}, "geometry": {"type": "MultiPolygon", "coordinates": [[[[-77.11886808299994, 38.92463146100005], [-77.11879515099997, 38.924402685000075], [-77.11836893799995, 38.924447075000046], [-77.11785816099996, 38.92450150900004], [-77.11750126899994, 38.92455687200004], [-77.11707187099995, 38.92462409400008], [-77.11678353499997, 38.92462619300005], [-77.11647066799998, 38.92462800200008], [-77.11588634799995, 38.924667803000034], [-77.11523861299997, 38.92416863500006], [-77.11531053199997, 38.923903119000045], [-77.11556317499998, 38.92356284300007], [-77.11579409299998, 38.923255263000044], [-77.11604305799995, 38.922923181000044], [-77.11626316299999, 38.92262920200005], [-77.11647964699995, 38.922340646000066], [-77.11667089199995, 38.92208477100007], [-77.11689817999996, 38.92178263900007], [-77.11702032199997, 38.92180446500004], [-77.11727652099995, 38.921850250000034], [-77.11734376399994, 38.92186226500007], [-77.11734705299995, 38.92185118900005], [-77.11743513199997, 38.921554667000066], [-77.11755267099994, 38.92133090300007], [-77.11780570799993, 38.92102023000007], [-77.11816260899997, 38.920662529000026], [-77.11841366099998, 38.920456426000044], [-77.11877802999999, 38.92024358200007], [-77.11947516699996, 38.91985772000004], [-77.11990751599996, 38.919655584000054], [-77.11992319899997, 38.91964799700003], [-77.12002642799996, 38.919781897000064], [-77.12037988199995, 38.92019259600005], [-77.12054561999997, 38.92050511700006], [-77.12060025199997, 38.92077160000008], [-77.12064217799997, 38.921176004000074], [-77.12075658899994, 38.92164249500007], [-77.12110535999994, 38.922365084000035], [-77.12142425999997, 38.922888208000074], [-77.12198359699994, 38.92404875500006], [-77.12200318699996, 38.92410126800007], [-77.12236243099994, 38.924792342000046], [-77.12125917799995, 38.925049501000046], [-77.12053343199995, 38.92504370300003], [-77.11970269299997, 38.924918615000024], [-77.11886808299994, 38.92463146100005]]]]}}, {"type": "Feature", "properties": {"OBJECTID": 37, "CIVIC": "Bellevue Forest", "COLOR": 5, "LABEL": "Bellevue Forest", "GIS_ID": 31, "Pdf": "Bellevue_Forest", "SHAPE_Length": 0.04112452096261181, "SHAPE_Area": 8.190437221443441e-05}, "geometry": {"type": "MultiPolygon", "coordinates": [[[[-77.11113771099997, 38.92173120000007], [-77.11085644599996, 38.92155212900008], [-77.11030078999994, 38.921202306000055], [-77.10978335399994, 38.920877647000054], [-77.10966876299995, 38.92080489500006], [-77.10924559999995, 38.92051155400003], [-77.10850549399998, 38.91988768300007], [-77.10859379999994, 38.91979497900007], [-77.10876349699998, 38.919632611000054], [-77.10921780299998, 38.91922608500005], [-77.10960742699996, 38.91889018900008], [-77.10983053199999, 38.91898619400007], [-77.11056522499996, 38.91862142400004], [-77.11049663499995, 38.91817026500007], [-77.11084847199999, 38.91760874300007], [-77.11115640499997, 38.91804350900003], [-77.11192553299998, 38.91771483600007], [-77.11145013199996, 38.91703369700008], [-77.11066460399996, 38.91712052300005], [-77.11046423499994, 38.91675842400008], [-77.11077782199999, 38.91635846600008], [-77.11098543199995, 38.91598196800004], [-77.11083266599996, 38.91570284100004], [-77.11074028099995, 38.91539142000005], [-77.11056928399995, 38.91478524400003], [-77.11064293399994, 38.91461039700005], [-77.11072034699998, 38.91442458200004], [-77.11074855399994, 38.91387568300007], [-77.11075179299996, 38.91381915300008], [-77.11076288699996, 38.91374904000003], [-77.110785949, 38.91366355500003], [-77.11082596099999, 38.913508630000024], [-77.11101922699999, 38.913329677000036], [-77.11124465099994, 38.91312364300006], [-77.11139148899997, 38.912982585000066], [-77.11150316299995, 38.91293310300006], [-77.11154058299996, 38.91280849100008], [-77.11167937199997, 38.912614724000036], [-77.11174547999997, 38.91255690500003], [-77.11195913499995, 38.912375747000056], [-77.11235455199994, 38.91210295900004], [-77.11260812299997, 38.91192227100004], [-77.11302870599997, 38.91164198000007], [-77.11297926099996, 38.91157615000003], [-77.11280195299997, 38.91129396200006], [-77.11328979299998, 38.91114868900007], [-77.11337864499995, 38.911134168000046], [-77.11355186499998, 38.91148792300004], [-77.11367394499996, 38.91164176800004], [-77.113962255, 38.91199295500007], [-77.114281367, 38.91230545500008], [-77.11460626699994, 38.91257499200003], [-77.11491222999996, 38.912789659000055], [-77.11533070399997, 38.91302800400007], [-77.11577763499997, 38.913232521000054], [-77.11649822199996, 38.91354691600003], [-77.11653855399999, 38.91356790400005], [-77.11726725599993, 38.913946673000055], [-77.11789039899998, 38.91433534600003], [-77.11840891499997, 38.914705567000055], [-77.11863050299996, 38.91499156200007], [-77.11891019499996, 38.91543814000005], [-77.11903379199998, 38.91591204700006], [-77.11905021799998, 38.91623094300007], [-77.11899142199997, 38.91666851700006], [-77.11896848299995, 38.91718614800004], [-77.11900425399995, 38.91744595800003], [-77.11915756099995, 38.91772436600007], [-77.11947800399997, 38.91821673100003], [-77.11964073299998, 38.91850983100005], [-77.11968702299998, 38.91876932500003], [-77.11973375499997, 38.91907344600003], [-77.11973759799997, 38.91909842500007], [-77.11985862899996, 38.91944147900006], [-77.11990751599996, 38.919655584000054], [-77.11947516699996, 38.91985772000004], [-77.11877802999999, 38.92024358200007], [-77.11841366099998, 38.920456426000044], [-77.11816260899997, 38.920662529000026], [-77.11780570799993, 38.92102023000007], [-77.11755267099994, 38.92133090300007], [-77.11743513199997, 38.921554667000066], [-77.11734705299995, 38.92185118900005], [-77.11734376399994, 38.92186226500007], [-77.11727652099995, 38.921850250000034], [-77.11702032199997, 38.92180446500004], [-77.11689817999996, 38.92178263900007], [-77.11667089199995, 38.92208477100007], [-77.11647964699995, 38.922340646000066], [-77.11626316299999, 38.92262920200005], [-77.11604305799995, 38.922923181000044], [-77.11579409299998, 38.923255263000044], [-77.11556317499998, 38.92356284300007], [-77.11531053199997, 38.923903119000045], [-77.11523861299997, 38.92416863500006], [-77.11443469699998, 38.92356601900008], [-77.11374274999997, 38.92335465300005], [-77.11313116199995, 38.92316894500004], [-77.11276772599996, 38.923057560000075], [-77.11256994899998, 38.92292341600006], [-77.11230268099996, 38.92274726100004], [-77.11218467699996, 38.922668979000036], [-77.11210192399994, 38.92258562100005], [-77.11136700499998, 38.92187121100005], [-77.11113771099997, 38.92173120000007]]]]}}, {"type": "Feature", "properties": {"OBJECTID": 38, "CIVIC": "Ballston", "COLOR": 2, "LABEL": "Ballston", "GIS_ID": 8, "Pdf": "Ballston", "SHAPE_Length": 0.033937965816411626, "SHAPE_Area": 7.265598650860088e-05}, "geometry": {"type": "MultiPolygon", "coordinates": [[[[-77.10754191152428, 38.87987574441507], [-77.11040614799998, 38.87988764100004], [-77.11076380099996, 38.87989431600005], [-77.11145681399995, 38.88000126000003], [-77.11195583899996, 38.88002242700003], [-77.11276682799996, 38.880029456000045], [-77.11341698799998, 38.88005987100007], [-77.11403523999996, 38.880123463000075], [-77.11445550499997, 38.88028629300004], [-77.11481142199995, 38.88047582200005], [-77.11508932199996, 38.880690326000035], [-77.11539469899998, 38.88106675800003], [-77.11552712599996, 38.881346466000025], [-77.11576137999998, 38.88190420400008], [-77.11613822599998, 38.88282346400007], [-77.11644842199996, 38.883528295000076], [-77.11717275899997, 38.88541742800004], [-77.11770655099997, 38.88649914600006], [-77.11733198999997, 38.886817535000034], [-77.11677658999997, 38.88720299300007], [-77.11598881599997, 38.88759298800005], [-77.11555802299995, 38.88777664700007], [-77.11515748099998, 38.88792389100007], [-77.11434343299999, 38.88814701700005], [-77.11300473399996, 38.88849358500005], [-77.11143198099995, 38.88881825800007], [-77.10928397799995, 38.889364955000076], [-77.10826031533139, 38.88962269170454], [-77.1082647, 38.8892424], [-77.1082651, 38.8892055], [-77.1082652, 38.8891935], [-77.108266, 38.8891268], [-77.1082645, 38.8887168], [-77.1082924, 38.8883806], [-77.1082933, 38.8883045], [-77.1082934, 38.8881933], [-77.1082628, 38.887583], [-77.1082549, 38.8874593], [-77.1082477, 38.8873267], [-77.1082295, 38.8869988], [-77.1082123, 38.8866787], [-77.1081845, 38.8861552], [-77.1081841, 38.8861455], [-77.1081793, 38.8860313], [-77.1081734, 38.8859287], [-77.108173, 38.8859211], [-77.1081535, 38.8856432], [-77.1081236, 38.8854607], [-77.108098, 38.8853079], [-77.1080434, 38.8849818], [-77.1079895, 38.8845766], [-77.1079775, 38.8844971], [-77.1079552, 38.8843503], [-77.1079399, 38.8842498], [-77.107921, 38.8840926], [-77.107862, 38.8835859], [-77.1078178, 38.8832457], [-77.1078024, 38.8831086], [-77.1077732, 38.8828469], [-77.1077554, 38.8826866], [-77.1077521, 38.8826321], [-77.1077403, 38.8825394], [-77.1077351, 38.8824403], [-77.1077295, 38.8823602], [-77.1077086, 38.8819862], [-77.1076935, 38.8817443], [-77.1076689, 38.8813577], [-77.1076669, 38.8813261], [-77.1076658, 38.8813208], [-77.1076553, 38.8812345], [-77.1076483, 38.8811374], [-77.1076429, 38.8810867], [-77.1075594, 38.8800126], [-77.1075444, 38.8798967], [-77.10754191152428, 38.87987574441507]]]]}}, {"type": "Feature", "properties": {"OBJECTID": 63, "CIVIC": "Virginia Square", "COLOR": 4, "LABEL": "Virginia Square", "GIS_ID": 64, "Pdf": "Virginia_Square", "SHAPE_Length": 0.040141033844461924, "SHAPE_Area": 7.615589637454893e-05}, "geometry": {"type": "MultiPolygon", "coordinates": [[[[-77.09692953299998, 38.88604465700007], [-77.09721701199999, 38.88583771500004], [-77.09783012799994, 38.88523118300003], [-77.09839978699995, 38.884676058000025], [-77.09862251299995, 38.88447048200004], [-77.09862631099998, 38.88446668300003], [-77.09899469399994, 38.88409777900006], [-77.09933479299997, 38.88380246100007], [-77.09963159999995, 38.883516428000064], [-77.09981594899995, 38.883397470000034], [-77.10013801699995, 38.88318330000004], [-77.10055300799996, 38.882985450000035], [-77.10113582099996, 38.882687059000034], [-77.10203635999994, 38.88226673400004], [-77.10273803799998, 38.881941932000075], [-77.10336637599994, 38.88162314700003], [-77.10398464399998, 38.88128174900004], [-77.105105886, 38.88067158000007], [-77.10557582199993, 38.88041631300007], [-77.10589990699998, 38.88026124600003], [-77.10614896599998, 38.88014148100007], [-77.10648810599997, 38.88000523800008], [-77.10683934899998, 38.87992048800004], [-77.10736798199997, 38.87987502200008], [-77.10754191152428, 38.87987574441507], [-77.1075444, 38.8798967], [-77.1075594, 38.8800126], [-77.1076429, 38.8810867], [-77.1076483, 38.8811374], [-77.1076553, 38.8812345], [-77.1076658, 38.8813208], [-77.1076669, 38.8813261], [-77.1076689, 38.8813577], [-77.1076935, 38.8817443], [-77.1077086, 38.8819862], [-77.1077295, 38.8823602], [-77.1077351, 38.8824403], [-77.1077403, 38.8825394], [-77.1077521, 38.8826321], [-77.1077554, 38.8826866], [-77.1077732, 38.8828469], [-77.1078024, 38.8831086], [-77.1078178, 38.8832457], [-77.107862, 38.8835859], [-77.107921, 38.8840926], [-77.1079399, 38.8842498], [-77.1079552, 38.8843503], [-77.1079775, 38.8844971], [-77.1079895, 38.8845766], [-77.1080434, 38.8849818], [-77.108098, 38.8853079], [-77.1081236, 38.8854607], [-77.1081535, 38.8856432], [-77.108173, 38.8859211], [-77.1081734, 38.8859287], [-77.1081793, 38.8860313], [-77.1081841, 38.8861455], [-77.1081845, 38.8861552], [-77.1082123, 38.8866787], [-77.1082295, 38.8869988], [-77.1082477, 38.8873267], [-77.1082549, 38.8874593], [-77.1082628, 38.887583], [-77.1082934, 38.8881933], [-77.1082933, 38.8883045], [-77.1082924, 38.8883806], [-77.1082645, 38.8887168], [-77.108266, 38.8891268], [-77.1082652, 38.8891935], [-77.1082651, 38.8892055], [-77.1082647, 38.8892424], [-77.10826031533139, 38.88962269170454], [-77.10754797499999, 38.88980204400008], [-77.10694150499995, 38.88994770800008], [-77.10632631999994, 38.890095461000044], [-77.10387077499996, 38.89068518500005], [-77.10326643499997, 38.89089540400005], [-77.10279404699997, 38.891095767000024], [-77.10246781899997, 38.89130926300004], [-77.10202290799998, 38.891601448000074], [-77.10169440999994, 38.89192934300007], [-77.10141141799994, 38.89217770400006], [-77.10133972299997, 38.89227749300005], [-77.10063354999994, 38.89217873800004], [-77.10071042899995, 38.891787984000075], [-77.10083931199995, 38.89128361500008], [-77.10096283499996, 38.89079458700007], [-77.10102413499999, 38.89044934200007], [-77.10100462899999, 38.89004961400008], [-77.10095461399999, 38.88945578900007], [-77.10088887999996, 38.889012233000074], [-77.10085421199994, 38.88868374900005], [-77.10081052499999, 38.888325913000074], [-77.10063399499995, 38.887784046000036], [-77.10037908199996, 38.88726911700007], [-77.10027843499995, 38.88679463500006], [-77.10021935799995, 38.88628393400006], [-77.10016121299998, 38.88597403500006], [-77.09996280499996, 38.885977712000056], [-77.09938193799996, 38.88595164600008], [-77.09897, 38.885954312000024], [-77.09833703599998, 38.88599253700005], [-77.09756370099996, 38.88604910000004], [-77.09692953299998, 38.88604465700007]]]]}}, {"type": "Feature", "properties": {"OBJECTID": 39, "CIVIC": "Donaldson Run", "COLOR": 4, "LABEL": "Donaldson Run", "GIS_ID": 23, "Pdf": "Donaldson_Run", "SHAPE_Length": 0.07044569602705236, "SHAPE_Area": 0.00015666207610145306}, "geometry": {"type": "MultiPolygon", "coordinates": [[[[-77.11355186499998, 38.91148792300004], [-77.11337864499995, 38.911134168000046], [-77.11328979299998, 38.91114868900007], [-77.11280195299997, 38.91129396200006], [-77.11231762499995, 38.91143927400003], [-77.11093270099997, 38.91090116300006], [-77.11000124899994, 38.91054137300006], [-77.10993779699999, 38.91050753300004], [-77.10993956499993, 38.910505165000075], [-77.10994133299994, 38.91050279700005], [-77.10994310199999, 38.910500401000036], [-77.10994483499996, 38.91049803300007], [-77.10994656799994, 38.910495637000054], [-77.10994830199996, 38.91049324100004], [-77.10995003499994, 38.91049084500003], [-77.10995173399994, 38.91048844800008], [-77.10995343299999, 38.91048602400008], [-77.10995513099994, 38.910483628000065], [-77.10995679399997, 38.91048123100006], [-77.10995845799994, 38.91047880700006], [-77.10996012199996, 38.91047638300006], [-77.10996178499994, 38.91047395800007], [-77.10996341399994, 38.91047153400007], [-77.10996507799996, 38.910469109000076], [-77.10996667099994, 38.91046668400003], [-77.10996829999993, 38.910464260000026], [-77.10996989399996, 38.91046178000005], [-77.10997148799999, 38.91045935400007], [-77.10997308199995, 38.91045690200008], [-77.10997464099995, 38.91045444900004], [-77.10997619999995, 38.910451968000075], [-77.10997775899995, 38.91044951500004], [-77.10997928199998, 38.91044706200006], [-77.10998084199997, 38.910444582000025], [-77.10998236599994, 38.91044210100006], [-77.10998388999997, 38.91043964700003], [-77.10998541499998, 38.91043713900007], [-77.10998690399998, 38.91043465800004], [-77.10998839299998, 38.91043217600003], [-77.10998984599996, 38.91042972200006], [-77.10999133599995, 38.91042718600005], [-77.10999278999998, 38.910424704000036], [-77.10999424499994, 38.91042219500008], [-77.10999566399994, 38.91041968600007], [-77.10999711899996, 38.910417177000056], [-77.10999853799996, 38.910414667000055], [-77.10999995699996, 38.91041215700005], [-77.11000134199998, 38.91040964700005], [-77.11000272599995, 38.91040711000005], [-77.11000411099997, 38.91040460000005], [-77.11000549499994, 38.91040206300005], [-77.11000680999996, 38.91039949700007], [-77.11000819499998, 38.91039698700007], [-77.11000954399998, 38.91039444900008], [-77.11001085899994, 38.91039191100003], [-77.11001220799994, 38.910389373000044], [-77.11001348799994, 38.910386834000064], [-77.11001483799998, 38.910384269000076], [-77.11001608199996, 38.91038173000004], [-77.11001736199995, 38.91037916400006], [-77.11001864199994, 38.91037659800003], [-77.11001992199994, 38.91037403200005], [-77.11002116599997, 38.910371465000026], [-77.11002241099999, 38.91036889800006], [-77.11002362099998, 38.910366331000034], [-77.11002486499996, 38.910363765000056], [-77.11002607599994, 38.910361171000034], [-77.11002724999997, 38.91035860300008], [-77.11002845999997, 38.910356009000054], [-77.11002963499999, 38.91035344100004], [-77.11003077399994, 38.91035084600003], [-77.11003198499998, 38.91034825200006], [-77.11003312399998, 38.91034565600006], [-77.11003426399998, 38.91034308900004], [-77.11003540399997, 38.91034046600004], [-77.11003650899994, 38.910337870000035], [-77.11003761399996, 38.910335247000035], [-77.11003871899999, 38.91033265200008], [-77.11003982399995, 38.91033002800003], [-77.11004089399995, 38.91032743200003], [-77.11004196399995, 38.91032480900003], [-77.11004303399994, 38.91032218500004], [-77.11004406899997, 38.91031956100005], [-77.11004510399994, 38.91031693700006], [-77.11004613899996, 38.91031431300007], [-77.11004713799997, 38.910311689000025], [-77.11004817299994, 38.910309065000035], [-77.11004917299994, 38.910306468000044], [-77.11005017399998, 38.91030378900007], [-77.11005113799996, 38.91030116400003], [-77.11005210299999, 38.910298512000054], [-77.11005303299999, 38.910295887000075], [-77.11005399799996, 38.91029323500004], [-77.11005492799995, 38.91029058200007], [-77.11005585799995, 38.91028792900005], [-77.11005675299998, 38.910285276000025], [-77.11005768299998, 38.91028262300006], [-77.11005857799995, 38.91027997000003], [-77.11005943799995, 38.910277317000066], [-77.11006033299998, 38.91027466400004], [-77.11006119299998, 38.91027201000003], [-77.11006208799995, 38.91026933000006], [-77.11006287799995, 38.91026667600005], [-77.11006373799995, 38.91026399500004], [-77.11006452799995, 38.910261340000034], [-77.11006531699996, 38.91025868600008], [-77.11006614299998, 38.91025597700008], [-77.11006693199994, 38.91025332300006], [-77.11006772299999, 38.91025064100006], [-77.11006847699997, 38.91024795900006], [-77.11006926799996, 38.91024527700006], [-77.11006998699997, 38.91024259500006], [-77.11007074199995, 38.910239912000065], [-77.11007146199995, 38.910237230000064], [-77.11007218199995, 38.910234520000074], [-77.11007290199996, 38.910231837000026], [-77.11007362199996, 38.910229155000025], [-77.11007427099997, 38.910226471000044], [-77.11007495599995, 38.910223761000054], [-77.11007560599995, 38.910221077000074], [-77.11007625599996, 38.91021836600004], [-77.11007690599996, 38.91021568300005], [-77.11007755599996, 38.91021297200007], [-77.11007816999995, 38.91021026100003], [-77.11007878499998, 38.91020754900006], [-77.11007936499993, 38.910204865000026], [-77.11007997899998, 38.91020215400005], [-77.11008055899998, 38.91019944200008], [-77.11008110399996, 38.91019673000005], [-77.11008168399997, 38.91019401800003], [-77.11008222799995, 38.91019130600006], [-77.11008277299999, 38.91018859400003], [-77.11008328199995, 38.910185882000064], [-77.11008379199995, 38.91018316900005], [-77.11008430099997, 38.910180456000035], [-77.11008484599995, 38.910177744000066], [-77.11008528599996, 38.91017500400005], [-77.11008575999995, 38.91017229100004], [-77.11008623399994, 38.91016957800008], [-77.11008667399994, 38.91016683700008], [-77.11008711299996, 38.91016412300007], [-77.11008755199998, 38.91016141000006], [-77.110087992, 38.910158669000054], [-77.11008839599998, 38.91015595500005], [-77.11008880099996, 38.91015321400005], [-77.11008916999998, 38.91015050000004], [-77.11008953899994, 38.91014775800005], [-77.11008990899995, 38.91014501700005], [-77.11009027699998, 38.910142302000054], [-77.11009061199996, 38.91013956000006], [-77.11009094599996, 38.91013681800007], [-77.11009127999995, 38.910134104000065], [-77.11009161399994, 38.91013136200007], [-77.11009194799993, 38.91012864700008], [-77.11009221199998, 38.91012590400004], [-77.11009247599998, 38.91012316100006], [-77.11009273999997, 38.910120418000076], [-77.11009300399996, 38.91011767500004], [-77.11009326799996, 38.910114932000056], [-77.11009349699998, 38.910112189000074], [-77.11009372499996, 38.910109473000034], [-77.11009395399998, 38.91010673000005], [-77.11009414799997, 38.910103986000024], [-77.11009434199997, 38.91010124200005], [-77.11009457099993, 38.91009849900007], [-77.11009472899997, 38.91009575500004], [-77.11009488799994, 38.91009301100007], [-77.11009504699996, 38.910090267000044], [-77.11009516999997, 38.910087522000026], [-77.11009529399996, 38.910084777000066], [-77.11009541699997, 38.91008203300004], [-77.11009553999997, 38.91007928800008], [-77.11009562899994, 38.91007654300006], [-77.11009571699998, 38.91007379800004], [-77.11009580599995, 38.910071053000024], [-77.11009589399998, 38.910068281000065], [-77.11009593399996, 38.91006622200007], [-77.11002493399997, 38.91004464900004], [-77.10988728799998, 38.90999087400007], [-77.10873674199996, 38.90953550100005], [-77.10801592899998, 38.90924922900007], [-77.10774441599995, 38.90965519800005], [-77.10731209499994, 38.90947707400005], [-77.10699478999999, 38.90934699500008], [-77.10700118799997, 38.909017547000076], [-77.10701094099994, 38.90869637700007], [-77.10702850999996, 38.90869658500003], [-77.10702564099995, 38.90848236000005], [-77.10708713499997, 38.90839247000008], [-77.10717391799994, 38.90826715400004], [-77.10708832399996, 38.90778832900003], [-77.10704707099995, 38.90755991900005], [-77.10775780699998, 38.907337677000044], [-77.10780964999998, 38.90725964400008], [-77.10783416399994, 38.90722247900004], [-77.10785129499999, 38.907228943000064], [-77.10789111799994, 38.907169002000046], [-77.10806835199998, 38.90691022900006], [-77.10866527899998, 38.90603033000008], [-77.10797845199994, 38.90574759000003], [-77.10735084699996, 38.90549026300005], [-77.10759856399994, 38.90522134200006], [-77.10766740199995, 38.90511503500005], [-77.10789201199998, 38.90476897700006], [-77.10807477499998, 38.90458715800003], [-77.10787432599994, 38.904414529000064], [-77.10805497799998, 38.90415854200006], [-77.10812496599993, 38.904074381000044], [-77.10824093899998, 38.90393493800008], [-77.10824527699998, 38.90371138000006], [-77.10821255999997, 38.90355375400003], [-77.10819894599996, 38.903333470000064], [-77.10825382899998, 38.90304062400003], [-77.10832915899994, 38.90284583400006], [-77.10839938199996, 38.90268245300007], [-77.10882241799999, 38.90231359000006], [-77.10882550199995, 38.902310414000056], [-77.10904331499995, 38.902087625000036], [-77.10917918599995, 38.90193853100004], [-77.10927496799997, 38.90181433600003], [-77.10934025399996, 38.90167519800008], [-77.10938024799998, 38.90153372900005], [-77.10936194499999, 38.90103185600003], [-77.10936075099994, 38.90065172300007], [-77.10935441899994, 38.900536541000065], [-77.10931721299994, 38.900423671000055], [-77.10926780999995, 38.900321364000035], [-77.10917167799994, 38.90015559600005], [-77.10913250299996, 38.900088039000025], [-77.10930994699999, 38.90009164800006], [-77.10946746699994, 38.90009485200005], [-77.11008493599996, 38.900227974000074], [-77.11016523599994, 38.90025637400004], [-77.11079898899999, 38.90068078400003], [-77.11088994199997, 38.90072677100005], [-77.11097985599997, 38.90075884600003], [-77.11112321699994, 38.90078476800005], [-77.11127183999997, 38.900795247000076], [-77.11150888999998, 38.90078642000003], [-77.11169625099996, 38.90078185100003], [-77.11182634799997, 38.90078823400006], [-77.11191175399995, 38.900796995000064], [-77.11200046499994, 38.90082711700006], [-77.112117115, 38.900887612000076], [-77.11221354999998, 38.900967249000075], [-77.11223223899998, 38.90098268300005], [-77.11233451599998, 38.90093861200006], [-77.11238123799995, 38.90091590500003], [-77.11243495299993, 38.900885894000055], [-77.11246077799996, 38.90086977800007], [-77.11249403699998, 38.900847241000065], [-77.11253365699997, 38.90081739300007], [-77.11218869099997, 38.900483793000035], [-77.11247379799994, 38.900278462000074], [-77.11261986399995, 38.90017583800005], [-77.11289785399998, 38.89997316800003], [-77.11342486199999, 38.90034458500003], [-77.11375267299996, 38.900109576000034], [-77.11387800799997, 38.90017039700007], [-77.11423652299999, 38.90034869800007], [-77.11443716199994, 38.900147858000025], [-77.11471659499995, 38.89987380300005], [-77.11492093799995, 38.89966476800004], [-77.11479482899995, 38.899644059000025], [-77.11479726699997, 38.899517770000045], [-77.11480634899993, 38.899413253000034], [-77.11603278999996, 38.89939645800007], [-77.11693658899998, 38.89932178300006], [-77.11773646499995, 38.89921103200004], [-77.11851030299994, 38.89907272700003], [-77.11893640999995, 38.898989562000054], [-77.11903285699998, 38.89909803900008], [-77.11935565899995, 38.89948902400005], [-77.11966829399995, 38.89986066700004], [-77.12017691699998, 38.90045704000005], [-77.12034878399999, 38.90065677300004], [-77.12036849199995, 38.90072840100004], [-77.12044076999996, 38.90099012300004], [-77.12055603199997, 38.90139239800004], [-77.12028245899995, 38.90136447100008], [-77.12011880899996, 38.90165088200007], [-77.12000257599993, 38.90184723100003], [-77.11998799299994, 38.90187454800008], [-77.11992991199998, 38.90197269500004], [-77.11988256399997, 38.90205726600004], [-77.11978080599994, 38.90223181600004], [-77.11954033099994, 38.902492610000024], [-77.11922717299996, 38.90251089800006], [-77.11926841699994, 38.902926034000075], [-77.11967389699998, 38.90322187800007], [-77.11974477499996, 38.90337374300003], [-77.12011007699994, 38.90338352600003], [-77.12028213499997, 38.90339103900004], [-77.12111604099994, 38.90388687800004], [-77.12121410399999, 38.90390450500007], [-77.12129816599997, 38.90391922100008], [-77.12135129099994, 38.90389787700008], [-77.12153536799997, 38.90382864000003], [-77.12157591599998, 38.90373025800005], [-77.12161651799994, 38.90362913200005], [-77.12168643999996, 38.90346519000008], [-77.12198075399994, 38.90332859500006], [-77.12211149299998, 38.90329168400007], [-77.12253485599996, 38.903206030000035], [-77.12269510399994, 38.903316130000064], [-77.12255397499996, 38.90361955900005], [-77.12246480899995, 38.90378099600008], [-77.12236612999999, 38.90393998800005], [-77.12211903499997, 38.90418148700007], [-77.12199568799997, 38.90438050000006], [-77.12154183999996, 38.90513582700004], [-77.12183028799996, 38.90530671800008], [-77.12185121199997, 38.905315202000054], [-77.12206564799999, 38.905312225000046], [-77.12283186699995, 38.90494225700007], [-77.12321600999996, 38.90488634700006], [-77.12361069299999, 38.90483055900006], [-77.12397721399998, 38.90477718600005], [-77.12412121199998, 38.90475816800006], [-77.12430812499997, 38.904748082000026], [-77.12437439499996, 38.904748666000046], [-77.12444059699999, 38.90475097800004], [-77.12449567499993, 38.90475426000006], [-77.12463808699994, 38.90476844900007], [-77.12480637099998, 38.904789641000036], [-77.12499568499999, 38.904813825000076], [-77.12551454199996, 38.90488028200008], [-77.12553058399999, 38.904960104000054], [-77.12559235599997, 38.90502124000005], [-77.12544753699996, 38.90518941500005], [-77.12551829499995, 38.90523459100007], [-77.12601130599995, 38.90554788600008], [-77.12640020699996, 38.905794084000036], [-77.12655296799994, 38.905891981000025], [-77.12683765399998, 38.906076546000065], [-77.12574175599997, 38.906961711000065], [-77.12436749399996, 38.90806600700006], [-77.12365948499996, 38.90759912800007], [-77.12270512099997, 38.90696734100004], [-77.12213599199998, 38.906589954000026], [-77.12207982399997, 38.90655271000003], [-77.12206631499998, 38.90656368500004], [-77.12201797199998, 38.906602959000054], [-77.12185868199998, 38.90673537200007], [-77.12057603299996, 38.907972563000044], [-77.12047357399996, 38.90804248200004], [-77.12025001399996, 38.90809911600007], [-77.12026386999997, 38.90817718400007], [-77.12034186399995, 38.90850762300005], [-77.12002861099995, 38.90889662600006], [-77.11971368099995, 38.90900551400006], [-77.11952591699998, 38.909082943000044], [-77.11938632399995, 38.90921585800004], [-77.12006761399994, 38.91015751100008], [-77.12054682899998, 38.910824931000036], [-77.11902266299995, 38.91167477100004], [-77.11823746099998, 38.91211314200007], [-77.11799459699995, 38.91231349100008], [-77.11736933199995, 38.912841610000044], [-77.11686197799997, 38.913269539000055], [-77.11657612599998, 38.913513316000035], [-77.11653855399999, 38.91356790400005], [-77.11649822199996, 38.91354691600003], [-77.11577763499997, 38.913232521000054], [-77.11533070399997, 38.91302800400007], [-77.11491222999996, 38.912789659000055], [-77.11460626699994, 38.91257499200003], [-77.114281367, 38.91230545500008], [-77.113962255, 38.91199295500007], [-77.11367394499996, 38.91164176800004], [-77.11355186499998, 38.91148792300004]]]]}}, {"type": "Feature", "properties": {"OBJECTID": 41, "CIVIC": "Dover Crystal", "COLOR": 1, "LABEL": "Dover Crystal", "GIS_ID": 33, "Pdf": "Dover_Crystal", "SHAPE_Length": 0.041989865628260806, "SHAPE_Area": 5.369347320783341e-05}, "geometry": {"type": "MultiPolygon", "coordinates": [[[[-77.10069029299996, 38.909310549000054], [-77.10088273799994, 38.908994273000076], [-77.09997300899994, 38.90878577600006], [-77.09952128099997, 38.908340999000075], [-77.09950625099998, 38.90767078600004], [-77.09973134399996, 38.90766248500006], [-77.10016706999994, 38.907486411000036], [-77.10048507299996, 38.90739958100005], [-77.10068913599997, 38.90738828100007], [-77.10096149199995, 38.90747939800008], [-77.10134290199994, 38.907385082000076], [-77.10153966999997, 38.907387424000035], [-77.10158971799996, 38.907344083000055], [-77.101719829, 38.90724661000007], [-77.10163323799998, 38.90705335600006], [-77.10157372399993, 38.906758438000054], [-77.10156730399996, 38.90657399200006], [-77.10161925999995, 38.90622547900006], [-77.10159937199995, 38.905958492000025], [-77.10157970599994, 38.90587480600004], [-77.10150675999995, 38.90547029700008], [-77.10196410299994, 38.90508580300008], [-77.10285722899994, 38.90433852100006], [-77.10258398899998, 38.904112842000075], [-77.10225899299996, 38.903839864000076], [-77.10192246099996, 38.90361614900007], [-77.10186660899996, 38.90358052700003], [-77.10178352399998, 38.90353216900007], [-77.10162391799997, 38.90342863800004], [-77.10159140399998, 38.90347218800008], [-77.10130524099998, 38.90336717800005], [-77.10124551299998, 38.90318797400005], [-77.10094021199995, 38.903165116000025], [-77.10068076899995, 38.902953327000034], [-77.10020703599997, 38.902917477000074], [-77.09978951899996, 38.90288229500004], [-77.09946287099996, 38.90287290900005], [-77.09926611599997, 38.90287056300008], [-77.09908698099997, 38.90286568100004], [-77.09877309999996, 38.90292235000004], [-77.09934565999998, 38.90239644600007], [-77.09924510999997, 38.90232659600008], [-77.09947051399996, 38.90212333000005], [-77.09945312599996, 38.902112111000065], [-77.09986084099995, 38.90174902900003], [-77.09968741999995, 38.901631628000075], [-77.10003789899997, 38.90132001000006], [-77.10053081699994, 38.90109247000004], [-77.10069403799997, 38.90119052600005], [-77.10117686099994, 38.90075965500006], [-77.10209346499994, 38.900971027000026], [-77.10221683599997, 38.90101137900007], [-77.10223628599994, 38.901246782000044], [-77.10229401299995, 38.90146380200008], [-77.102453514, 38.90171866500003], [-77.10270800299998, 38.90193401600004], [-77.10299169299998, 38.90213515900007], [-77.10371502199996, 38.90259625200008], [-77.10435760399997, 38.902925366000034], [-77.10518719099997, 38.90323448200007], [-77.10633529499995, 38.90367536400004], [-77.10689645799994, 38.90387847100004], [-77.10745701099995, 38.90396829500003], [-77.10795835, 38.90402907500004], [-77.10812496599993, 38.904074381000044], [-77.10805497799998, 38.90415854200006], [-77.10787432599994, 38.904414529000064], [-77.10807477499998, 38.90458715800003], [-77.10789201199998, 38.90476897700006], [-77.10766740199995, 38.90511503500005], [-77.10759856399994, 38.90522134200006], [-77.10735084699996, 38.90549026300005], [-77.10797845199994, 38.90574759000003], [-77.10866527899998, 38.90603033000008], [-77.10806835199998, 38.90691022900006], [-77.10789111799994, 38.907169002000046], [-77.10785129499999, 38.907228943000064], [-77.10783416399994, 38.90722247900004], [-77.10780964999998, 38.90725964400008], [-77.10775780699998, 38.907337677000044], [-77.10704707099995, 38.90755991900005], [-77.10708832399996, 38.90778832900003], [-77.10717391799994, 38.90826715400004], [-77.10708713499997, 38.90839247000008], [-77.10702564099995, 38.90848236000005], [-77.10702850999996, 38.90869658500003], [-77.10701094099994, 38.90869637700007], [-77.10700118799997, 38.909017547000076], [-77.10699478999999, 38.90934699500008], [-77.10665310199994, 38.909205642000074], [-77.10655213899997, 38.90918695200003], [-77.10654360899997, 38.90936732000006], [-77.10652997799997, 38.909551527000076], [-77.10644602899998, 38.90973882700007], [-77.10636349299995, 38.909851616000026], [-77.10627611899997, 38.909956495000074], [-77.10613343099999, 38.91006461600006], [-77.10595134199997, 38.91013308300006], [-77.10585653799995, 38.910225955000044], [-77.10566095399997, 38.91052569800007], [-77.10486695599997, 38.91177395600005], [-77.10477996999998, 38.911907479000035], [-77.10451536699998, 38.912321733000056], [-77.10327879399995, 38.911325772000055], [-77.10319659099997, 38.91073533100007], [-77.10276957199994, 38.91046388800004], [-77.10220794099996, 38.91042700100007], [-77.10150246099994, 38.90983644600004], [-77.10117440899995, 38.90971723500007], [-77.10069029299996, 38.909310549000054]]]]}}, {"type": "Feature", "properties": {"OBJECTID": 42, "CIVIC": "Riverwood", "COLOR": 3, "LABEL": "Riverwood", "GIS_ID": 4, "Pdf": "Riverwood", "SHAPE_Length": 0.01913822368839642, "SHAPE_Area": 1.916794437304104e-05}, "geometry": {"type": "MultiPolygon", "coordinates": [[[[-77.09931441799995, 38.90777559500003], [-77.09919497599998, 38.907592959000056], [-77.09900633599995, 38.90771422700004], [-77.09874414699993, 38.907642477000024], [-77.09826408099997, 38.90738960600004], [-77.09789879099998, 38.90719851700004], [-77.09769411199994, 38.907061518000035], [-77.09717738999996, 38.90670660200004], [-77.09736177199994, 38.906263945000035], [-77.09729501199996, 38.90626314800005], [-77.09694534199997, 38.90599260600004], [-77.09702310299997, 38.90579032800008], [-77.09718581099997, 38.905377619000035], [-77.09731533699994, 38.90504414800006], [-77.09748196599998, 38.90461226300005], [-77.09760410599995, 38.90429518000008], [-77.09794087199998, 38.90432663300004], [-77.09813854399994, 38.90428230900005], [-77.09811590899994, 38.904001943000026], [-77.09828791299998, 38.90365250200006], [-77.09789265499995, 38.90355716500005], [-77.09798501899996, 38.90332485400006], [-77.09855555799999, 38.903444249000074], [-77.09877309999996, 38.90292235000004], [-77.09908698099997, 38.90286568100004], [-77.09926611599997, 38.90287056300008], [-77.09946287099996, 38.90287290900005], [-77.09978951899996, 38.90288229500004], [-77.10020703599997, 38.902917477000074], [-77.10068076899995, 38.902953327000034], [-77.10094021199995, 38.903165116000025], [-77.10124551299998, 38.90318797400005], [-77.10130524099998, 38.90336717800005], [-77.10159140399998, 38.90347218800008], [-77.10162391799997, 38.90342863800004], [-77.10178352399998, 38.90353216900007], [-77.10186660899996, 38.90358052700003], [-77.10192246099996, 38.90361614900007], [-77.10225899299996, 38.903839864000076], [-77.10258398899998, 38.904112842000075], [-77.10285722899994, 38.90433852100006], [-77.10196410299994, 38.90508580300008], [-77.10150675999995, 38.90547029700008], [-77.10157970599994, 38.90587480600004], [-77.10159937199995, 38.905958492000025], [-77.10161925999995, 38.90622547900006], [-77.10156730399996, 38.90657399200006], [-77.10157372399993, 38.906758438000054], [-77.10163323799998, 38.90705335600006], [-77.101719829, 38.90724661000007], [-77.10158971799996, 38.907344083000055], [-77.10153966999997, 38.907387424000035], [-77.10134290199994, 38.907385082000076], [-77.10096149199995, 38.90747939800008], [-77.10068913599997, 38.90738828100007], [-77.10048507299996, 38.90739958100005], [-77.10016706999994, 38.907486411000036], [-77.09973134399996, 38.90766248500006], [-77.09950625099998, 38.90767078600004], [-77.09931441799995, 38.90777559500003]]]]}}, {"type": "Feature", "properties": {"OBJECTID": 43, "CIVIC": "Woodmont", "COLOR": 5, "LABEL": "Woodmont", "GIS_ID": 50, "Pdf": "woodmont", "SHAPE_Length": 0.06167384649713067, "SHAPE_Area": 6.883614758550148e-05}, "geometry": {"type": "MultiPolygon", "coordinates": [[[[-77.09678992699997, 38.90639167200004], [-77.09579241599994, 38.90582230700005], [-77.09609701899996, 38.90534264400003], [-77.09603633299997, 38.90503161600003], [-77.09529082099994, 38.904695926000045], [-77.09473547799996, 38.90487876100008], [-77.09450558799995, 38.90495290000007], [-77.09427921099996, 38.90502708100007], [-77.09407413399998, 38.90490929300006], [-77.09343796499996, 38.904555677000076], [-77.09333022899995, 38.90449397400005], [-77.09332748199995, 38.90391727200006], [-77.09323779899995, 38.90383107100007], [-77.09317310099993, 38.90390443900003], [-77.09260013599999, 38.904089799000076], [-77.09168233399998, 38.90357904800004], [-77.09198085499997, 38.90323110500003], [-77.09208113299997, 38.90277920900007], [-77.09211625699999, 38.90260113700003], [-77.09093494399997, 38.903163644000074], [-77.08981548799994, 38.902543362000074], [-77.08896507899993, 38.90236564200006], [-77.08751969499997, 38.902059938000036], [-77.08516797299995, 38.90155931700008], [-77.08500106799994, 38.901290940000024], [-77.08497334699996, 38.901092891000076], [-77.08502783499995, 38.901002928000025], [-77.08521544599995, 38.90086467200007], [-77.08532181599998, 38.90078121000005], [-77.08551707499998, 38.900607896000054], [-77.08557566999997, 38.900487775000045], [-77.08570707299998, 38.90041796000003], [-77.08581301499999, 38.90039177500006], [-77.08590755099993, 38.90040938900006], [-77.08591570799996, 38.90040383100006], [-77.08592389999995, 38.90039830000006], [-77.08593216099996, 38.90039279700005], [-77.08594042199996, 38.900387350000074], [-77.08594875199998, 38.90038193100003], [-77.08595708099995, 38.900376539000035], [-77.08596547999997, 38.90037117500003], [-77.08597391399996, 38.90036586700006], [-77.08598238199994, 38.90036058700008], [-77.08599088399995, 38.90035533400004], [-77.08599938599997, 38.900350109000044], [-77.08600799199996, 38.900344940000025], [-77.08601659799996, 38.90033979900005], [-77.08602523799993, 38.90033471300006], [-77.08603391199995, 38.900329655000064], [-77.08604262099993, 38.90032462400006], [-77.08605136499995, 38.90031962200004], [-77.08606014199995, 38.90031467500006], [-77.08606895399998, 38.90030975600007], [-77.08607780099999, 38.90030486400008], [-77.08608671699994, 38.90030002900005], [-77.08609563199997, 38.90029522100008], [-77.08610458199996, 38.90029044000005], [-77.08611353099997, 38.90028571500005], [-77.08612258499994, 38.90028101900003], [-77.08613160299996, 38.90027637600008], [-77.08614068999998, 38.900271763000035], [-77.08614981199997, 38.900267177000046], [-77.08615893299998, 38.900262646000044], [-77.08616812299994, 38.90025814300003], [-77.08617731299995, 38.90025366800006], [-77.08618657199997, 38.90024924800008], [-77.08619583099994, 38.90024485600003], [-77.08620512299996, 38.90024051900008], [-77.08621445099999, 38.90023618300006], [-77.08622384699999, 38.900231957000074], [-77.08647196499999, 38.900122355000065], [-77.08675946299996, 38.900334514000065], [-77.08728902799999, 38.90020907300004], [-77.08751496399998, 38.90015686900006], [-77.08773219799997, 38.90018966000008], [-77.08794245799999, 38.90021967500007], [-77.08824385099996, 38.900261742000055], [-77.08857129599994, 38.90022995100003], [-77.08894095499994, 38.90019594700004], [-77.08902549199996, 38.900185978000025], [-77.08945298299994, 38.90007028600007], [-77.09047476199999, 38.89975577100006], [-77.09075409599996, 38.899668502000054], [-77.09104405799997, 38.89957861500005], [-77.09135162299998, 38.89948344600003], [-77.09163095499997, 38.89939617500005], [-77.09184310099994, 38.89933006700005], [-77.09204465399995, 38.89926657800004], [-77.09246191799997, 38.89913427600004], [-77.09289095999998, 38.89893895400007], [-77.09312764299995, 38.89887588400006], [-77.09390163099994, 38.898698255000056], [-77.09390385599994, 38.89869773200007], [-77.09416537099997, 38.89871772300006], [-77.09457194499998, 38.89878094200003], [-77.09499240399998, 38.89887985900003], [-77.09557316099995, 38.89901919000005], [-77.09610710899995, 38.899147854000034], [-77.09657911099998, 38.899263665000035], [-77.09785308799997, 38.89956762500003], [-77.09986793599995, 38.900042503000066], [-77.10121913699999, 38.90037403700006], [-77.10292073399995, 38.90071186600005], [-77.10307423799998, 38.90074236000004], [-77.10527316999998, 38.90125991900004], [-77.10662063399997, 38.90159445000006], [-77.10700229299994, 38.90176393100006], [-77.10730440599997, 38.901961603000075], [-77.10757162399995, 38.90210133100004], [-77.10778789199998, 38.90213212300006], [-77.10818315299997, 38.902198620000036], [-77.10857409099998, 38.902243344000055], [-77.10882550199995, 38.902310414000056], [-77.10882241799999, 38.90231359000006], [-77.10839938199996, 38.90268245300007], [-77.10832915899994, 38.90284583400006], [-77.10825382899998, 38.90304062400003], [-77.10819894599996, 38.903333470000064], [-77.10821255999997, 38.90355375400003], [-77.10824527699998, 38.90371138000006], [-77.10824093899998, 38.90393493800008], [-77.10812496599993, 38.904074381000044], [-77.10795835, 38.90402907500004], [-77.10745701099995, 38.90396829500003], [-77.10689645799994, 38.90387847100004], [-77.10633529499995, 38.90367536400004], [-77.10518719099997, 38.90323448200007], [-77.10435760399997, 38.902925366000034], [-77.10371502199996, 38.90259625200008], [-77.10299169299998, 38.90213515900007], [-77.10270800299998, 38.90193401600004], [-77.102453514, 38.90171866500003], [-77.10229401299995, 38.90146380200008], [-77.10223628599994, 38.901246782000044], [-77.10221683599997, 38.90101137900007], [-77.10209346499994, 38.900971027000026], [-77.10117686099994, 38.90075965500006], [-77.10069403799997, 38.90119052600005], [-77.10053081699994, 38.90109247000004], [-77.10003789899997, 38.90132001000006], [-77.09968741999995, 38.901631628000075], [-77.09986084099995, 38.90174902900003], [-77.09945312599996, 38.902112111000065], [-77.09947051399996, 38.90212333000005], [-77.09924510999997, 38.90232659600008], [-77.09934565999998, 38.90239644600007], [-77.09877309999996, 38.90292235000004], [-77.09855555799999, 38.903444249000074], [-77.09798501899996, 38.90332485400006], [-77.09789265499995, 38.90355716500005], [-77.09828791299998, 38.90365250200006], [-77.09811590899994, 38.904001943000026], [-77.09813854399994, 38.90428230900005], [-77.09794087199998, 38.90432663300004], [-77.09760410599995, 38.90429518000008], [-77.09748196599998, 38.90461226300005], [-77.09731533699994, 38.90504414800006], [-77.09718581099997, 38.905377619000035], [-77.09702310299997, 38.90579032800008], [-77.09694534199997, 38.90599260600004], [-77.09729501199996, 38.90626314800005], [-77.09736177199994, 38.906263945000035], [-77.09717738999996, 38.90670660200004], [-77.09678992699997, 38.90639167200004]]]]}}, {"type": "Feature", "properties": {"OBJECTID": 44, "CIVIC": "Tara - Leeway Heights", "COLOR": 2, "LABEL": "Tara - Leeway Heights", "GIS_ID": 7, "Pdf": "Tara_Leeway_Heights", "SHAPE_Length": 0.04565270867817437, "SHAPE_Area": 9.432328196936687e-05}, "geometry": {"type": "MultiPolygon", "coordinates": [[[[-77.12808559599995, 38.887701022000044], [-77.128041651, 38.88721061500007], [-77.12802653899996, 38.886765525000044], [-77.12797602499995, 38.88652429900003], [-77.12782829799994, 38.88629382800008], [-77.12732752299996, 38.885729981000054], [-77.12673692399994, 38.88512169400008], [-77.12798881799995, 38.884892586000035], [-77.12859354199998, 38.88478071800006], [-77.12978459099998, 38.884515649000036], [-77.13154237699996, 38.88415285100007], [-77.13287208299994, 38.88386717800006], [-77.13374346099994, 38.883695888000034], [-77.13374478099996, 38.88369856700007], [-77.13386474199996, 38.883945019000066], [-77.13420202199995, 38.88454131700007], [-77.13446910899995, 38.884993647000044], [-77.13493012499998, 38.885781106000024], [-77.13524158799999, 38.88631880200006], [-77.13538426699995, 38.88667736200006], [-77.13546396199996, 38.88683945300005], [-77.13570656999997, 38.88678032100006], [-77.13609781899999, 38.88660370900004], [-77.13667971999996, 38.88630436400007], [-77.13712850799999, 38.886065203000044], [-77.13746366399994, 38.885894663000045], [-77.13760335499995, 38.885824557000035], [-77.13785161599998, 38.88576905600007], [-77.13811418999995, 38.88579052700004], [-77.13837834199995, 38.88590290900004], [-77.13864650099998, 38.88606149800006], [-77.13889750199996, 38.88622642300004], [-77.13903188299997, 38.88637324600006], [-77.13917259199997, 38.88659769000003], [-77.13937461699999, 38.886949738000055], [-77.13950099099998, 38.88717245000004], [-77.13950680599999, 38.88718262300006], [-77.14006182999998, 38.88813203900003], [-77.14044421299997, 38.888756794000074], [-77.14067897299998, 38.88917127900004], [-77.14141218699996, 38.890398177000066], [-77.14180359399995, 38.89107644300003], [-77.14216360399996, 38.891663368000025], [-77.14040093099999, 38.89224952100005], [-77.13879246299996, 38.89275714200005], [-77.13738628999994, 38.89318380100008], [-77.13470526199995, 38.89403788000004], [-77.13435957099995, 38.894122641000024], [-77.13294239499999, 38.89460203500005], [-77.13242735899996, 38.894788482000024], [-77.13191417999997, 38.894449906000034], [-77.13161816099995, 38.894231224000066], [-77.13082808099995, 38.89305215200005], [-77.13029802999995, 38.89225673400006], [-77.13043745499994, 38.89221813000006], [-77.13062159899994, 38.89214336100008], [-77.13111383299997, 38.891943146000074], [-77.13131926199998, 38.89185766700007], [-77.13185422399994, 38.89162774000005], [-77.13169020999999, 38.89138417800007], [-77.13147496899995, 38.89106313000008], [-77.13133832799997, 38.89085833200005], [-77.13130082099997, 38.890800228000046], [-77.13127011199998, 38.89075044100008], [-77.13111405899997, 38.890828258000056], [-77.13088736299994, 38.890921727000034], [-77.13048589099998, 38.89060125200007], [-77.13045399499998, 38.89061735700005], [-77.13021796399994, 38.890279615000054], [-77.13027471199996, 38.89025004300004], [-77.13001416299994, 38.88991198800005], [-77.12965422599996, 38.88944096300003], [-77.12953421299994, 38.88928578400004], [-77.12911230199995, 38.88948406800006], [-77.12905064499995, 38.88940096700003], [-77.12895847099998, 38.889443828000026], [-77.12884004599994, 38.88948325100006], [-77.12875313299998, 38.88914606700007], [-77.12864992099998, 38.88890065600003], [-77.12832814299998, 38.888226289000045], [-77.12808559599995, 38.887701022000044]]]]}}, {"type": "Feature", "properties": {"OBJECTID": 45, "CIVIC": "Waycroft - Woodlawn", "COLOR": 4, "LABEL": "Waycroft - Woodlawn", "GIS_ID": 28, "Pdf": "Waycroft_Woodlawn", "SHAPE_Length": 0.03957980112436776, "SHAPE_Area": 6.600349187960687e-05}, "geometry": {"type": "MultiPolygon", "coordinates": [[[[-77.11941986199997, 38.89249594300003], [-77.11939669409534, 38.892384796974675], [-77.11937814084634, 38.8922727881918], [-77.11936423398582, 38.89216010816016], [-77.11935499728496, 38.892046949536955], [-77.11935044653622, 38.89193350579898], [-77.11935058952426, 38.89181997091344], [-77.11935542599997, 38.89170653900004], [-77.11935757059686, 38.8916066505573], [-77.11935791587548, 38.89150673969107], [-77.11935646172422, 38.89140683881305], [-77.11935320861447, 38.89130698032567], [-77.1193481575976, 38.89120719661969], [-77.11934131032316, 38.891107520066875], [-77.11933266899996, 38.891007983000065], [-77.11926749699995, 38.89049171800008], [-77.11921880799997, 38.89015711700006], [-77.11912709399996, 38.88980696200008], [-77.11905259299994, 38.889448067000046], [-77.11903812099996, 38.889378357000055], [-77.11892190699996, 38.88903617900007], [-77.11883743899995, 38.888811685000064], [-77.11872448099996, 38.88854135500003], [-77.11848856399996, 38.88808227000004], [-77.11830511599999, 38.887701185000026], [-77.11805967999999, 38.88713099200004], [-77.11770655099997, 38.88649914600006], [-77.11717275899997, 38.88541742800004], [-77.11878392299997, 38.88536622600003], [-77.11884764699994, 38.88528459400004], [-77.11925904199995, 38.88474387400004], [-77.11970212199998, 38.884099038000045], [-77.11994640999995, 38.883753682000076], [-77.12062792299997, 38.88306523600005], [-77.12114166699996, 38.88260694000007], [-77.12172876499994, 38.88219596600004], [-77.12216534399994, 38.88188768200007], [-77.12226749599995, 38.88198172400007], [-77.12254404899994, 38.88227517000007], [-77.12293980799996, 38.88254678200008], [-77.12360127999995, 38.88290276200007], [-77.12413602299995, 38.88330498000005], [-77.12461792699997, 38.88357185600006], [-77.12623729199998, 38.884664127000065], [-77.12673692399994, 38.88512169400008], [-77.12732752299996, 38.885729981000054], [-77.12782829799994, 38.88629382800008], [-77.12797602499995, 38.88652429900003], [-77.12802653899996, 38.886765525000044], [-77.128041651, 38.88721061500007], [-77.12808559599995, 38.887701022000044], [-77.12532146299998, 38.888239303000034], [-77.12530340799998, 38.88828489500003], [-77.12565544199998, 38.88885859900006], [-77.12603959699999, 38.88938085900003], [-77.12625289799996, 38.88974110800007], [-77.12640894399993, 38.890017976000024], [-77.12570554499996, 38.890165986000056], [-77.12534362599996, 38.890242139000065], [-77.12513485899996, 38.89021748000005], [-77.12381789699998, 38.89048494100007], [-77.12292319599999, 38.89066663600005], [-77.12230611599995, 38.89078025300006], [-77.12196393899995, 38.89085041000004], [-77.12190174099999, 38.89097871700005], [-77.12172535599996, 38.89101509200003], [-77.12166281099996, 38.891027923000024], [-77.12157363199998, 38.89104626400007], [-77.121340864, 38.89109296000004], [-77.12141855999994, 38.891172819000076], [-77.12161651799994, 38.891376292000075], [-77.12183020699996, 38.89159299000005], [-77.12215420299998, 38.89192082400007], [-77.12226456199994, 38.89202921400005], [-77.12258513699999, 38.89235426000005], [-77.12277813999998, 38.892548746000045], [-77.12261459099994, 38.892648432000044], [-77.12247594999997, 38.89273193300005], [-77.12233368899996, 38.89282088400006], [-77.12218791599997, 38.89290979400005], [-77.12207774599995, 38.892974406000064], [-77.12189647299994, 38.89308212100008], [-77.12186799899996, 38.89310100900008], [-77.12173292199998, 38.89318180600003], [-77.12159071199994, 38.89326801000004], [-77.12144850299995, 38.893354215000045], [-77.12137739699995, 38.89339734400005], [-77.12121741099998, 38.89349429600003], [-77.12119936099998, 38.89346949500003], [-77.12085452899998, 38.89299572200008], [-77.12010792099994, 38.89344831500006], [-77.11999103199997, 38.89351917300007], [-77.11988024491112, 38.893391559887455], [-77.11977846655721, 38.89325665232261], [-77.11968617579258, 38.893115085029415], [-77.11960380682648, 38.892967524063344], [-77.11953174719822, 38.892814663685364], [-77.11947033594734, 38.89265722308409], [-77.11941986199997, 38.89249594300003]]]]}}, {"type": "Feature", "properties": {"OBJECTID": 46, "CIVIC": "Arlington Mill", "COLOR": 1, "LABEL": "Arlington Mill", "GIS_ID": 46, "Pdf": "Arlington_Mill", "SHAPE_Length": 0.04382852253701404, "SHAPE_Area": 7.56904624910768e-05}, "geometry": {"type": "MultiPolygon", "coordinates": [[[[-77.11718161799996, 38.862098368000034], [-77.11716589799994, 38.86209579400003], [-77.11715277399998, 38.86209330500003], [-77.11713701299993, 38.862091005000025], [-77.11712389199994, 38.862088406000055], [-77.11710901799995, 38.86208567700004], [-77.11709327499995, 38.86208241600008], [-77.11707751999995, 38.862079814000026], [-77.11706262199993, 38.862078266000026], [-77.11704683999994, 38.86207706400006], [-77.11703194499995, 38.86207540500004], [-77.11701791799999, 38.862074224000025], [-77.11700300099994, 38.862073691000035], [-77.11698804399998, 38.86207524500003], [-77.11697396099999, 38.86207697400005], [-77.11695900799998, 38.862078336000025], [-77.11694492899994, 38.86207987200004], [-77.11693168499994, 38.86208367100005], [-77.11691753899999, 38.86208866700008], [-77.11690336199996, 38.86209528300003], [-77.11689099399996, 38.862099174000036], [-77.11687709099994, 38.862091623000026], [-77.11686316899994, 38.86208500600003], [-77.11684834899995, 38.86207944900008], [-77.11683439699993, 38.86207436900003], [-77.11682217299995, 38.862070792000054], [-77.11680906599997, 38.862067480000064], [-77.11679596399995, 38.86206389300003], [-77.11678198699997, 38.86206013100008], [-77.11676888699998, 38.86205643400007], [-77.11675315799994, 38.86205248700003], [-77.11673917799999, 38.86204889000004], [-77.11672518899996, 38.86204575900007], [-77.11671207699999, 38.86204272100008], [-77.11669722999994, 38.862038537000046], [-77.11668412999995, 38.862034840000035], [-77.11667014299996, 38.86203160000008], [-77.11665530399995, 38.86202705900007], [-77.11664310599997, 38.862022109000065], [-77.11662741899994, 38.86201599300006], [-77.11661255699994, 38.862010765000036], [-77.11659951999997, 38.862005614000054], [-77.11658733699994, 38.86199989600004], [-77.11657604399994, 38.86199358400006], [-77.11656212699995, 38.86198672000006], [-77.11654645199997, 38.86197994400004], [-77.11653341799996, 38.861972843000046], [-77.11652035699996, 38.861965302000044], [-77.11650826799996, 38.861958377000065], [-77.11649606199995, 38.861952055000074], [-77.11648391299997, 38.86194455200007], [-77.11647000799996, 38.86193708400003], [-77.11645696399995, 38.861930477000044], [-77.11644390199996, 38.86192483100007], [-77.11642908199997, 38.86191924600007], [-77.11641250999998, 38.86191347700003], [-77.11640032199995, 38.86190803300008], [-77.11638725799997, 38.86190246900003], [-77.11637243399997, 38.861897132000024], [-77.11636023599993, 38.861892183000066], [-77.11633059499997, 38.861881124000035], [-77.11629138899997, 38.86186520100006], [-77.11627746899995, 38.86186031400007], [-77.11626346999998, 38.86185586500005], [-77.11624776099995, 38.86185087500007], [-77.11623467699997, 38.86184635400008], [-77.11622069099997, 38.86184305900008], [-77.11620758699996, 38.86183958200007], [-77.11619272299998, 38.86183633100006], [-77.11617613699997, 38.861831247000055], [-77.11615866899996, 38.86182640100003], [-77.11614559699996, 38.86182127600006], [-77.11613255399999, 38.86181648200005], [-77.11611943299994, 38.86181204300004], [-77.11610724699995, 38.86180649000005], [-77.11608639499997, 38.86179679700007], [-77.11606800899995, 38.86179221400005], [-77.11605315799994, 38.861788250000075], [-77.11603828699998, 38.86178532800005], [-77.11600764099995, 38.86178084800008], [-77.11598658199995, 38.86178007800004], [-77.11595676599995, 38.86177810600003], [-77.11594273699995, 38.861777035000046], [-77.11591116799997, 38.86177490500006], [-77.11589801399998, 38.861773981000056], [-77.11588401999995, 38.86177115300006], [-77.11587002399995, 38.86176840600007], [-77.11585514699993, 38.861765760000026], [-77.11583673999996, 38.86176408700004], [-77.11582181299997, 38.86176407600004], [-77.11580691899997, 38.861762363000025], [-77.11579203999997, 38.86175985300008], [-77.11577803899996, 38.861757381000075], [-77.11576401099995, 38.861756282000044], [-77.11574823199999, 38.861754888000064], [-77.11573066699998, 38.861755093000056], [-77.11571750499996, 38.86175460800007], [-77.115702619, 38.861752455000044], [-77.11568859999994, 38.86175091700005], [-77.11567282599998, 38.86174927600007], [-77.11565791599998, 38.86174841300004], [-77.11564301499999, 38.86174702900007], [-77.11562898199998, 38.86174617700004], [-77.11561585899994, 38.86174550100003], [-77.11560003099999, 38.861744902000055], [-77.11558598099998, 38.861744901000066], [-77.11557019299994, 38.86174402900008], [-77.11555265399994, 38.86174288800004], [-77.11553860599997, 38.86174280500006], [-77.11552457199997, 38.86174203500008], [-77.11550699899993, 38.861742597000045], [-77.11549206199999, 38.86174310700005], [-77.11547798999999, 38.86174431400008], [-77.11546219299998, 38.86174388100005], [-77.11544728399997, 38.86174293600004], [-77.11543151999996, 38.861740773000065], [-77.11541573899996, 38.861739544000045], [-77.11539996599998, 38.86173784700003], [-77.11538594899997, 38.86173619900006], [-77.11537104699994, 38.861734898000066], [-77.11535704199997, 38.86173259000003], [-77.11534216799998, 38.86172983400007], [-77.11532904799998, 38.86172720800005], [-77.11531331199996, 38.861723589000064], [-77.11528358899994, 38.861716786000045], [-77.11525381599995, 38.86171253500004], [-77.11523892199995, 38.861710849000076], [-77.11522315999997, 38.86170860400006], [-77.11520650699998, 38.86170703400006], [-77.11517583199998, 38.86170403600005], [-77.11514693999999, 38.861699686000065], [-77.11513206599994, 38.86169690200006], [-77.11511806699997, 38.861694320000026], [-77.11510408199996, 38.86169099700004], [-77.11508920299997, 38.86168848800003], [-77.11507163399995, 38.861688884000046], [-77.11505579999994, 38.861690345000056], [-77.11504083699998, 38.86169222800004], [-77.11502674499997, 38.86169445100006], [-77.11501353699998, 38.86169635500005], [-77.11499948799997, 38.86169816600005], [-77.11498362299994, 38.86169943500005], [-77.11495547999994, 38.86170176600007], [-77.11494141499998, 38.86170256200006], [-77.11491247099997, 38.861702714000046], [-77.11489486499994, 38.86170319300004], [-77.11486399599994, 38.86172666500005], [-77.11485422299995, 38.86172347400003], [-77.11483467799997, 38.86171703700006], [-77.11481520599995, 38.86171051900004], [-77.11479576999994, 38.86170389100005], [-77.11478606999998, 38.861700564000046], [-77.11476670699994, 38.86169380000007], [-77.11475704399999, 38.861690391000025], [-77.11473775399998, 38.86168351800006], [-77.11472816199995, 38.861680027000034], [-77.11470897999999, 38.86167301800003], [-77.11469935499997, 38.861669472000074], [-77.11468024499999, 38.861662326000044], [-77.11467069099996, 38.86165872600003], [-77.11464213699998, 38.861647762000075], [-77.11462317299998, 38.86164034300003], [-77.11458542699995, 38.86162526100003], [-77.11455726999998, 38.86161372500004], [-77.11454793199994, 38.86160985300006], [-77.11452925699996, 38.86160202600007], [-77.11451992099995, 38.86159804400006], [-77.11449167199999, 38.86158582000007], [-77.11448223499997, 38.86158164400007], [-77.11445399499996, 38.86156895400006], [-77.11442600699996, 38.861555992000035], [-77.11440742099995, 38.861547177000034], [-77.11438032099994, 38.86156643700008], [-77.11435415099999, 38.86155753300005], [-77.11434195299995, 38.86155258300005], [-77.11433064299996, 38.861547150000035], [-77.11431845899995, 38.861541514000066], [-77.11430716899997, 38.86153503700007], [-77.11428371899996, 38.86152168900003], [-77.11427331799996, 38.861514646000046], [-77.11426117699995, 38.861506759000065], [-77.11423598399995, 38.861492731000055], [-77.11422556599996, 38.86148659500003], [-77.11421338699995, 38.86148071200006], [-77.11420207699996, 38.86147525100006], [-77.11418996199995, 38.861466018000044], [-77.11420108199997, 38.86143764500008], [-77.11419236499995, 38.86143254500007], [-77.11417510799998, 38.86142223500008], [-77.11416653299995, 38.86141705400007], [-77.11415799299994, 38.86141184600007], [-77.11414945399997, 38.86140658200003], [-77.11414095099997, 38.86140131900004], [-77.11413248299993, 38.86139602900005], [-77.11412405199997, 38.86139068500006], [-77.11410722399995, 38.86137996900004], [-77.11412104199997, 38.86135193000007], [-77.11411592999997, 38.86134201100003], [-77.11411178599997, 38.861331060000055], [-77.11410583799994, 38.861320775000024], [-77.11410080599995, 38.86130852300005], [-77.11409488299995, 38.86129694700003], [-77.11409069099994, 38.86128668200007], [-77.11408562799994, 38.86127607700007], [-77.11407971799997, 38.86126381500003], [-77.11407293999997, 38.86125104800004], [-77.11406699499997, 38.86124059800005], [-77.11405937199999, 38.86122795800003], [-77.11405258499997, 38.86121381800007], [-77.11404584199994, 38.861199267000075], [-77.11403909599994, 38.861184825000066], [-77.11403322099994, 38.861170779000076], [-77.11402992499995, 38.86115956300006], [-77.11402316099998, 38.86114611000005], [-77.11401899299995, 38.861134582000034], [-77.11401569099996, 38.86112369600005], [-77.11401150699999, 38.86111302000006], [-77.11400648499995, 38.861100246000035], [-77.11400059599998, 38.861086886000066], [-77.11399380799998, 38.86107466800007], [-77.11398961299994, 38.86106454000003], [-77.11398191099994, 38.861052339000025], [-77.11397604199993, 38.86104161500003], [-77.11397093199997, 38.86103161400007], [-77.11396587799999, 38.861020488000065], [-77.11396082999994, 38.86100908700007], [-77.11395665099997, 38.860998136000035], [-77.11395157699997, 38.86098805300003], [-77.11394479799998, 38.86097536800003], [-77.11393622699995, 38.86096453000005], [-77.11393030399995, 38.86095295400003], [-77.11392434699997, 38.86094313500007], [-77.11392016399998, 38.86093240400004], [-77.11391511499994, 38.86092103000004], [-77.11390915399994, 38.860911431000034], [-77.11390147699996, 38.86089975200008], [-77.11389467099997, 38.86088844000005], [-77.11388788199997, 38.86087625000005], [-77.11388108899996, 38.860864252000056], [-77.11387512999994, 38.86085454300007], [-77.11386744599997, 38.86084322100004], [-77.11386236799996, 38.860833385000035], [-77.11385465099994, 38.86082376500008], [-77.11384780499998, 38.86081451200005], [-77.11383922899995, 38.86080394800007], [-77.11382982599997, 38.86079068400005], [-77.11382126799998, 38.86077918600006], [-77.11381361899998, 38.86076605200003], [-77.11380504099998, 38.86075557100003], [-77.11380086899999, 38.86074426300007], [-77.11379406499998, 38.86073284100007], [-77.11378813099998, 38.860721814000044], [-77.11377958299994, 38.86070976800005], [-77.11377187499994, 38.86069973600007], [-77.11376591799996, 38.86068989000006], [-77.11375738499999, 38.86067707500007], [-77.11374885899994, 38.860663930000044], [-77.11374114699998, 38.86065406300003], [-77.11373345799996, 38.86064298800005], [-77.11372574499995, 38.86063320400007], [-77.11370856499997, 38.86061342100004], [-77.11370000699998, 38.860601924000036], [-77.11369054799997, 38.86059159700005], [-77.11368188499995, 38.860585481000044], [-77.11367928899995, 38.86058352800006], [-77.11367158799999, 38.860573084000066], [-77.11366216199997, 38.86056105500006], [-77.11365365099994, 38.860548927000025], [-77.11364503199997, 38.86053872000008], [-77.11363733199994, 38.86052822100004], [-77.11362964999995, 38.860516817000075], [-77.11362015099996, 38.86050673600005], [-77.11360893799997, 38.860498119000056], [-77.11360030699996, 38.86049038300007], [-77.11358994799997, 38.86048117100006], [-77.11357872299999, 38.860471345000065], [-77.11356834199995, 38.86046147300004], [-77.11355717299995, 38.86045057700005], [-77.11354767199998, 38.86044239100005], [-77.11353643899997, 38.86043297700007], [-77.11352698399998, 38.86042248500007], [-77.11351667199995, 38.86041267000007], [-77.11350630899994, 38.86040183800003], [-77.11349684199996, 38.860391923000066], [-77.11348561499995, 38.860382179000055], [-77.11347789299998, 38.86037283300004], [-77.11346403899995, 38.860362784000074], [-77.11345276099996, 38.86035570300004], [-77.11344240799997, 38.86034616200004], [-77.11343289599995, 38.860338580000075], [-77.11342077899997, 38.86032951200008], [-77.11340954699995, 38.86032001600006], [-77.11339743999997, 38.86031042600007], [-77.11338526599997, 38.860302484000044], [-77.11337320999996, 38.860293856000055], [-77.11336453999996, 38.86028628400004], [-77.11335685699999, 38.860274935000064], [-77.11334824099998, 38.860266430000024], [-77.11333786999995, 38.86025782200005], [-77.11332756699994, 38.860247567000044], [-77.11331980499995, 38.86023846900008], [-77.11330945799995, 38.860228653000036], [-77.11329997699994, 38.860219451000034], [-77.11328781999998, 38.86021063000004], [-77.11327748299993, 38.86020210500004], [-77.11326713499994, 38.86019237200003], [-77.11325939699998, 38.860183850000055], [-77.11324901299997, 38.86017592800005], [-77.113239519, 38.860167413000056], [-77.11323005899999, 38.86015898100004], [-77.11321791599994, 38.86014939100005], [-77.11320581299998, 38.860139555000046], [-77.11319368299996, 38.86013117300007], [-77.11318156499993, 38.86012210500007], [-77.11316943699995, 38.86011355900007], [-77.11315643399996, 38.86010489300003], [-77.11314434299999, 38.86009626400005], [-77.11313389599997, 38.86008979800005], [-77.11312439399995, 38.86008169400003], [-77.11310966299999, 38.86007155200008], [-77.11309752699998, 38.86006344500004], [-77.11308283099999, 38.860051491000036], [-77.11306982199994, 38.86004312700004], [-77.11305769499995, 38.86003455300005], [-77.11304819399999, 38.860026395000034], [-77.11303436099996, 38.860015247000035], [-77.11302223499996, 38.86000659100006], [-77.11301096799997, 38.85999898800003], [-77.11299710799995, 38.85998921400005], [-77.112985843, 38.85998144600006], [-77.11297287599996, 38.85997091300004], [-77.11295818299999, 38.85995882200007], [-77.11294517999994, 38.859950155000035], [-77.11293479599993, 38.85994223400007], [-77.11292353999994, 38.859934027000065], [-77.11291050599993, 38.85992692600007], [-77.11289485599997, 38.85991891500004], [-77.11288270399996, 38.85991165900003], [-77.11287141399998, 38.859905182000034], [-77.11286015499996, 38.85989716800003], [-77.11284542899995, 38.85988677800003], [-77.11283416099997, 38.85987917600005], [-77.11282283799994, 38.859872616000075], [-77.11280990299997, 38.85986224800007], [-77.11279777699997, 38.859853592000036], [-77.11278652399994, 38.85984522100006], [-77.11277785999994, 38.85983921400003], [-77.11277613499993, 38.859837629000026], [-77.11276135299994, 38.85983009500006], [-77.11274659799994, 38.859821243000056], [-77.11273271599998, 38.85981259300007], [-77.11272319899996, 38.85980525900004], [-77.11271549599996, 38.85979495200007], [-77.11270865199998, 38.85978561700006], [-77.112695665, 38.85977610000003], [-77.11268445399998, 38.85976558700003], [-77.11267328199995, 38.859754828000064], [-77.11266462999998, 38.85974637800007], [-77.11265429299993, 38.85973606700003], [-77.11264310599995, 38.85972426500007], [-77.11263275499994, 38.859714696000026], [-77.11262329099998, 38.859704588000056], [-77.11258549799999, 38.85970650300004], [-77.11257666299997, 38.85969118600008], [-77.11257227999994, 38.85968352700007], [-77.11256786199993, 38.85967586800007], [-77.11256351499998, 38.85966821000005], [-77.11255913299993, 38.85966052500004], [-77.11255478499999, 38.85965286700008], [-77.11254608999997, 38.85963752300006], [-77.11254174299995, 38.859629838000046], [-77.11253743099996, 38.85962215300003], [-77.11252880799998, 38.85960675500007], [-77.11252453099996, 38.85959909800005], [-77.11251601299995, 38.85958367400008], [-77.11251170199995, 38.859575962000065], [-77.11250321999995, 38.85956053900003], [-77.11249897899995, 38.85955282700007], [-77.11249477299998, 38.85954508800006], [-77.11248636199997, 38.859529638000026], [-77.11248215599994, 38.85952192700006], [-77.11247798499994, 38.85951418900004], [-77.11246964399999, 38.85949871200006], [-77.11246133899994, 38.859483209000075], [-77.11245310399994, 38.85946770600003], [-77.11244900399998, 38.859459969000056], [-77.11244080499995, 38.85944443900007], [-77.11243670499994, 38.85943667400005], [-77.11242857599996, 38.859421145000056], [-77.11242451199996, 38.859413353000036], [-77.11241645399997, 38.85939779700004], [-77.11241242499995, 38.85939000600007], [-77.11240843099995, 38.85938224200004], [-77.11240040899997, 38.85936663200005], [-77.11239644999995, 38.85935886900006], [-77.11239245699994, 38.85935105000004], [-77.11238453999994, 38.85933544100004], [-77.11238061699999, 38.85932762400006], [-77.11237277099997, 38.85931198800006], [-77.11236495999998, 38.85929635300005], [-77.11236107199994, 38.859288536000065], [-77.11236314699994, 38.859279306000076], [-77.11226998599994, 38.85909680000003], [-77.11196562999999, 38.85845531800004], [-77.11181691999997, 38.85813240700003], [-77.11172875599993, 38.85796039500008], [-77.11161493299994, 38.85776957000007], [-77.11145283699994, 38.85754327200004], [-77.11124863499998, 38.85730958200003], [-77.11098349699995, 38.85705976700007], [-77.11080442299993, 38.856914275000065], [-77.11065784699997, 38.85680632300006], [-77.11032570499998, 38.85660717400003], [-77.10986904999999, 38.856372416000056], [-77.10990316099998, 38.85636653100005], [-77.11086134099997, 38.85621991900007], [-77.11109843699995, 38.85618364800007], [-77.11139449899997, 38.856138325000074], [-77.11202183199998, 38.85601036200006], [-77.11238159999994, 38.855861521000065], [-77.11316903199997, 38.85549044000004], [-77.11391494999998, 38.85513723500003], [-77.11482737499995, 38.854876199000046], [-77.11626241399995, 38.854476214000044], [-77.11748045699994, 38.85412437600007], [-77.11852979499997, 38.853800748000026], [-77.11854219099996, 38.85379715900007], [-77.11947721399997, 38.85352610900003], [-77.12054775499996, 38.85331346100003], [-77.12103299099994, 38.85324581400005], [-77.12119100299998, 38.853365806000056], [-77.12166119799997, 38.85373397300003], [-77.12229124599997, 38.85422725800004], [-77.122405427, 38.85431647200005], [-77.12253689999994, 38.854419619000055], [-77.12300400399994, 38.85478483300005], [-77.12337427399996, 38.85507202000008], [-77.12343306899999, 38.85511939300005], [-77.12349537499995, 38.85516680600006], [-77.12377211099994, 38.855386990000056], [-77.12402128399998, 38.85557938900007], [-77.12415622099996, 38.85568532100007], [-77.12440874999999, 38.85588599600004], [-77.12456119199999, 38.855994879000036], [-77.12462004099996, 38.85603950500007], [-77.12481382899995, 38.85619006300004], [-77.12520475999997, 38.85649945500006], [-77.12586919399996, 38.85701525500008], [-77.12606293499994, 38.85716855600003], [-77.12607072499998, 38.857174386000054], [-77.12607763999995, 38.857180124000024], [-77.12608539499996, 38.85718598100004], [-77.12626170599998, 38.85732331600008], [-77.12634958499996, 38.85749358400005], [-77.12657453499997, 38.85783672700006], [-77.12671024599996, 38.85823487300007], [-77.12678667099993, 38.85856334500005], [-77.12680425399998, 38.85868149400005], [-77.12675871399995, 38.858708394000075], [-77.12659963099998, 38.858808467000074], [-77.12657555999994, 38.858827518000055], [-77.12654010399996, 38.85884500700007], [-77.12650382199996, 38.85885976800006], [-77.12647022199997, 38.85887200700006], [-77.12645611099998, 38.85887527500006], [-77.12644287099994, 38.858878909000055], [-77.12642517199998, 38.85888427700007], [-77.12641195099997, 38.85888876300004], [-77.12639957099998, 38.858893314000056], [-77.12638720099994, 38.85889739800007], [-77.12637220599998, 38.85890279700004], [-77.12635801599998, 38.85890837000005], [-77.12634474599997, 38.85891354300003], [-77.12633235799996, 38.858918533000065], [-77.12631733799998, 38.858923437000044], [-77.12630319399995, 38.858928407000064], [-77.12628818199994, 38.858932872000025], [-77.12627403099998, 38.85893819900008], [-77.12626164099999, 38.85894329900003], [-77.12625191799998, 38.85894670000005], [-77.12624749899999, 38.85894818600008], [-77.12623160999993, 38.858954426000025], [-77.12621830899997, 38.85895943300005], [-77.12620505699994, 38.85896364400003], [-77.12619267399998, 38.85896838700006], [-77.12617763699996, 38.85897414200008], [-77.12616524399994, 38.85897940700005], [-77.12615285599998, 38.85898439700003], [-77.12614133699998, 38.85898986500007], [-77.12612894699998, 38.858994937000034], [-77.12611477699994, 38.85900130700003], [-77.12610235399995, 38.85900810900006], [-77.12609077099995, 38.859015086000056], [-77.12607926899994, 38.859021487000064], [-77.12606682699999, 38.859029305000035], [-77.12605440699997, 38.85903594200005], [-77.12604197599995, 38.85904318400003], [-77.12603043699994, 38.85904966700008], [-77.12601711599996, 38.85905755700003], [-77.12600556199999, 38.85906480800003], [-77.12599401199998, 38.859071895000056], [-77.12598157599996, 38.85907938400004], [-77.12596999899995, 38.85908789800004], [-77.12595930999998, 38.85909584700005], [-77.12595037699998, 38.85910381600007], [-77.12594055899996, 38.85911218600006], [-77.12592987499994, 38.85911988700008], [-77.12592180999997, 38.859128361000046], [-77.125912009, 38.85913579800007], [-77.12590215199998, 38.85914436000007], [-77.12588881899995, 38.85915466600005], [-77.125879893, 38.85916227800004], [-77.12586656599996, 38.85917044300004], [-77.12585237699994, 38.85917774600006], [-77.12583731299998, 38.859184957000025], [-77.12582489499994, 38.85919151200005], [-77.12581158099994, 38.85919899000004], [-77.12579739399996, 38.85920621100007], [-77.12577346299997, 38.859217931000046], [-77.12575929199994, 38.85922430100004], [-77.12574600099998, 38.85923057100007], [-77.12573447099999, 38.859236614000054], [-77.12572119699996, 38.85924203400003], [-77.12570787899995, 38.85924789200004], [-77.12569555199997, 38.85925332200003], [-77.12568312599996, 38.859258504000024], [-77.12566899599994, 38.85926270500005], [-77.12565575199994, 38.85926658600005], [-77.12563986999999, 38.85927060200004], [-77.12562487899999, 38.859273941000026], [-77.12560815999996, 38.859277700000064], [-77.12559403499995, 38.859279841000046], [-77.12557906399996, 38.859282165000025], [-77.12556496999997, 38.85928449900007], [-77.12554825899997, 38.85928600600005], [-77.12553242099995, 38.85928771500005], [-77.12551835899995, 38.85928840200006], [-77.12550344399995, 38.85928781500007], [-77.12548591899997, 38.85928596200006], [-77.12547187599995, 38.85928563300007], [-77.12545606499998, 38.85928597000003], [-77.12544113999996, 38.85928587700005], [-77.12542620699998, 38.859286197000074], [-77.12540955999998, 38.85928619400005], [-77.12539197899997, 38.85928538400003], [-77.12537794499997, 38.859284616000025], [-77.12536129099993, 38.85928313000005], [-77.12534552399995, 38.85928116100007], [-77.12532884799998, 38.85927898800003], [-77.12531312599998, 38.859276470000054], [-77.12529648999998, 38.85927405100006], [-77.12528160299996, 38.85927198200005], [-77.12526759699995, 38.85926975800004], [-77.12523870099994, 38.85926557500005], [-77.12522290699997, 38.85926506100003], [-77.12520711099995, 38.85926460100006], [-77.12519130799996, 38.85926449900006], [-77.12517638099996, 38.85926451600005], [-77.12516144499995, 38.859265], [-77.12514385299994, 38.85926660700005], [-77.12512800699994, 38.85926875500007], [-77.12511128299997, 38.85927094800007], [-77.12509544899996, 38.85927246600005], [-77.12507699099996, 38.859273458000075], [-77.12506379399997, 38.85927484100006], [-77.12504794499995, 38.85927715400004], [-77.12503124499995, 38.85927987000008], [-77.12501713299997, 38.85928132400005], [-77.125003011, 38.85928332800006], [-77.12498720899998, 38.859285011000054], [-77.12497400399997, 38.859286833000056], [-77.12495730199998, 38.85928784600003], [-77.12494060799997, 38.85928841900005], [-77.12492743999996, 38.85928826500003], [-77.12491163099997, 38.859288519000074], [-77.12489761599994, 38.85928860200005], [-77.12488090799997, 38.85928807700003], [-77.12486425699996, 38.85928639900004], [-77.12484846699994, 38.85928563700003], [-77.12483356699994, 38.859284255000034], [-77.12481865999996, 38.85928322900003], [-77.12480374899997, 38.85928236800004], [-77.12478794699996, 38.85928226500005], [-77.12477213199998, 38.859282766000035], [-77.12475719899999, 38.85928311300006], [-77.12474049199994, 38.85928437300004], [-77.12472641599999, 38.859285828000054], [-77.12471233199994, 38.85928764000005], [-77.12469733799998, 38.85929114400005], [-77.12468234799996, 38.85929448400003], [-77.12459691099997, 38.85930842100004], [-77.12459514599993, 38.85930884000004], [-77.12458191499996, 38.85931203500007], [-77.12456605099999, 38.85931509000005], [-77.12455282599996, 38.85931795500005], [-77.12453870799999, 38.85932155200004], [-77.12452545599996, 38.85932579100006], [-77.12450866899997, 38.85933125100007], [-77.12449455399997, 38.85933468300004], [-77.12448131799994, 38.85933812500008], [-77.12447687099996, 38.859339254000076], [-77.12441288399998, 38.858431892000056], [-77.12333466399997, 38.858419007000066], [-77.12281404099997, 38.85840543200004], [-77.12247119199998, 38.85839240200005], [-77.12240719899995, 38.85837056200006], [-77.12236231099996, 38.85836157700004], [-77.12228357499998, 38.858355765000056], [-77.12224715199994, 38.85835407400003], [-77.12176934699994, 38.858362224000075], [-77.12086352999995, 38.85834609500006], [-77.12046231199997, 38.858336603000055], [-77.12032384899999, 38.85833920500005], [-77.12023729899994, 38.85840189600003], [-77.11993033499994, 38.85847517800005], [-77.11989696399996, 38.858384166000064], [-77.11964235299996, 38.85847453900004], [-77.11915662499996, 38.85889446700003], [-77.11901096899999, 38.85898060000005], [-77.11894106899996, 38.859017564000055], [-77.11872541999998, 38.85887533500005], [-77.11864632699996, 38.858961097000076], [-77.11862104999994, 38.858984279000026], [-77.11864422599996, 38.85923993500006], [-77.11867273499996, 38.859583529000076], [-77.11869294699994, 38.859808944000065], [-77.11873107499997, 38.86020207900003], [-77.11881191999998, 38.861083912000026], [-77.11880451299999, 38.861085555000045], [-77.11879036399995, 38.861090716000035], [-77.11877795499998, 38.86109674900007], [-77.11876638699994, 38.86110474100008], [-77.11875744399998, 38.86111314900006], [-77.11875021799995, 38.86112360900006], [-77.11874562799994, 38.86113401700004], [-77.11874191399994, 38.86114446300007], [-77.11873557399997, 38.86115452200005], [-77.11872833599995, 38.86116564100007], [-77.11872199199996, 38.86117589100007], [-77.11871387999997, 38.861186780000025], [-77.11870579399994, 38.86119629600006], [-77.11869856099997, 38.861207113000034], [-77.11869307799998, 38.86121828000006], [-77.11868497399996, 38.86122875700005], [-77.11867593999995, 38.86124194100006], [-77.11866870699998, 38.861252758000035], [-77.11866064099996, 38.86126125800007], [-77.11865342799996, 38.86127103200005], [-77.11864706699998, 38.861282188000075], [-77.11863893499998, 38.861294120000025], [-77.11863348099996, 38.86130375000005], [-77.11862800199998, 38.86131467000007], [-77.11862078599995, 38.861324608000075], [-77.11861440699994, 38.86133672500006], [-77.11860633099997, 38.86134572000003], [-77.11859912799997, 38.86135499900007], [-77.11859100599997, 38.86136641000007], [-77.11858378399995, 38.86137662200008], [-77.11857919399995, 38.86138700300006], [-77.11856921999998, 38.86140157700004], [-77.11855844199994, 38.86141595000004], [-77.11855208499998, 38.86142685900006], [-77.11854748399998, 38.861437789000036], [-77.11854287699998, 38.86144907600004], [-77.11854004499997, 38.861459368000055], [-77.11853347699997, 38.861481232000074], [-77.11853061599999, 38.861493034000034], [-77.11852862199999, 38.86150536800005], [-77.11852838399994, 38.86151772200003], [-77.11852728499997, 38.861529215000076], [-77.11852792699995, 38.861541498000065], [-77.11853122699995, 38.86155252100008], [-77.11853538899999, 38.861564405000024], [-77.11854727899998, 38.86158530500006], [-77.11855325799996, 38.86159586600007], [-77.11855827399995, 38.86160715600005], [-77.11856924499995, 38.86163018700006], [-77.11857517499999, 38.861641434000035], [-77.11858025399994, 38.86165126900005], [-77.11858531299998, 38.86166214800005], [-77.11859038799997, 38.86167223100006], [-77.11859633099994, 38.86168276400008], [-77.11860227999995, 38.86169304900005], [-77.11860909799998, 38.86170378400004], [-77.11861328099997, 38.86171454300006], [-77.11861566599998, 38.86172566500005], [-77.11861637099997, 38.86173652000008], [-77.11861523199997, 38.861748205000026], [-77.11861418299998, 38.861758930000065], [-77.11861133099995, 38.86177023700003], [-77.11860673799998, 38.86178078300003], [-77.11860302299993, 38.86179131200004], [-77.11859667699997, 38.86180164500007], [-77.11858682499997, 38.86181171700008], [-77.11857787799994, 38.86182037100008], [-77.11856713999998, 38.861830817000055], [-77.11855469899996, 38.86184028200006], [-77.11854485099997, 38.86184829500007], [-77.11853239999994, 38.86185649600003], [-77.11851909099994, 38.861863699000025], [-77.11849424199994, 38.86187732900004], [-77.11847116899997, 38.861889992000044], [-77.11844542699998, 38.861904380000055], [-77.11843212999997, 38.86191092400003], [-77.11842060599997, 38.86191661000004], [-77.11840376599997, 38.86192473300008], [-77.11839049099996, 38.861930151000024], [-77.11837807199998, 38.86193670500006], [-77.11836389699994, 38.86194323900003], [-77.11835150499996, 38.86194833800005], [-77.11833998299994, 38.86195394200007], [-77.11831346699995, 38.86196477900006], [-77.11829925499995, 38.86197139400008], [-77.11828687199994, 38.861976054000024], [-77.11827009999996, 38.861980662000065], [-77.11825685599996, 38.86198446100008], [-77.11824095499998, 38.861989409000046], [-77.11822679699998, 38.86199509100004], [-77.11821176199999, 38.86200065400004], [-77.11819585599994, 38.86200590400006], [-77.11817905899994, 38.86200996200006], [-77.11816584199994, 38.86201420000003], [-77.11815260399999, 38.86201764200007], [-77.11813850499993, 38.86202022200007], [-77.11812353999994, 38.862022188000026], [-77.11810948099998, 38.86202270900003], [-77.11809194299997, 38.86202148600006], [-77.11806392699998, 38.86201720200006], [-77.11804728999994, 38.862014782000074], [-77.11803151499998, 38.862013223000076], [-77.11801660699996, 38.86201219700007], [-77.11800258099998, 38.862010988000065], [-77.11798766399994, 38.862010456000064], [-77.11797276099998, 38.86200923700005], [-77.11795869599996, 38.86201003200006], [-77.11794197799998, 38.86201181300004], [-77.11792793099994, 38.86201354200006], [-77.11791554099995, 38.86201674600005], [-77.11790055499995, 38.86201981000005], [-77.11787319999996, 38.86202679300004], [-77.11785907899997, 38.86203049900007], [-77.11784230899997, 38.86203502400008], [-77.11782993099996, 38.86203941000008], [-77.11781577299996, 38.86204509200007], [-77.11779011999994, 38.862054896000075], [-77.11777686699998, 38.86205913300006], [-77.11776362299997, 38.86206293200007], [-77.11774950699998, 38.862066363000054], [-77.11773628599997, 38.86206895300006], [-77.11772042399997, 38.86207192400008], [-77.11770627799996, 38.862075108000056], [-77.11769043199996, 38.86207904100007], [-77.11767719099998, 38.86208267400008], [-77.11764897099994, 38.86208896000005], [-77.11763486099994, 38.86209211700003], [-77.11761989599995, 38.862094110000044], [-77.11759261099996, 38.86209746800006], [-77.11757675899997, 38.862099863000026], [-77.11756180699996, 38.86210114200003], [-77.11754860899998, 38.86210252500007], [-77.11753452799996, 38.862104171000055], [-77.11751954999994, 38.86210501100004], [-77.11750202599995, 38.862104860000045], [-77.11748798399998, 38.86210447500008], [-77.11747307099995, 38.86210377700007], [-77.11745813899995, 38.86210398600008], [-77.11744059099993, 38.862103312000045], [-77.11742657599996, 38.86210152700005], [-77.11740990799996, 38.86210072700004], [-77.11739497399998, 38.862101073000076], [-77.11737916399994, 38.86210129800003], [-77.11736598899995, 38.86210150000005], [-77.11734840499997, 38.86210269400004], [-77.11733171799995, 38.86210285400006], [-77.11731589599998, 38.86210373900008], [-77.11730007899996, 38.86210432100006], [-77.11728602299996, 38.86210467800004], [-77.11727196899994, 38.86210492400005], [-77.11725790999998, 38.862105445000054], [-77.11724210399996, 38.86210545100005], [-77.11722719599999, 38.86210447900004], [-77.11721141799995, 38.86210303000007], [-77.11719566599999, 38.86210026300006], [-77.11718161799996, 38.862098368000034]]]]}}, {"type": "Feature", "properties": {"OBJECTID": 47, "CIVIC": "Fairlington", "COLOR": 1, "LABEL": "Fairlington", "GIS_ID": 30, "Pdf": "Fairlington", "SHAPE_Length": 0.05953356227072552, "SHAPE_Area": 0.00014217982640063137}, "geometry": {"type": "MultiPolygon", "coordinates": [[[[-77.09976283199995, 38.84239112400007], [-77.09731632599994, 38.84047030000005], [-77.09724352599994, 38.840519381000036], [-77.09716645399999, 38.84056429200007], [-77.09706700899994, 38.84061313700005], [-77.09696246699997, 38.84065505600006], [-77.09683352099995, 38.84069520000003], [-77.09676252999998, 38.84071280500007], [-77.09666975999994, 38.84073089100008], [-77.09659655999997, 38.840741165000054], [-77.09652272199997, 38.84074810800007], [-77.09642724299994, 38.84075207400008], [-77.09629984999998, 38.84074868400006], [-77.09618399899995, 38.840736863000075], [-77.09420974399995, 38.83916993300005], [-77.09398718499995, 38.839776898000025], [-77.09213972199996, 38.83944719100003], [-77.09075759199999, 38.83920270600004], [-77.09074139399996, 38.83931235600005], [-77.08925034599997, 38.83925050600004], [-77.08925026699995, 38.83924202000003], [-77.08925008299997, 38.839233559000036], [-77.08924975799994, 38.839225070000055], [-77.08924929199998, 38.839216607000026], [-77.08924872099993, 38.839208142000075], [-77.08924793899996, 38.83919970200003], [-77.089247087, 38.83919126100005], [-77.08924609399998, 38.83918281900003], [-77.08924496099996, 38.83917437500003], [-77.08924368599997, 38.839165956000045], [-77.08924227099999, 38.83915756400006], [-77.08924075099998, 38.83914917000004], [-77.08923905399996, 38.83914080100004], [-77.08923725299996, 38.83913243200004], [-77.08923530999994, 38.83912408700007], [-77.08923326099995, 38.839115797000034], [-77.08923107199996, 38.839107478000074], [-77.08922874099994, 38.839099211000075], [-77.08922655299995, 38.83909083700007], [-77.08922422499995, 38.83908246100003], [-77.08922182499998, 38.83907413900005], [-77.08921924899994, 38.839065842000025], [-77.08921656799998, 38.83905754400007], [-77.08921378099996, 38.839049300000056], [-77.08921085299994, 38.83904105400006], [-77.08920781899997, 38.83903286100008], [-77.08920464499994, 38.83902464000005], [-77.08920136299997, 38.83901652700007], [-77.08919794099995, 38.839008412000055], [-77.08919441399996, 38.83900032400004], [-77.08919074499994, 38.838992261000044], [-77.08918696999996, 38.838984252000046], [-77.08918308899996, 38.83897626900006], [-77.08917906699998, 38.83896831200008], [-77.08917493799999, 38.83896040900004], [-77.08917070399997, 38.838952532000064], [-77.08916636399994, 38.838944681000044], [-77.08916188299997, 38.83893688300003], [-77.08915725999998, 38.838929138000026], [-77.08915256599994, 38.83892142000008], [-77.08914773099997, 38.83891375500008], [-77.08914278899994, 38.83890614400008], [-77.08913774099994, 38.83889855900003], [-77.08913258799998, 38.838891028000035], [-77.08912732699997, 38.83888355000005], [-77.08912192599996, 38.83887609800007], [-77.08911645299997, 38.83886872800008], [-77.08911083899994, 38.83886138300005], [-77.08910511899995, 38.838854092000076], [-77.08909929199996, 38.83884685500004], [-77.08909332299999, 38.83883969800007], [-77.08908731899999, 38.83883256900003], [-77.08908117299995, 38.83882549200007], [-77.08907495499994, 38.838818497000034], [-77.08906859599995, 38.838811528000065], [-77.08906213099993, 38.838804613000036], [-77.08905559299996, 38.83879780600006], [-77.08885258399994, 38.83858666300006], [-77.08868979599998, 38.83841735200008], [-77.08847554799996, 38.83852347100003], [-77.08737847099997, 38.83828948800004], [-77.08728904399999, 38.83829475500005], [-77.08713326499998, 38.83836911100008], [-77.08664127999998, 38.83860456900004], [-77.08641232499997, 38.838684415000046], [-77.08628112099996, 38.838746352000044], [-77.08606950799998, 38.83876920400007], [-77.08593946499997, 38.83877400800003], [-77.08569600699997, 38.83876470400003], [-77.08546186699994, 38.83872978000005], [-77.08467188099996, 38.838528772000075], [-77.08467316099996, 38.83846384200007], [-77.08467420299996, 38.83845553400005], [-77.08467732999998, 38.83829690300007], [-77.08467661699996, 38.83828854600006], [-77.08467924999997, 38.83815498000007], [-77.08467853699995, 38.838146651000045], [-77.08467985499993, 38.83807979900007], [-77.08467914099998, 38.838071470000045], [-77.08468029299996, 38.83801304700006], [-77.08467957899995, 38.838004718000036], [-77.08468056699996, 38.83795461400007], [-77.08467985299995, 38.837946284000054], [-77.08468018299999, 38.837929537000036], [-77.08467031699996, 38.83753947300005], [-77.08466960499999, 38.83753106100005], [-77.08466977099994, 38.83752266000005], [-77.08466905899996, 38.83751424900004], [-77.08466922399998, 38.83750590200003], [-77.08466851199995, 38.83749749100008], [-77.08466884299997, 38.837480689000074], [-77.08466813099994, 38.837472250000076], [-77.08466829699995, 38.83746384900007], [-77.08466754999995, 38.837455437000074], [-77.08466788199996, 38.837438580000025], [-77.08466720399997, 38.83743022300007], [-77.08466769999995, 38.83740507500005], [-77.08466698899997, 38.83739663600005], [-77.08466765199995, 38.83736300400005], [-77.08466693999998, 38.83735459300004], [-77.08466925799996, 38.83723697800008], [-77.08467030199995, 38.83722856000003], [-77.08467113099994, 38.83718652700003], [-77.08467217399993, 38.83717813700008], [-77.08467250299998, 38.83716141700006], [-77.08467351199994, 38.83715299900007], [-77.08467384299996, 38.83713619700006], [-77.08467492199998, 38.83712780700006], [-77.08467508799998, 38.83711937800007], [-77.08472798799994, 38.83639504700005], [-77.08472729999994, 38.83638542800003], [-77.08472768199994, 38.836366045000034], [-77.08472985099996, 38.83634684800006], [-77.08473176099994, 38.83633726000005], [-77.08473370399997, 38.836327754000024], [-77.08473655899996, 38.83631826000004], [-77.08482645199996, 38.83603100400006], [-77.08482928499996, 38.83602263500006], [-77.08483116899998, 38.83601433700005], [-77.08483396699995, 38.83600596800005], [-77.08483592399995, 38.83599753300007], [-77.08483868499997, 38.83598927300005], [-77.08484148399998, 38.83598090400005], [-77.08484427999997, 38.83597261700004], [-77.08484619899997, 38.83596432000007], [-77.08484896299996, 38.83595592200004], [-77.08485459099995, 38.83593934900006], [-77.08485651199999, 38.83593096900006], [-77.08488447899998, 38.83584807200003], [-77.08488727399998, 38.83583986800005], [-77.08489286799994, 38.835823266000034], [-77.08489566299994, 38.83581506200005], [-77.08489933599998, 38.83580681300003], [-77.08490213299996, 38.83579849800003], [-77.08490492799996, 38.83579029400005], [-77.08490777399999, 38.83577950800003], [-77.08491144499999, 38.83577142400003], [-77.08491702799995, 38.83575534500005], [-77.08492069899995, 38.83574723300006], [-77.08492628199997, 38.83573118100003], [-77.08492995299997, 38.83572306900004], [-77.08493553599999, 38.83570698900007], [-77.08493920499996, 38.83569898800005], [-77.08494199699999, 38.83569092000005], [-77.08494566799999, 38.835682836000046], [-77.08495125099995, 38.83566675600008], [-77.08495491999997, 38.835658754000065], [-77.08495771199995, 38.83565071500004], [-77.08496138099997, 38.83564268500004], [-77.08496417299995, 38.83563464500003], [-77.08496784099998, 38.83562664400006], [-77.08497063299995, 38.83561860400005], [-77.08497430299997, 38.835610547000044], [-77.08497712899998, 38.83560253500008], [-77.08498076299998, 38.83559453300006], [-77.08498358999998, 38.83558649300005], [-77.08498722399997, 38.83557846400004], [-77.08498997999999, 38.835570423000036], [-77.08499368499997, 38.83556239500007], [-77.08499644099999, 38.835554382000055], [-77.08500014399993, 38.835546435000026], [-77.08500293499998, 38.83553842300006], [-77.08500660399994, 38.835530394000045], [-77.08500939599998, 38.835522354000034], [-77.08501306499994, 38.83551432400003], [-77.08501585499994, 38.83550639400005], [-77.08502319299998, 38.83549033600008], [-77.08502601999999, 38.835482296000066], [-77.08502965199995, 38.835474376000036], [-77.08503247899995, 38.83546633700007], [-77.08503611299994, 38.83545830700007], [-77.08503977999999, 38.83545038800003], [-77.08504257199996, 38.83544234800007], [-77.08504623899995, 38.83543440100004], [-77.08504990899996, 38.83542637200003], [-77.08505269799997, 38.83541844200005], [-77.08505636699994, 38.835410412000044], [-77.08519948599996, 38.83509633700004], [-77.08520315199996, 38.83508850000004], [-77.08520681899995, 38.83508055300007], [-77.08521048499995, 38.835072688000025], [-77.08521415199993, 38.83506476900004], [-77.08521694199999, 38.83505681100007], [-77.08522427699995, 38.83504094500006], [-77.08522710399996, 38.83503290500005], [-77.08523073599997, 38.835024986000064], [-77.08523356299997, 38.83501694600005], [-77.08523719699997, 38.83500891600005], [-77.08524557099997, 38.83498482400006], [-77.08524924199997, 38.83497671300006], [-77.08525203399995, 38.83496867300005], [-77.08525761999994, 38.834952428000065], [-77.08525953599997, 38.83494432300006], [-77.08526512199995, 38.834928078000075], [-77.08526791699995, 38.834919874000036], [-77.08526983299998, 38.83491174100004], [-77.08527262799998, 38.83490353600007], [-77.08527454299997, 38.834895404000065], [-77.08527733799997, 38.834887199000036], [-77.08528500799997, 38.83485433800007], [-77.08528780399996, 38.834846051000056], [-77.08528968699994, 38.83483783600008], [-77.08529076299999, 38.83482952800006], [-77.08529268099994, 38.83482131300008], [-77.08529459999994, 38.834813015000066], [-77.085296482, 38.83480480000003], [-77.08529843599996, 38.834796503000064], [-77.08529947799997, 38.834788167000056], [-77.08530139699997, 38.834779870000034], [-77.08530347999994, 38.834763226000064], [-77.08530539899994, 38.83475495600004], [-77.08530643999995, 38.83474664800008], [-77.08530748299995, 38.834738257000026], [-77.08530956699997, 38.834721614000046], [-77.08531060999996, 38.83471322300005], [-77.08531269299993, 38.83469660700007], [-77.08531373599999, 38.834688216000075], [-77.08531477799994, 38.834679881000056], [-77.08531494299996, 38.834671480000054], [-77.08531598599996, 38.83466308900006], [-77.08531614999998, 38.83465477100003], [-77.08531719299998, 38.83464638000004], [-77.08531735899999, 38.83463795200004], [-77.08531840099994, 38.83462964300003], [-77.08531972299994, 38.83456254500004], [-77.08531900899999, 38.83455421600007], [-77.08531917499994, 38.83454581500007], [-77.08532308199995, 38.83399115000003], [-77.08525038299996, 38.831266146000075], [-77.08525088, 38.83124091600007], [-77.08525016799996, 38.83123250400007], [-77.08525149099995, 38.83116532300005], [-77.08525253499994, 38.831156932000056], [-77.08525319699999, 38.83112330100005], [-77.08525423899994, 38.83111496500004], [-77.08525456999996, 38.831098163000036], [-77.08525561299996, 38.83108977300003], [-77.08525594499997, 38.83107294300004], [-77.08525698799997, 38.83106455300003], [-77.08525715299999, 38.83105615100004], [-77.08525819499994, 38.83104784300008], [-77.08525836099994, 38.83103941500008], [-77.08525943899997, 38.83103102500007], [-77.08525960499998, 38.83102262400007], [-77.08526165599994, 38.831005815000026], [-77.08526181999997, 38.830997496000066], [-77.08526390599997, 38.83098071500007], [-77.08526407199997, 38.830972287000066], [-77.08526511299993, 38.830963979000046], [-77.08526723499995, 38.83094719800005], [-77.08526739999996, 38.830938797000044], [-77.08526840699994, 38.83093046100004], [-77.08527049299994, 38.83091368000004], [-77.08527153399996, 38.830905372000075], [-77.08527257699996, 38.83089698100008], [-77.08527361899996, 38.83088864600006], [-77.08527570499996, 38.83087186500006], [-77.08527674699997, 38.830863529000055], [-77.08527778999996, 38.83085513900005], [-77.08527883199997, 38.83084683100003], [-77.08527987499997, 38.830838440000036], [-77.08528175899994, 38.830830142000025], [-77.08528283699997, 38.83082175200008], [-77.08528387799998, 38.83081344400006], [-77.08528595799999, 38.830796992000046], [-77.08528787499995, 38.830788777000066], [-77.08529099399993, 38.83076410000007], [-77.08529290999996, 38.83075596700007], [-77.08529394999994, 38.83074774100004], [-77.08529586699996, 38.83073952600006], [-77.08529794599997, 38.83072307500004], [-77.08529986199994, 38.83071494200004], [-77.08530090199997, 38.830706716000066], [-77.08530281899993, 38.83069850100003], [-77.08530473499997, 38.830690368000035], [-77.08530577399995, 38.83068214200006], [-77.08530768999998, 38.83067401000005], [-77.08530872999995, 38.830665784000075], [-77.08531064499994, 38.830657651000024], [-77.08531256299995, 38.830649436000044], [-77.08531447799999, 38.83064130300005], [-77.08531551599998, 38.830633187000046], [-77.08531743299994, 38.83062497200007], [-77.08532126399996, 38.83060870600008], [-77.08532318199997, 38.83060049100004], [-77.08533850599997, 38.830535456000064], [-77.08534129899994, 38.83052733400007], [-77.08534321399998, 38.83051925600006], [-77.08534704499993, 38.83050301800006], [-77.08534983799996, 38.83049489500007], [-77.08535175099996, 38.83048687200005], [-77.08535366699994, 38.830478740000046], [-77.08535645799998, 38.830470700000035], [-77.08535837399995, 38.83046256700004], [-77.08536116499994, 38.83045452700003], [-77.085363079, 38.830446504000065], [-77.08536587199995, 38.83043835400008], [-77.08536778599995, 38.83043033100006], [-77.08537061299995, 38.83042229200004], [-77.08537249099999, 38.83041426800003], [-77.08537528399995, 38.83040614600003], [-77.08537807499994, 38.830398106000075], [-77.08537998899999, 38.830390056000056], [-77.08538277899999, 38.830382126000075], [-77.08538836199995, 38.83036604600005], [-77.08539027599994, 38.83035799600003], [-77.08539306699998, 38.830349983000076], [-77.08539585699998, 38.83034202600004], [-77.08539864799997, 38.83033398600003], [-77.08540143799996, 38.83032602800006], [-77.08540422899995, 38.830318016000035], [-77.08540701899994, 38.830310058000066], [-77.08540980999999, 38.830302018000054], [-77.08541817899999, 38.830278201000056], [-77.08542096999997, 38.830270161000044], [-77.08542463699996, 38.83026221400007], [-77.08542742699996, 38.830254284000034], [-77.08543021399998, 38.83024643600004], [-77.08543296899995, 38.83023847800007], [-77.08543667199996, 38.83023053200003], [-77.08543946099996, 38.83022257400006], [-77.08544224899998, 38.830214726000065], [-77.08544591599997, 38.830206780000026], [-77.08544870599997, 38.83019882200006], [-77.08545149399998, 38.83019097400006], [-77.08545515999998, 38.830183110000064], [-77.08545794899999, 38.83017515200004], [-77.08546161499999, 38.83016731500004], [-77.08546440199996, 38.830159467000044], [-77.08547173399995, 38.83014373800006], [-77.08547452099998, 38.830135891000054], [-77.08548181699996, 38.83012018800008], [-77.08548463799997, 38.83011242300006], [-77.08549196899997, 38.830096722000064], [-77.08549563299994, 38.83008896700005], [-77.08549929799995, 38.830081102000065], [-77.08550208399998, 38.83007336500003], [-77.08552773099996, 38.83001897100007], [-77.08553227199997, 38.83001122700006], [-77.08553593399995, 38.83000352700003], [-77.08553959799997, 38.829995773000064], [-77.08554692099995, 38.829980428000056], [-77.08555058499996, 38.829972646000044], [-77.08555512499998, 38.82996498400007], [-77.08556244899995, 38.829949612000064], [-77.08556698899997, 38.829941950000034], [-77.08557064999997, 38.82993427700006], [-77.08557518799995, 38.829926698000065], [-77.08557881499996, 38.82991902500004], [-77.08578165699998, 38.82954462400005], [-77.08625283499998, 38.828674926000076], [-77.08639947299997, 38.82871788400007], [-77.08641305099997, 38.82869511700005], [-77.08641758699997, 38.82868762000004], [-77.08642212499996, 38.82868004100004], [-77.08645384099998, 38.82862756000003], [-77.08645928799996, 38.828620157000046], [-77.08646382299997, 38.828612742000075], [-77.08646835799993, 38.82860524500006], [-77.08647376999994, 38.82859784000004], [-77.08647830499996, 38.82859042600006], [-77.08648283699995, 38.82858309300008], [-77.08648824899996, 38.828575717000035], [-77.08649278299998, 38.828568302000065], [-77.08649819299995, 38.82856098000008], [-77.08650272599994, 38.828553648000025], [-77.08651354499995, 38.82853903100005], [-77.08651807799998, 38.82853169900005], [-77.08652348799995, 38.828524377000065], [-77.08652889599995, 38.82851716500005], [-77.08653342899999, 38.828509833000055], [-77.08656047099998, 38.82847369000007], [-77.08657128399994, 38.82845940300007], [-77.08657669199994, 38.828452164000055], [-77.08658750599994, 38.828437877000056], [-77.08659290999998, 38.82843083000006], [-77.08660368899996, 38.82841654300006], [-77.08661000599994, 38.82840947900007], [-77.08662622099996, 38.828388337000035], [-77.08663253699996, 38.82838135500003], [-77.08663790599996, 38.828374308000036], [-77.08664418699993, 38.82836735300003], [-77.08664959199996, 38.82836027900004], [-77.08665499499995, 38.828353314000026], [-77.08666127599997, 38.82834633200008], [-77.08666667799997, 38.828339449000055], [-77.08667295899994, 38.82833246700005], [-77.08667923699994, 38.82832562300007], [-77.08668463899994, 38.82831874000004], [-77.08669719699998, 38.82830499600004], [-77.08670259899998, 38.828298086000075], [-77.08670887799997, 38.828291214000046], [-77.08673402299996, 38.828264029000024], [-77.08673938699997, 38.82825725500004], [-77.08674566299999, 38.82825054800003], [-77.08675193999994, 38.82824375900003], [-77.08677076599997, 38.82822366400006], [-77.08677791799994, 38.828217050000035], [-77.08678419399996, 38.828210342000034], [-77.08680301499999, 38.82819049500006], [-77.08681016699995, 38.82818388100003], [-77.08681643899996, 38.828177366000034], [-77.08682271299995, 38.828170741000065], [-77.08682986199995, 38.82816420900008], [-77.08684240699995, 38.82815115100004], [-77.08684955699994, 38.82814461900006], [-77.08685582699997, 38.82813818600005], [-77.08686297499997, 38.828131737000035], [-77.08686924499995, 38.828125304000025], [-77.08687642899997, 38.82811885500007], [-77.08688269899994, 38.82811242200006], [-77.08688981199998, 38.82810597200006], [-77.08689695799995, 38.82809963200003], [-77.08690322699994, 38.828093282000054], [-77.08691751999999, 38.82808057500006], [-77.08692382599997, 38.82807411500005], [-77.08693093699998, 38.82806777500008], [-77.08693808099997, 38.82806151700004], [-77.08694522799993, 38.82805515000007], [-77.08697380599995, 38.82803009200006], [-77.08700237799997, 38.828005365000024], [-77.08700951899993, 38.827999299000055], [-77.08701666099995, 38.827993124000045], [-77.08702380299997, 38.82798703200007], [-77.08703090699998, 38.82798102100003], [-77.08703896099996, 38.82797493900006], [-77.08705323999999, 38.827962918000026], [-77.08706125799995, 38.82795689100004], [-77.08706839399997, 38.82795101800008], [-77.08707641199999, 38.82794499100004], [-77.08709068699994, 38.82793316200008], [-77.08709870099995, 38.827927327000054], [-77.08710671599994, 38.82792143700004], [-77.08711385199996, 38.82791559100008], [-77.08712186499997, 38.82790983900003], [-77.087129, 38.82790402000006], [-77.08714502399994, 38.82789254200003], [-77.08715215899997, 38.82788677900004], [-77.08716016999995, 38.827881054000045], [-77.08719221099994, 38.82785842700008], [-77.08720021999994, 38.82785286700005], [-77.08720735099996, 38.82784729600007], [-77.08721535899997, 38.82784173500005], [-77.08722336599999, 38.82783622900007], [-77.08723137499999, 38.827830669000036], [-77.08724025899994, 38.82782520100005], [-77.08724826399998, 38.82781980500005], [-77.08725627099994, 38.827814327000056], [-77.08728028599995, 38.82779814000003], [-77.08728916699994, 38.82779283700006], [-77.08731317799999, 38.827776896000046], [-77.08732205599995, 38.82777173100004], [-77.08733005799996, 38.827766472000064], [-77.08733893799996, 38.82776125200007], [-77.08734693899999, 38.827756048000026], [-77.08735497399994, 38.82775090000007], [-77.08736381699998, 38.827745761000074], [-77.08737181699996, 38.82774064000006], [-77.08738956899998, 38.827730528000075], [-77.08739756499995, 38.82772557200008], [-77.08741531299995, 38.82771568000004], [-77.08742418599996, 38.82771078800005], [-77.08743218199999, 38.82770583200005], [-77.08745879999998, 38.82769121300004], [-77.08746763499994, 38.827686432000064], [-77.08747566299996, 38.82768164000004], [-77.08750231099998, 38.827667269000074], [-77.08753775199995, 38.82764847300007], [-77.08757322099996, 38.82763003500003], [-77.08758296599996, 38.82762542900008], [-77.08760956299994, 38.827611853000064], [-77.08761842699994, 38.82760740200007], [-77.08762729299997, 38.82760286700005], [-77.08763703399995, 38.827598454000054], [-77.08764589699996, 38.827594057000056], [-77.08765475999996, 38.82758966000006], [-77.08766449999996, 38.827585301000056], [-77.08767336399995, 38.82758084900007], [-77.08768222499998, 38.827576589000046], [-77.08769196399999, 38.82757225800003], [-77.08770082599995, 38.82756788800003], [-77.08770968699997, 38.82756362900005], [-77.08771942499999, 38.82755935200004], [-77.08772828399998, 38.82755517500004], [-77.08773802199994, 38.82755092600007], [-77.08775570499995, 38.82754254300005], [-77.08776547599996, 38.82753837700005], [-77.08777433299997, 38.827534282000045], [-77.08779380199996, 38.82752611300003], [-77.08780262399995, 38.827522018000025], [-77.08781239399997, 38.827517906000026], [-77.08782124999993, 38.82751389400005], [-77.08784071599996, 38.827505890000054], [-77.08784953499998, 38.827501959000074], [-77.08785930299996, 38.82749795700005], [-77.08786903299995, 38.82749406500005], [-77.08787788599994, 38.82749021700005], [-77.08788761699998, 38.82748629800005], [-77.08789824799999, 38.82748126300004], [-77.08790971699995, 38.82747824300003], [-77.08792114399995, 38.82747733700006], [-77.08793340599993, 38.82747861000007], [-77.08794654799993, 38.82747978500004], [-77.08795965399997, 38.82748279800006], [-77.08797184899998, 38.827487476000044], [-77.08798317099996, 38.827493709000066], [-77.08799264099997, 38.82750129200008], [-77.09012265899997, 38.82915808300004], [-77.09013043899995, 38.82916416300003], [-77.09034139999994, 38.829326767000055], [-77.09035091599998, 38.82933382900006], [-77.09260897399997, 38.83109094300005], [-77.09261675899995, 38.83109680300004], [-77.09283295999995, 38.83126311800004], [-77.09284069899996, 38.83126947200003], [-77.09306540599994, 38.83144791600006], [-77.09307231399998, 38.83145368300006], [-77.09329710899993, 38.83162946400006], [-77.09330485899994, 38.83163529600006], [-77.09331090399996, 38.831640339000046], [-77.09375853299997, 38.83198987500003], [-77.09548602799998, 38.83333876000006], [-77.09591494399996, 38.83366790400004], [-77.09592273599998, 38.83367343400005], [-77.09593052999998, 38.83367885500007], [-77.09593916399996, 38.833684368000036], [-77.09594699099995, 38.83368987100005], [-77.09595478499995, 38.833695265000074], [-77.09596257699997, 38.83370076800003], [-77.09597037099996, 38.833706188000065], [-77.09597816299998, 38.833711691000076], [-77.09598683399997, 38.83371712200005], [-77.09599462599994, 38.833722598000065], [-77.09600241999993, 38.833728019000034], [-77.09601021199995, 38.833733522000045], [-77.09601800499996, 38.833738942000025], [-77.09602667699994, 38.83374437300006], [-77.09603446899996, 38.83374984900007], [-77.09605005599997, 38.83376069000008], [-77.09605872599997, 38.83376620400003], [-77.09608990099997, 38.83378785900004], [-77.09609857199996, 38.833793290000074], [-77.09610636599996, 38.833798683000055], [-77.09611415799998, 38.833804186000066], [-77.09612195199998, 38.833809607000035], [-77.09613062299996, 38.83381503800007], [-77.09614621099996, 38.833825852000075], [-77.09615400599995, 38.83383119000007], [-77.09616271199997, 38.833836622000035], [-77.09618605799994, 38.83385285600008], [-77.09619472999998, 38.833858287000055], [-77.09620255999994, 38.83386359800005], [-77.09621031899997, 38.83386901800003], [-77.09621898999995, 38.833874449000064], [-77.09622678399995, 38.833879843000034], [-77.09623457999999, 38.83388518100003], [-77.09624237299994, 38.833890602000054], [-77.09625104599996, 38.83389592300006], [-77.09626659899999, 38.83390676400006], [-77.09627530699998, 38.83391211300005], [-77.09628310099998, 38.833917506000034], [-77.09629089599997, 38.83392284400003], [-77.09629956699996, 38.83392827500006], [-77.09631515799998, 38.83393892500004], [-77.09632295199998, 38.83394434500008], [-77.09633162499995, 38.83394966600008], [-77.09633941999994, 38.833955005000064], [-77.09634721399993, 38.83396042500004], [-77.09635588699996, 38.833965747000036], [-77.09637147799998, 38.833976423000024], [-77.09638015099995, 38.83398174400003], [-77.09638794499995, 38.83398716500005], [-77.09639573999993, 38.83399250300005], [-77.09640437799999, 38.83399782400005], [-77.09642000499997, 38.83400847400003], [-77.09642867699995, 38.83401382200003], [-77.09644430399999, 38.83402447200007], [-77.09645294099994, 38.83402984800006], [-77.09646073599998, 38.83403515900005], [-77.09646940999994, 38.834040480000056], [-77.09647720699996, 38.834045736000064], [-77.09648500299994, 38.83405104700006], [-77.09649367499998, 38.83405639500006], [-77.09650147099995, 38.834061734000045], [-77.09650926799998, 38.834066962000065], [-77.09651794099995, 38.83407231100006], [-77.09652573699998, 38.83407762200005], [-77.09653440899996, 38.834082970000054], [-77.09654217199994, 38.834088198000074], [-77.09655000199996, 38.83409353700006], [-77.09655867699996, 38.834098803000074], [-77.09656647199995, 38.83410411400007], [-77.09657514699995, 38.834109381000076], [-77.09658294299999, 38.834114691000025], [-77.09659073999995, 38.83411994700003], [-77.09659941299998, 38.83412526800004], [-77.09660720999995, 38.834130524000045], [-77.09661588299997, 38.83413587300004], [-77.09663147699996, 38.834146357000066], [-77.09664011499996, 38.83415167800007], [-77.09664794699995, 38.83415693500007], [-77.09665662199995, 38.83416217300004], [-77.09666441899998, 38.83416742900005], [-77.09667309399998, 38.834172668000065], [-77.09668088999996, 38.83417800700005], [-77.09668868699998, 38.83418323500007], [-77.09669736099994, 38.83418850100003], [-77.09670515899995, 38.83419373000004], [-77.09671383299997, 38.834198996000055], [-77.09672163099998, 38.834204225000065], [-77.09673030599998, 38.834209463000036], [-77.09673806799998, 38.834214719000045], [-77.09674677699996, 38.83421998600005], [-77.09675457499998, 38.83422521400007], [-77.09676324899993, 38.83423048000003], [-77.09677104699995, 38.83423570900004], [-77.09677884499996, 38.834240882000074], [-77.09678751999996, 38.834246121000035], [-77.09679531699999, 38.834251377000044], [-77.09680399199993, 38.83425661600006], [-77.09681182599996, 38.83426176300003], [-77.09682046599994, 38.834267028000056], [-77.09682826299996, 38.834272257000066], [-77.09683693899996, 38.83427744100004], [-77.09684473699997, 38.83428266900006], [-77.09685341099998, 38.83428793600007], [-77.09686120999999, 38.834293082000045], [-77.09686984999996, 38.83429834800006], [-77.09687768399994, 38.83430349400004], [-77.09688635799995, 38.834308760000056], [-77.09689415699995, 38.83431390700008], [-77.09690283199996, 38.83431914500005], [-77.09691063099996, 38.834324319000075], [-77.09691930799994, 38.83432947500006], [-77.09692710399997, 38.83433473100007], [-77.09693578099996, 38.834339915000044], [-77.09694357999996, 38.83434503400008], [-77.09695225499996, 38.83435030000004], [-77.09696005399996, 38.834355446000075], [-77.09696872999996, 38.83436063000005], [-77.09697652899996, 38.83436577600003], [-77.09699388199994, 38.83437611700003], [-77.09700171599997, 38.83438126300007], [-77.09701035699999, 38.83438644700004], [-77.09701815399995, 38.83439167500006], [-77.09702683099994, 38.83439683200004], [-77.09703462999994, 38.83440200500007], [-77.09704330799997, 38.83440707900007], [-77.09705110699997, 38.83441222500005], [-77.09706845999995, 38.83442256600006], [-77.09707625799996, 38.834427739000034], [-77.09708493499994, 38.83443289600007], [-77.09709273399994, 38.834438042000045], [-77.09710141199997, 38.83444314400003], [-77.09710921099997, 38.83444829000007], [-77.09711788799996, 38.834453446000055], [-77.09712656499994, 38.83445854800004], [-77.09713436499999, 38.83446369400008], [-77.09714304099998, 38.834468850000064], [-77.09715084099997, 38.834473941000056], [-77.09715951799996, 38.83447909800003], [-77.09716731899994, 38.83448416200008], [-77.09717599499999, 38.834489346000055], [-77.09718467399995, 38.83449439200007], [-77.09719247199996, 38.834499566000034], [-77.09720115099998, 38.834504640000034], [-77.09720982699997, 38.834509824000065], [-77.09721762799995, 38.83451488800006], [-77.09722630599998, 38.83451996200006], [-77.09723410399994, 38.834525135000035], [-77.09725146099998, 38.83453528300004], [-77.09725926199997, 38.83454034700003], [-77.09726793799996, 38.83454553100006], [-77.09727573899994, 38.83455059500005], [-77.09729309499994, 38.83456077000005], [-77.09730089499999, 38.834565834000045], [-77.09731825299997, 38.83457595500005], [-77.09732605199997, 38.83458107400003], [-77.09734340899996, 38.83459122200003], [-77.09735120999994, 38.83459628500003], [-77.09736856599994, 38.83460646100008], [-77.09737636599993, 38.83461152500007], [-77.09738504599994, 38.83461651700003], [-77.09739372499996, 38.83462159100003], [-77.09740152499995, 38.83462668200008], [-77.09741020299998, 38.83463175600008], [-77.09741888299999, 38.834636775000035], [-77.09742668399997, 38.83464181100004], [-77.09743536199994, 38.83464691300003], [-77.09744404199995, 38.834651905000044], [-77.09745184199994, 38.83465696800005], [-77.09746052199995, 38.83466196000006], [-77.09746920099997, 38.83466703400006], [-77.09747700299994, 38.83467201600007], [-77.09748564599994, 38.83467711700007], [-77.09749436099997, 38.83468210900003], [-77.09750216199996, 38.83468717300008], [-77.09751955699994, 38.83469715700005], [-77.09752819899995, 38.83470225800005], [-77.09753600199997, 38.83470723900007], [-77.09755336199999, 38.83471722200005], [-77.09756116199998, 38.834722286000044], [-77.09758720199994, 38.83473728900003], [-77.09759500399997, 38.83474227000005], [-77.09762104399994, 38.83475724500005], [-77.09762884599996, 38.834762227000056], [-77.09764620599998, 38.83477221000004], [-77.09765400799995, 38.834777219000046], [-77.09768004799997, 38.834792194000045], [-77.09768785199998, 38.83479709300008], [-77.09771389199994, 38.834812068000076], [-77.09772257299994, 38.83481697800005], [-77.09773037599996, 38.83482195900007], [-77.09773905499998, 38.83482697800008], [-77.09774773699996, 38.83483188800005], [-77.09775641699997, 38.83483687900008], [-77.09776422099998, 38.834841778000055], [-77.09777290099998, 38.83484677000007], [-77.09778158199998, 38.83485167900005], [-77.097790262, 38.83485667100007], [-77.09779894399998, 38.83486158000005], [-77.09780674599995, 38.83486656200006], [-77.09782410999998, 38.834876380000026], [-77.09783278999998, 38.83488137200004], [-77.09784150599995, 38.83488628200007], [-77.09784927499999, 38.83489118000006], [-77.09786663799997, 38.83490099900007], [-77.09787531799998, 38.83490599100003], [-77.097884, 38.83491090000007], [-77.09789180399997, 38.83491579900004], [-77.09793521199998, 38.83494034600005], [-77.09794301599999, 38.83494524500003], [-77.09796906099996, 38.834959973000025], [-77.09797774399993, 38.83496480000008], [-77.09798642599998, 38.83496970900006], [-77.09799422999998, 38.83497460800004], [-77.09800291099998, 38.83497951800007], [-77.09801159499995, 38.834984345000066], [-77.09802027599994, 38.83498925400005], [-77.09817667899995, 38.835070759000075], [-77.09919827999994, 38.835615698000026], [-77.10041448899995, 38.836264553000035], [-77.10052047699998, 38.83632057800003], [-77.10059520199997, 38.83636007500007], [-77.10060387899995, 38.83636523100006], [-77.10061166099996, 38.836371256000064], [-77.10061851699999, 38.83637801000003], [-77.10062455099995, 38.83638546900005], [-77.10062878399998, 38.836393429000054], [-77.10063125699997, 38.83640169600005], [-77.10063284499995, 38.83641028300008], [-77.10063267699996, 38.83641890400003], [-77.10063075499994, 38.83642742100005], [-77.10062795999994, 38.83643570900006], [-77.10062341899999, 38.83644353600005], [-77.10061800799997, 38.836450968000065], [-77.10059273999997, 38.83648639300003], [-77.10036606299997, 38.836769256000025], [-77.10035710899996, 38.83677653600006], [-77.10034646399998, 38.83678223100003], [-77.10033409499994, 38.83678636700006], [-77.10032175999999, 38.836788719000026], [-77.10030858699997, 38.83678908400003], [-77.10029544799994, 38.836787636000054], [-77.10028405499997, 38.836786732000064], [-77.10027268999994, 38.83678615700006], [-77.10026124999996, 38.83678585500007], [-77.10025071599995, 38.83678589500005], [-77.10023929899995, 38.83678619800003], [-77.10022787399998, 38.836786913000026], [-77.10021644599993, 38.83678779300004], [-77.10020500899998, 38.836789139000075], [-77.10019444499994, 38.836790688000065], [-77.10018299599994, 38.836792639000066], [-77.10017242099997, 38.83679481900003], [-77.10016183999994, 38.83679727400005], [-77.10015037399995, 38.83680004900003], [-77.10013977999995, 38.83680319000007], [-77.10013005799993, 38.83680658900005], [-77.10011945399998, 38.83681025200008], [-77.100109735, 38.83681348600004], [-77.10009913199997, 38.83681704000003], [-77.10008940199998, 38.836820878000026], [-77.10007970099997, 38.83682504600006], [-77.10007080299994, 38.83682941600006], [-77.10006193299995, 38.836834116000034], [-77.10005305899995, 38.83683906300007], [-77.10004417999994, 38.83684428500004], [-77.10003529399995, 38.836849835000066], [-77.10002728399996, 38.836855479000064], [-77.10001926699994, 38.83686148000004], [-77.10001212399999, 38.83686765600004], [-77.10000497599998, 38.83687410600004], [-77.09999778799994, 38.83688080300004], [-77.09999151099998, 38.836887594000075], [-77.09998529999996, 38.83689463200005], [-77.09997901499997, 38.83690186200005], [-77.09997357099996, 38.83690915600005], [-77.09996815599999, 38.836916753000025], [-77.09996361799995, 38.836924416000045], [-77.09995907599995, 38.836932270000034], [-77.09995540999995, 38.836940190000064], [-77.09995174099998, 38.83694830200005], [-77.09994807499999, 38.836956222000026], [-77.09994440799994, 38.83696425200003], [-77.09994161599997, 38.83697237400003], [-77.09993794499997, 38.83698056900005], [-77.09993410999994, 38.836997164000024], [-77.09993219099994, 38.837005572000066], [-77.09993030499999, 38.83701403500004], [-77.09992922899994, 38.83702242500004], [-77.09992873199997, 38.83704790300004], [-77.09993015599997, 38.83706491800007], [-77.09993086899993, 38.83707333000007], [-77.09993245999993, 38.83708177900007], [-77.09993405299997, 38.83709011900004], [-77.09993652399999, 38.83709846900007], [-77.09993899699998, 38.837106654000024], [-77.09994234899995, 38.837114850000034], [-77.09994570199996, 38.83712293600007], [-77.09994905599996, 38.837130967000064], [-77.09995328999997, 38.83713892600008], [-77.09995752799995, 38.83714669400007], [-77.09996176699997, 38.83715437800004], [-77.09996688299998, 38.83716207300006], [-77.09997200299995, 38.83716960400005], [-77.09997800399998, 38.83717698000004], [-77.09998400799998, 38.837184164000064], [-77.09999001499995, 38.83719118300007], [-77.09999690399997, 38.83719804800006], [-77.10000379499996, 38.83720474800003], [-77.10001069099997, 38.837211257000035], [-77.10001846799997, 38.83721752800005], [-77.10002624899994, 38.83722363500004], [-77.10003491299994, 38.83722947700005], [-77.10004270399997, 38.83723506300004], [-77.10005137599995, 38.837240493000024], [-77.10006005499997, 38.837245567000025], [-77.10006961399995, 38.83725048700006], [-77.10007917799999, 38.83725518700004], [-77.10008787099997, 38.83725954700003], [-77.10009832299994, 38.83726370900007], [-77.10010790399997, 38.83726753000008], [-77.10011776799996, 38.83727135000004], [-77.10012795799997, 38.83727444200008], [-77.10013843299998, 38.837277451000034], [-77.10014891099996, 38.83728026700004], [-77.10015939499993, 38.837282781000056], [-77.10016985099998, 38.83728496500004], [-77.10018038199996, 38.83728690300006], [-77.10019088299998, 38.83728856600004], [-77.10020226699999, 38.83728991000004], [-77.10021277999994, 38.83729096900004], [-77.10022417699997, 38.837291709000056], [-77.10023470099998, 38.83729219200006], [-77.10024610799996, 38.83729241000003], [-77.10025667799994, 38.83729228900006], [-77.10026806199994, 38.83729190300005], [-77.10027860899999, 38.837291178000044], [-77.10028916199997, 38.837290178000046], [-77.10030059899998, 38.83728885900007], [-77.10031116299996, 38.837287255000035], [-77.10032169799996, 38.83728540300007], [-77.10033230699997, 38.83728330500003], [-77.10034288799994, 38.83728085000007], [-77.10035347399997, 38.83727814800005], [-77.10036406699999, 38.83727511600006], [-77.10037378599998, 38.83727185400005], [-77.10038526699998, 38.837268229000074], [-77.10039759499995, 38.837266234000026], [-77.10040988899993, 38.83726596900004], [-77.10042215099998, 38.837267378000035], [-77.10043350199999, 38.83727045200004], [-77.10044482399996, 38.83727503600005], [-77.10045436099995, 38.83728108100007], [-77.10189231099997, 38.83826484100007], [-77.10190010299993, 38.838270426000065], [-77.10190873799996, 38.83827593800004], [-77.10191656299997, 38.838281606000066], [-77.10192435499994, 38.838287164000064], [-77.10194772299997, 38.838304193000056], [-77.10197108699998, 38.83832147000004], [-77.10199441099996, 38.838338993000036], [-77.10200223199996, 38.83834488000008], [-77.10200913899996, 38.83835075700006], [-77.10201692499999, 38.838356644000044], [-77.10202470699994, 38.83836269600005], [-77.10203249199998, 38.83836861000003], [-77.10203939699994, 38.83837462400004], [-77.10204717899995, 38.83838073000004], [-77.10205408399997, 38.83838671700005], [-77.10206186499994, 38.83839282300005], [-77.10206876899997, 38.83839892000003], [-77.10207654999994, 38.83840502600003], [-77.10208345199999, 38.83841120500006], [-77.10209123199996, 38.838417366000044], [-77.10209809899999, 38.83842354400008], [-77.10210503499997, 38.83842980600008], [-77.10211281399995, 38.838435995000054], [-77.10211971399997, 38.83844228300006], [-77.10212661399999, 38.83844859900006], [-77.10213351399995, 38.83845485900008], [-77.10214041299997, 38.838461203000065], [-77.10214818899993, 38.83846758400006], [-77.10215508599998, 38.83847400900004], [-77.10216198499995, 38.838480325000035], [-77.10216888199994, 38.83848677800006], [-77.10217577799995, 38.83849328600007], [-77.10218179699996, 38.838499729000034], [-77.10220937899999, 38.83852578800003], [-77.10221539499997, 38.83853239500007], [-77.10222914699995, 38.83854560300006], [-77.10223516199994, 38.83855226500003], [-77.10224208899996, 38.83855896600005], [-77.10224810299997, 38.83856565600007], [-77.10225499499995, 38.838572328000055], [-77.10226100899996, 38.83857907300006], [-77.10226789999996, 38.83858580100008], [-77.10227391299998, 38.83859254500004], [-77.10227992399996, 38.83859940000008], [-77.10228593699998, 38.838606199000026], [-77.10229282599994, 38.83861303600003], [-77.10231085899994, 38.83863360000004], [-77.10232888799999, 38.83865441000006], [-77.10233489499996, 38.83866142900007], [-77.10234090499995, 38.838668366000036], [-77.10235292099998, 38.83868240400005], [-77.10235804899997, 38.83868949500004], [-77.10236405699999, 38.83869651400005], [-77.10237006299997, 38.83870364300003], [-77.10237519199995, 38.838710734000074], [-77.10238119799999, 38.83871783600006], [-77.10238632599999, 38.83872495400004], [-77.10239233099998, 38.83873213800007], [-77.10239745799998, 38.83873931200003], [-77.10240346099994, 38.83874660500004], [-77.10240858799995, 38.83875377900006], [-77.10241883799995, 38.838768318000064], [-77.10242396199999, 38.83877568300005], [-77.10242908699996, 38.838782939000055], [-77.10244445799998, 38.838805008000065], [-77.10244957999998, 38.83881242900003], [-77.10245470399997, 38.83881979500006], [-77.10245982499998, 38.838827242000036], [-77.10246406999994, 38.83883468000005], [-77.10246918999997, 38.83884221000005], [-77.10247431199997, 38.83884963100007], [-77.10247855499995, 38.83885715100007], [-77.10248367499997, 38.838864681000075], [-77.10248791699996, 38.83887220100007], [-77.10249303799998, 38.83887973100008], [-77.10249727899998, 38.83888733300006], [-77.10250155599994, 38.838894854000046], [-77.10250576199996, 38.83890245500004], [-77.10251088099994, 38.838910068000075], [-77.10251511999996, 38.83891775300003], [-77.10251936099996, 38.83892535500007], [-77.10254059299996, 38.83896380600004], [-77.10254391799998, 38.83897156200004], [-77.10255663099997, 38.83899489000004], [-77.10255999099996, 38.83900264700003], [-77.10256422699996, 38.83901049600007], [-77.10256758699995, 38.83901825300006], [-77.10257182299995, 38.83902612900005], [-77.10257853999997, 38.83904183400006], [-77.10258277599996, 38.83904968400003], [-77.10258613299999, 38.83905760500005], [-77.10258949099995, 38.839065471000026], [-77.10260627499997, 38.83910513200004], [-77.10260962999996, 38.839113163000036], [-77.10261298599994, 38.83912111200004], [-77.10261546399994, 38.83912913300003], [-77.10262217399998, 38.83914514000003], [-77.10262465199997, 38.83915316100007], [-77.10262800599997, 38.83916119200006], [-77.10263048199994, 38.83916929500003], [-77.10263383799997, 38.83917729800004], [-77.10263631299995, 38.839185401000066], [-77.10263950299998, 38.839201916000036], [-77.10266295399998, 38.83925986300005], [-77.10267034599997, 38.839285956000026], [-77.10267368999996, 38.839294564000056], [-77.10267615499998, 38.83930318800003], [-77.10268618999999, 38.83932879100007], [-77.10268953999997, 38.83933706900007], [-77.10269289199994, 38.83934526500008], [-77.10270294099996, 38.83937018200004], [-77.10270629599995, 38.83937818600003], [-77.10270877399995, 38.83938620600003], [-77.10271212799995, 38.83939423700008], [-77.10271548499998, 38.83940215800004], [-77.10271884399998, 38.839409997000075], [-77.10272307999998, 38.83941787400005], [-77.10272643799993, 38.839425713000026], [-77.10273067599996, 38.839433480000025], [-77.10273915499994, 38.839448849000064], [-77.10274763699994, 38.839464081000074], [-77.10275275699996, 38.83947161100008], [-77.102757, 38.83947910400008], [-77.10276212399998, 38.839486469000065], [-77.10276724599998, 38.83949391700003], [-77.10277749599999, 38.83950845600003], [-77.10278350099998, 38.83951564000006], [-77.10278862999996, 38.839522731000045], [-77.10279463599994, 38.83952986000003], [-77.10280064399996, 38.839536879000036], [-77.10280665299996, 38.83954381600006], [-77.10281266499999, 38.83955067000005], [-77.10282469099997, 38.839564187000065], [-77.10283158299995, 38.839570887000036], [-77.10283847699998, 38.839577477000034], [-77.10284449499994, 38.83958400200004], [-77.10285139199993, 38.839590428000065], [-77.10285829099996, 38.83959677100006], [-77.10286610399999, 38.83960304200008], [-77.10287296999996, 38.83960930300003], [-77.10287987399994, 38.839615399000024], [-77.10288765499996, 38.83962150600007], [-77.10289456199996, 38.83962740900006], [-77.10291013499995, 38.839639101000046], [-77.10292571499997, 38.83965043500007], [-77.10293438599996, 38.83965594800003], [-77.10294217899997, 38.83966145100004], [-77.10294997599993, 38.839666761000046], [-77.10295508099995, 38.83967506000005], [-77.10296465099998, 38.83967948600008], [-77.10297334399996, 38.83968387300007], [-77.10299248399997, 38.839692669000044], [-77.10300117499997, 38.839697166000064], [-77.10301074399996, 38.83970164600004], [-77.10301943299999, 38.83970622500004], [-77.10304719499999, 38.83972303200005], [-77.10339524499994, 38.83988095500007], [-77.10340133199998, 38.83988393800007], [-77.10341090699995, 38.839888089000056], [-77.10430707499995, 38.84029819400007], [-77.10431753499995, 38.840302026000074], [-77.10432886899997, 38.84030600500006], [-77.10433932299998, 38.84031008300008], [-77.10434977599994, 38.84031424500006], [-77.10436022699997, 38.84031848800004], [-77.10437067699996, 38.84032281400005], [-77.10438112299994, 38.84032733200007], [-77.10439156799998, 38.84033190400004], [-77.10440201099993, 38.840336587000024], [-77.10441160999994, 38.840341315000046], [-77.10442201299998, 38.840346244000045], [-77.10443584099994, 38.84035739300003], [-77.10502381299995, 38.84081748600005], [-77.10298069099997, 38.84241889400005], [-77.10198963099998, 38.84318423600007], [-77.10096149399999, 38.843328513000074], [-77.09976283199995, 38.84239112400007]]]]}}, {"type": "Feature", "properties": {"OBJECTID": 48, "CIVIC": "Glebewood", "COLOR": 1, "LABEL": "Glebewood", "GIS_ID": 49, "Pdf": "glebewood", "SHAPE_Length": 0.017234463217134295, "SHAPE_Area": 1.2470592931838447e-05}, "geometry": {"type": "MultiPolygon", "coordinates": [[[[-77.11999103199997, 38.89351917300007], [-77.12010792099994, 38.89344831500006], [-77.12085452899998, 38.89299572200008], [-77.12119936099998, 38.89346949500003], [-77.12121741099998, 38.89349429600003], [-77.12137739699995, 38.89339734400005], [-77.12144850299995, 38.893354215000045], [-77.12159071199994, 38.89326801000004], [-77.12173292199998, 38.89318180600003], [-77.12186799899996, 38.89310100900008], [-77.12189647299994, 38.89308212100008], [-77.12207774599995, 38.892974406000064], [-77.12218791599997, 38.89290979400005], [-77.12233368899996, 38.89282088400006], [-77.12247594999997, 38.89273193300005], [-77.12261459099994, 38.892648432000044], [-77.12277813999998, 38.892548746000045], [-77.12309527599996, 38.89286825900007], [-77.12320217799999, 38.89297386100003], [-77.12326017299995, 38.89303270500005], [-77.12349514799996, 38.893271121000055], [-77.12389151199994, 38.89367394100003], [-77.12392941799999, 38.89371282900004], [-77.12395358799995, 38.893735081000045], [-77.12408986299994, 38.89387024400003], [-77.12417417699999, 38.89395734800007], [-77.12446026899994, 38.89424903200006], [-77.12454305699998, 38.894329637000055], [-77.12464990999996, 38.894437983000046], [-77.12467743599996, 38.89446851200006], [-77.12480134599997, 38.894601772000044], [-77.12486342399995, 38.89466293900006], [-77.12467148799993, 38.894778744000064], [-77.12449377899998, 38.89488375900004], [-77.12408151799997, 38.895126074000075], [-77.12474057899993, 38.895757142000036], [-77.12535615399997, 38.896272364000026], [-77.12545114499994, 38.89663320600005], [-77.12551856799996, 38.89678228100007], [-77.12555764799998, 38.89686825000007], [-77.12518387499995, 38.89701067900006], [-77.12394471599998, 38.89744915500006], [-77.12358564699997, 38.897573985000065], [-77.12336873899994, 38.89733338900004], [-77.12274831299999, 38.89657875600005], [-77.12225698599997, 38.89586341800003], [-77.12191780499995, 38.89535559700005], [-77.12173069499994, 38.89507358000003], [-77.12157807299997, 38.89487676600004], [-77.12140805599995, 38.89467266200006], [-77.12132477399996, 38.89458872700004], [-77.12130715899997, 38.894570945000055], [-77.12125157199995, 38.894517789000076], [-77.12118762699998, 38.89445890500008], [-77.12114745499997, 38.89441911000006], [-77.12113374999996, 38.89440681800005], [-77.12110482799994, 38.89438087900004], [-77.12105984999994, 38.89434435000004], [-77.12084157899994, 38.89418106200003], [-77.12064009799997, 38.89404194400004], [-77.12056652299998, 38.89399233700004], [-77.12051248699998, 38.893953588000045], [-77.12043706546085, 38.893899976183356], [-77.12036295930977, 38.89384456036622], [-77.12029021167835, 38.893787372804574], [-77.1202188649222, 38.893728446788366], [-77.12014896056883, 38.89366781662373], [-77.1200805393177, 38.89360551760391], [-77.12001364099996, 38.893541586000026], [-77.11999103199997, 38.89351917300007]]]]}}, {"type": "Feature", "properties": {"OBJECTID": 49, "CIVIC": "Waverly Hills", "COLOR": 5, "LABEL": "Waverly Hills", "GIS_ID": 15, "Pdf": "Waverly_Hills", "SHAPE_Length": 0.04024040760244474, "SHAPE_Area": 7.355247363969289e-05}, "geometry": {"type": "MultiPolygon", "coordinates": [[[[-77.11311740999997, 38.897303590000035], [-77.11317011199998, 38.89703864200004], [-77.11321509299995, 38.89692043500003], [-77.11327397399998, 38.89692113000007], [-77.11352517199998, 38.89697665400007], [-77.11380112199998, 38.89705877700004], [-77.11400135899999, 38.89712564400003], [-77.11420821999997, 38.896840574000066], [-77.11432742099998, 38.89666928200006], [-77.11439676699996, 38.89648293000005], [-77.11442067599995, 38.896314852000046], [-77.11439235399996, 38.895972828000026], [-77.11436440999995, 38.895656649000045], [-77.11430408699994, 38.89499935900005], [-77.11428337799998, 38.89462164400004], [-77.11425944399997, 38.89441810000005], [-77.11431719399997, 38.89437174100004], [-77.11446653399997, 38.89427536000005], [-77.11471655499997, 38.89417665000008], [-77.11469414399994, 38.893557620000024], [-77.11463409299995, 38.89265868100006], [-77.11462105199996, 38.89244790600003], [-77.11455626399999, 38.89155418400003], [-77.11452880999997, 38.89099440800004], [-77.11448818199995, 38.89047094500006], [-77.11442331899997, 38.889650431000064], [-77.11439623899997, 38.88902588000008], [-77.11435915799996, 38.88851717700004], [-77.11434343299999, 38.88814701700005], [-77.11515748099998, 38.88792389100007], [-77.11555802299995, 38.88777664700007], [-77.11598881599997, 38.88759298800005], [-77.11677658999997, 38.88720299300007], [-77.11733198999997, 38.886817535000034], [-77.11770655099997, 38.88649914600006], [-77.11805967999999, 38.88713099200004], [-77.11830511599999, 38.887701185000026], [-77.11848856399996, 38.88808227000004], [-77.11872448099996, 38.88854135500003], [-77.11883743899995, 38.888811685000064], [-77.11892190699996, 38.88903617900007], [-77.11903812099996, 38.889378357000055], [-77.11905259299994, 38.889448067000046], [-77.11912709399996, 38.88980696200008], [-77.11921880799997, 38.89015711700006], [-77.11926749699995, 38.89049171800008], [-77.11933266899996, 38.891007983000065], [-77.11934131032316, 38.891107520066875], [-77.1193481575976, 38.89120719661969], [-77.11935320861447, 38.89130698032567], [-77.11935646172422, 38.89140683881305], [-77.11935791587548, 38.89150673969107], [-77.11935757059686, 38.8916066505573], [-77.11935542599997, 38.89170653900004], [-77.11935058952426, 38.89181997091344], [-77.11935044653622, 38.89193350579898], [-77.11935499728496, 38.892046949536955], [-77.11936423398582, 38.89216010816016], [-77.11937814084634, 38.8922727881918], [-77.11939669409534, 38.892384796974675], [-77.11941986199997, 38.89249594300003], [-77.11947033594734, 38.89265722308409], [-77.11953174719822, 38.892814663685364], [-77.11960380682648, 38.892967524063344], [-77.11968617579258, 38.893115085029415], [-77.11977846655721, 38.89325665232261], [-77.11988024491112, 38.893391559887455], [-77.11999103199997, 38.89351917300007], [-77.12001364099996, 38.893541586000026], [-77.1200805393177, 38.89360551760391], [-77.12014896056883, 38.89366781662373], [-77.1202188649222, 38.893728446788366], [-77.12029021167835, 38.893787372804574], [-77.12036295930977, 38.89384456036622], [-77.12043706546085, 38.893899976183356], [-77.12051248699998, 38.893953588000045], [-77.12056652299998, 38.89399233700004], [-77.12064009799997, 38.89404194400004], [-77.12084157899994, 38.89418106200003], [-77.12105984999994, 38.89434435000004], [-77.12110482799994, 38.89438087900004], [-77.12113374999996, 38.89440681800005], [-77.12114745499997, 38.89441911000006], [-77.12118762699998, 38.89445890500008], [-77.12125157199995, 38.894517789000076], [-77.12130715899997, 38.894570945000055], [-77.12132477399996, 38.89458872700004], [-77.12140805599995, 38.89467266200006], [-77.12157807299997, 38.89487676600004], [-77.12173069499994, 38.89507358000003], [-77.12191780499995, 38.89535559700005], [-77.12225698599997, 38.89586341800003], [-77.12274831299999, 38.89657875600005], [-77.12336873899994, 38.89733338900004], [-77.12358564699997, 38.897573985000065], [-77.12207467199994, 38.898099409000054], [-77.12082244699997, 38.898542890000044], [-77.12026665599996, 38.898716586000035], [-77.11955552499995, 38.89888007800005], [-77.11893640999995, 38.898989562000054], [-77.11851030299994, 38.89907272700003], [-77.11773646499995, 38.89921103200004], [-77.11693658899998, 38.89932178300006], [-77.11603278999996, 38.89939645800007], [-77.11480634899993, 38.899413253000034], [-77.11455477499999, 38.899404025000024], [-77.11411788499998, 38.899379183000065], [-77.11364801699995, 38.89932432000006], [-77.11287731099998, 38.89916734700006], [-77.11291603399997, 38.898487776000024], [-77.11295589199995, 38.89824384900004], [-77.11304406799997, 38.898018067000066], [-77.11311586999994, 38.89760316400003], [-77.11311740999997, 38.897303590000035]]]]}}, {"type": "Feature", "properties": {"OBJECTID": 50, "CIVIC": "Barcroft", "COLOR": 2, "LABEL": "Barcroft", "GIS_ID": 40, "Pdf": "Barcroft", "SHAPE_Length": 0.04354794007319711, "SHAPE_Area": 0.00010750616421463669}, "geometry": {"type": "MultiPolygon", "coordinates": [[[[-77.10134833699993, 38.858774561000075], [-77.10239052699995, 38.85847727000004], [-77.10560930499997, 38.85756205200005], [-77.10817686399997, 38.85679723000004], [-77.10889574699996, 38.85659424800008], [-77.10940627399998, 38.85645195400008], [-77.10978626599996, 38.856386644000054], [-77.10986904999999, 38.856372416000056], [-77.11032570499998, 38.85660717400003], [-77.11065784699997, 38.85680632300006], [-77.11080442299993, 38.856914275000065], [-77.11098349699995, 38.85705976700007], [-77.11124863499998, 38.85730958200003], [-77.11145283699994, 38.85754327200004], [-77.11161493299994, 38.85776957000007], [-77.11172875599993, 38.85796039500008], [-77.11181691999997, 38.85813240700003], [-77.11196562999999, 38.85845531800004], [-77.11226998599994, 38.85909680000003], [-77.11236314699994, 38.859279306000076], [-77.11236107199994, 38.859288536000065], [-77.11236495999998, 38.85929635300005], [-77.11237277099997, 38.85931198800006], [-77.11238061699999, 38.85932762400006], [-77.11238453999994, 38.85933544100004], [-77.11239245699994, 38.85935105000004], [-77.11239644999995, 38.85935886900006], [-77.11240040899997, 38.85936663200005], [-77.11240843099995, 38.85938224200004], [-77.11241242499995, 38.85939000600007], [-77.11241645399997, 38.85939779700004], [-77.11242451199996, 38.859413353000036], [-77.11242857599996, 38.859421145000056], [-77.11243670499994, 38.85943667400005], [-77.11244080499995, 38.85944443900007], [-77.11244900399998, 38.859459969000056], [-77.11245310399994, 38.85946770600003], [-77.11246133899994, 38.859483209000075], [-77.11246964399999, 38.85949871200006], [-77.11247798499994, 38.85951418900004], [-77.11248215599994, 38.85952192700006], [-77.11248636199997, 38.859529638000026], [-77.11249477299998, 38.85954508800006], [-77.11249897899995, 38.85955282700007], [-77.11250321999995, 38.85956053900003], [-77.11251170199995, 38.859575962000065], [-77.11251601299995, 38.85958367400008], [-77.11252453099996, 38.85959909800005], [-77.11252880799998, 38.85960675500007], [-77.11253743099996, 38.85962215300003], [-77.11254174299995, 38.859629838000046], [-77.11254608999997, 38.85963752300006], [-77.11255478499999, 38.85965286700008], [-77.11255913299993, 38.85966052500004], [-77.11256351499998, 38.85966821000005], [-77.11256786199993, 38.85967586800007], [-77.11257227999994, 38.85968352700007], [-77.11257666299997, 38.85969118600008], [-77.11258549799999, 38.85970650300004], [-77.11262329099998, 38.859704588000056], [-77.11263275499994, 38.859714696000026], [-77.11264310599995, 38.85972426500007], [-77.11265429299993, 38.85973606700003], [-77.11266462999998, 38.85974637800007], [-77.11267328199995, 38.859754828000064], [-77.11268445399998, 38.85976558700003], [-77.112695665, 38.85977610000003], [-77.11270865199998, 38.85978561700006], [-77.11271549599996, 38.85979495200007], [-77.11272319899996, 38.85980525900004], [-77.11273271599998, 38.85981259300007], [-77.11274659799994, 38.859821243000056], [-77.11276135299994, 38.85983009500006], [-77.11277613499993, 38.859837629000026], [-77.11277785999994, 38.85983921400003], [-77.11278652399994, 38.85984522100006], [-77.11279777699997, 38.859853592000036], [-77.11280990299997, 38.85986224800007], [-77.11282283799994, 38.859872616000075], [-77.11283416099997, 38.85987917600005], [-77.11284542899995, 38.85988677800003], [-77.11286015499996, 38.85989716800003], [-77.11287141399998, 38.859905182000034], [-77.11288270399996, 38.85991165900003], [-77.11289485599997, 38.85991891500004], [-77.11291050599993, 38.85992692600007], [-77.11292353999994, 38.859934027000065], [-77.11293479599993, 38.85994223400007], [-77.11294517999994, 38.859950155000035], [-77.11295818299999, 38.85995882200007], [-77.11297287599996, 38.85997091300004], [-77.112985843, 38.85998144600006], [-77.11299710799995, 38.85998921400005], [-77.11301096799997, 38.85999898800003], [-77.11302223499996, 38.86000659100006], [-77.11303436099996, 38.860015247000035], [-77.11304819399999, 38.860026395000034], [-77.11305769499995, 38.86003455300005], [-77.11306982199994, 38.86004312700004], [-77.11308283099999, 38.860051491000036], [-77.11309752699998, 38.86006344500004], [-77.11310966299999, 38.86007155200008], [-77.11312439399995, 38.86008169400003], [-77.11313389599997, 38.86008979800005], [-77.11314434299999, 38.86009626400005], [-77.11315643399996, 38.86010489300003], [-77.11316943699995, 38.86011355900007], [-77.11318156499993, 38.86012210500007], [-77.11319368299996, 38.86013117300007], [-77.11320581299998, 38.860139555000046], [-77.11321791599994, 38.86014939100005], [-77.11323005899999, 38.86015898100004], [-77.113239519, 38.860167413000056], [-77.11324901299997, 38.86017592800005], [-77.11325939699998, 38.860183850000055], [-77.11326713499994, 38.86019237200003], [-77.11327748299993, 38.86020210500004], [-77.11328781999998, 38.86021063000004], [-77.11329997699994, 38.860219451000034], [-77.11330945799995, 38.860228653000036], [-77.11331980499995, 38.86023846900008], [-77.11332756699994, 38.860247567000044], [-77.11333786999995, 38.86025782200005], [-77.11334824099998, 38.860266430000024], [-77.11335685699999, 38.860274935000064], [-77.11336453999996, 38.86028628400004], [-77.11337320999996, 38.860293856000055], [-77.11338526599997, 38.860302484000044], [-77.11339743999997, 38.86031042600007], [-77.11340954699995, 38.86032001600006], [-77.11342077899997, 38.86032951200008], [-77.11343289599995, 38.860338580000075], [-77.11344240799997, 38.86034616200004], [-77.11345276099996, 38.86035570300004], [-77.11346403899995, 38.860362784000074], [-77.11347789299998, 38.86037283300004], [-77.11348561499995, 38.860382179000055], [-77.11349684199996, 38.860391923000066], [-77.11350630899994, 38.86040183800003], [-77.11351667199995, 38.86041267000007], [-77.11352698399998, 38.86042248500007], [-77.11353643899997, 38.86043297700007], [-77.11354767199998, 38.86044239100005], [-77.11355717299995, 38.86045057700005], [-77.11356834199995, 38.86046147300004], [-77.11357872299999, 38.860471345000065], [-77.11358994799997, 38.86048117100006], [-77.11360030699996, 38.86049038300007], [-77.11360893799997, 38.860498119000056], [-77.11362015099996, 38.86050673600005], [-77.11362964999995, 38.860516817000075], [-77.11363733199994, 38.86052822100004], [-77.11364503199997, 38.86053872000008], [-77.11365365099994, 38.860548927000025], [-77.11366216199997, 38.86056105500006], [-77.11367158799999, 38.860573084000066], [-77.11367928899995, 38.86058352800006], [-77.11368188499995, 38.860585481000044], [-77.11369054799997, 38.86059159700005], [-77.11370000699998, 38.860601924000036], [-77.11370856499997, 38.86061342100004], [-77.11372574499995, 38.86063320400007], [-77.11373345799996, 38.86064298800005], [-77.11374114699998, 38.86065406300003], [-77.11374885899994, 38.860663930000044], [-77.11375738499999, 38.86067707500007], [-77.11376591799996, 38.86068989000006], [-77.11377187499994, 38.86069973600007], [-77.11377958299994, 38.86070976800005], [-77.11378813099998, 38.860721814000044], [-77.11379406499998, 38.86073284100007], [-77.11380086899999, 38.86074426300007], [-77.11380504099998, 38.86075557100003], [-77.11381361899998, 38.86076605200003], [-77.11382126799998, 38.86077918600006], [-77.11382982599997, 38.86079068400005], [-77.11383922899995, 38.86080394800007], [-77.11384780499998, 38.86081451200005], [-77.11385465099994, 38.86082376500008], [-77.11386236799996, 38.860833385000035], [-77.11386744599997, 38.86084322100004], [-77.11387512999994, 38.86085454300007], [-77.11388108899996, 38.860864252000056], [-77.11388788199997, 38.86087625000005], [-77.11389467099997, 38.86088844000005], [-77.11390147699996, 38.86089975200008], [-77.11390915399994, 38.860911431000034], [-77.11391511499994, 38.86092103000004], [-77.11392016399998, 38.86093240400004], [-77.11392434699997, 38.86094313500007], [-77.11393030399995, 38.86095295400003], [-77.11393622699995, 38.86096453000005], [-77.11394479799998, 38.86097536800003], [-77.11395157699997, 38.86098805300003], [-77.11395665099997, 38.860998136000035], [-77.11396082999994, 38.86100908700007], [-77.11396587799999, 38.861020488000065], [-77.11397093199997, 38.86103161400007], [-77.11397604199993, 38.86104161500003], [-77.11398191099994, 38.861052339000025], [-77.11398961299994, 38.86106454000003], [-77.11399380799998, 38.86107466800007], [-77.11400059599998, 38.861086886000066], [-77.11400648499995, 38.861100246000035], [-77.11401150699999, 38.86111302000006], [-77.11401569099996, 38.86112369600005], [-77.11401899299995, 38.861134582000034], [-77.11402316099998, 38.86114611000005], [-77.11402992499995, 38.86115956300006], [-77.11403322099994, 38.861170779000076], [-77.11403909599994, 38.861184825000066], [-77.11404584199994, 38.861199267000075], [-77.11405258499997, 38.86121381800007], [-77.11405937199999, 38.86122795800003], [-77.11406699499997, 38.86124059800005], [-77.11407293999997, 38.86125104800004], [-77.11407971799997, 38.86126381500003], [-77.11408562799994, 38.86127607700007], [-77.11409069099994, 38.86128668200007], [-77.11409488299995, 38.86129694700003], [-77.11410080599995, 38.86130852300005], [-77.11410583799994, 38.861320775000024], [-77.11411178599997, 38.861331060000055], [-77.11411592999997, 38.86134201100003], [-77.11412104199997, 38.86135193000007], [-77.11410722399995, 38.86137996900004], [-77.11412405199997, 38.86139068500006], [-77.11413248299993, 38.86139602900005], [-77.11414095099997, 38.86140131900004], [-77.11414945399997, 38.86140658200003], [-77.11415799299994, 38.86141184600007], [-77.11416653299995, 38.86141705400007], [-77.11417510799998, 38.86142223500008], [-77.11419236499995, 38.86143254500007], [-77.11420108199997, 38.86143764500008], [-77.11418996199995, 38.861466018000044], [-77.11420207699996, 38.86147525100006], [-77.11421338699995, 38.86148071200006], [-77.11422556599996, 38.86148659500003], [-77.11423598399995, 38.861492731000055], [-77.11426117699995, 38.861506759000065], [-77.11427331799996, 38.861514646000046], [-77.11428371899996, 38.86152168900003], [-77.11430716899997, 38.86153503700007], [-77.11431845899995, 38.861541514000066], [-77.11433064299996, 38.861547150000035], [-77.11434195299995, 38.86155258300005], [-77.11435415099999, 38.86155753300005], [-77.11438032099994, 38.86156643700008], [-77.11440742099995, 38.861547177000034], [-77.11442600699996, 38.861555992000035], [-77.11445399499996, 38.86156895400006], [-77.11448223499997, 38.86158164400007], [-77.11449167199999, 38.86158582000007], [-77.11451992099995, 38.86159804400006], [-77.11452925699996, 38.86160202600007], [-77.11454793199994, 38.86160985300006], [-77.11455726999998, 38.86161372500004], [-77.11458542699995, 38.86162526100003], [-77.11462317299998, 38.86164034300003], [-77.11464213699998, 38.861647762000075], [-77.11467069099996, 38.86165872600003], [-77.11468024499999, 38.861662326000044], [-77.11469935499997, 38.861669472000074], [-77.11470897999999, 38.86167301800003], [-77.11472816199995, 38.861680027000034], [-77.11473775399998, 38.86168351800006], [-77.11475704399999, 38.861690391000025], [-77.11476670699994, 38.86169380000007], [-77.11478606999998, 38.861700564000046], [-77.11479576999994, 38.86170389100005], [-77.11481520599995, 38.86171051900004], [-77.11483467799997, 38.86171703700006], [-77.11485422299995, 38.86172347400003], [-77.11486399599994, 38.86172666500005], [-77.11489486499994, 38.86170319300004], [-77.11491247099997, 38.861702714000046], [-77.11494141499998, 38.86170256200006], [-77.11495547999994, 38.86170176600007], [-77.11498362299994, 38.86169943500005], [-77.11499948799997, 38.86169816600005], [-77.11501353699998, 38.86169635500005], [-77.11502674499997, 38.86169445100006], [-77.11504083699998, 38.86169222800004], [-77.11505579999994, 38.861690345000056], [-77.11507163399995, 38.861688884000046], [-77.11508920299997, 38.86168848800003], [-77.11510408199996, 38.86169099700004], [-77.11511806699997, 38.861694320000026], [-77.11513206599994, 38.86169690200006], [-77.11514693999999, 38.861699686000065], [-77.11517583199998, 38.86170403600005], [-77.11520650699998, 38.86170703400006], [-77.11522315999997, 38.86170860400006], [-77.11523892199995, 38.861710849000076], [-77.11525381599995, 38.86171253500004], [-77.11528358899994, 38.861716786000045], [-77.11531331199996, 38.861723589000064], [-77.11532904799998, 38.86172720800005], [-77.11534216799998, 38.86172983400007], [-77.11535704199997, 38.86173259000003], [-77.11537104699994, 38.861734898000066], [-77.11538594899997, 38.86173619900006], [-77.11539996599998, 38.86173784700003], [-77.11541573899996, 38.861739544000045], [-77.11543151999996, 38.861740773000065], [-77.11544728399997, 38.86174293600004], [-77.11546219299998, 38.86174388100005], [-77.11547798999999, 38.86174431400008], [-77.11549206199999, 38.86174310700005], [-77.11550699899993, 38.861742597000045], [-77.11552457199997, 38.86174203500008], [-77.11553860599997, 38.86174280500006], [-77.11555265399994, 38.86174288800004], [-77.11557019299994, 38.86174402900008], [-77.11558598099998, 38.861744901000066], [-77.11560003099999, 38.861744902000055], [-77.11561585899994, 38.86174550100003], [-77.11562898199998, 38.86174617700004], [-77.11564301499999, 38.86174702900007], [-77.11565791599998, 38.86174841300004], [-77.11567282599998, 38.86174927600007], [-77.11568859999994, 38.86175091700005], [-77.115702619, 38.861752455000044], [-77.11571750499996, 38.86175460800007], [-77.11573066699998, 38.861755093000056], [-77.11574823199999, 38.861754888000064], [-77.11576401099995, 38.861756282000044], [-77.11577803899996, 38.861757381000075], [-77.11579203999997, 38.86175985300008], [-77.11580691899997, 38.861762363000025], [-77.11582181299997, 38.86176407600004], [-77.11583673999996, 38.86176408700004], [-77.11585514699993, 38.861765760000026], [-77.11587002399995, 38.86176840600007], [-77.11588401999995, 38.86177115300006], [-77.11589801399998, 38.861773981000056], [-77.11591116799997, 38.86177490500006], [-77.11594273699995, 38.861777035000046], [-77.11595676599995, 38.86177810600003], [-77.11598658199995, 38.86178007800004], [-77.11600764099995, 38.86178084800008], [-77.11603828699998, 38.86178532800005], [-77.11605315799994, 38.861788250000075], [-77.11606800899995, 38.86179221400005], [-77.11608639499997, 38.86179679700007], [-77.11608583799995, 38.86182570700004], [-77.11608644699999, 38.86183782400008], [-77.11608796299998, 38.861850282000034], [-77.11609128199996, 38.86186215600003], [-77.11609896199997, 38.86187185800003], [-77.11611103999996, 38.86188298500008], [-77.11612411099998, 38.86188819200004], [-77.11613274199993, 38.86189595500008], [-77.11613958199996, 38.86190553700004], [-77.11614465199995, 38.86191581200006], [-77.11614880999997, 38.86192607600003], [-77.11615391799995, 38.861936187000026], [-77.11615809399996, 38.86194730300008], [-77.11616137499993, 38.861959342000034], [-77.11616468199998, 38.86196998100007], [-77.11616710899995, 38.86198069100004], [-77.11616778399997, 38.86199127200007], [-77.11617108799999, 38.86200204800008], [-77.11617262999994, 38.86201313300006], [-77.11617315099994, 38.86204260400007], [-77.11618332699999, 38.86204492100006], [-77.11616785699994, 38.86207854200006], [-77.11615978899994, 38.86208712500007], [-77.11614909899998, 38.862095045000046], [-77.11613925299997, 38.86210292000004], [-77.11612772699993, 38.862110501000075], [-77.11611519899998, 38.86212271000005], [-77.11610625999998, 38.86213092500003], [-77.11609372599997, 38.862143409000055], [-77.11608298099998, 38.862154185000065], [-77.11607401699996, 38.862163690000045], [-77.11606764399994, 38.86217545100004], [-77.11606125599997, 38.862187980000044], [-77.11605578599995, 38.86219840500007], [-77.11605379699995, 38.86221046500003], [-77.11605352399994, 38.86222463100006], [-77.11605679399997, 38.862237192000066], [-77.11606009399998, 38.86224824200008], [-77.11607048599996, 38.86225572400008], [-77.11608089999999, 38.86226210800004], [-77.11610168799996, 38.86227693500007], [-77.11609945099997, 38.862307362000024], [-77.11612990799995, 38.86231615100007], [-77.11607123599998, 38.86244452500006], [-77.11598724099997, 38.86261104500005], [-77.115836544, 38.86295801800003], [-77.11539196399997, 38.863609085000064], [-77.11517485899998, 38.86393879800005], [-77.11463159799996, 38.86497040100005], [-77.11424088999996, 38.86555893900004], [-77.11407381999999, 38.86576893600005], [-77.11397764399999, 38.86591282000006], [-77.11385490599997, 38.866084373000035], [-77.11351253099997, 38.86635219100003], [-77.11343978599996, 38.86648317000004], [-77.11331951399995, 38.86670692700005], [-77.11349783799994, 38.86711270400008], [-77.11353417399994, 38.86719367500007], [-77.11314328499998, 38.86729244800006], [-77.11178921299995, 38.86763453300006], [-77.11082915599997, 38.86787216400006], [-77.10709726899995, 38.86882958000007], [-77.10681372899995, 38.86891098700005], [-77.10680154299996, 38.86877513200005], [-77.10694693899995, 38.868369424000036], [-77.10704092299994, 38.86800273100005], [-77.10705189199996, 38.86781044500003], [-77.10701915999994, 38.86763463800003], [-77.10697185399994, 38.86745865800003], [-77.10690233199995, 38.86731069900003], [-77.10586470799996, 38.86595157600004], [-77.10578149099996, 38.86576385600006], [-77.10568702799998, 38.86541189700006], [-77.10554705399994, 38.86540114500008], [-77.10470797999994, 38.86538019300008], [-77.10409964399997, 38.86415096300004], [-77.10414010399995, 38.86389647100003], [-77.10349923499996, 38.86261467500003], [-77.10267641799999, 38.860981080000045], [-77.10222716599998, 38.86006670100005], [-77.10190071699998, 38.85948012500006], [-77.10176760299998, 38.859175538000045], [-77.10154279699998, 38.85897863100007], [-77.10134833699993, 38.858774561000075]]]]}}, {"type": "Feature", "properties": {"OBJECTID": 51, "CIVIC": "Columbia Forest", "COLOR": 3, "LABEL": "Columbia Forest", "GIS_ID": 45, "Pdf": "Columbia_Forest", "SHAPE_Length": 0.03633127451114332, "SHAPE_Area": 6.118288578560866e-05}, "geometry": {"type": "MultiPolygon", "coordinates": [[[[-77.10597095399999, 38.85235919000007], [-77.10605807499996, 38.85235640900004], [-77.10645012499998, 38.85234389900006], [-77.10695109999995, 38.85233059500007], [-77.10704193099997, 38.85233167300004], [-77.10749710699997, 38.852324029000044], [-77.10794076199994, 38.85233464600003], [-77.10826277399997, 38.85227972500007], [-77.10836224899998, 38.85225877100004], [-77.10859875199998, 38.85220898700004], [-77.10888113399994, 38.85208414700003], [-77.11054257099994, 38.85056596800007], [-77.11139425299996, 38.849790092000035], [-77.11253057299996, 38.84875263300006], [-77.11271870699994, 38.84847928800008], [-77.11307337499994, 38.84787267000007], [-77.11346705099999, 38.84732236600007], [-77.11353407799999, 38.84737374100007], [-77.11354182499997, 38.847379929000056], [-77.11386359199997, 38.84763087500005], [-77.11430640299994, 38.84797661600004], [-77.11445863499995, 38.84809649400006], [-77.11483220599996, 38.84838924100006], [-77.11505015799997, 38.848559323000075], [-77.11539952899994, 38.84883255900007], [-77.11594261699997, 38.84926185900008], [-77.11602911899996, 38.84932878400008], [-77.11621935899996, 38.84947931500005], [-77.11640527499998, 38.849626526000065], [-77.11650653099997, 38.84970235800006], [-77.11674518599995, 38.84989190300007], [-77.11705651299997, 38.85013722600007], [-77.11720871999995, 38.85025710000008], [-77.11740933899995, 38.850415989000055], [-77.11757899599996, 38.85054156000007], [-77.11884865399998, 38.85153685100005], [-77.11929151299995, 38.85188260100006], [-77.11971011599996, 38.85221153200007], [-77.11991766399996, 38.85237599000004], [-77.12004912999998, 38.85247914000007], [-77.12092098899996, 38.853162172000054], [-77.12101101099995, 38.85322913500005], [-77.12103299099994, 38.85324581400005], [-77.12054775499996, 38.85331346100003], [-77.11947721399997, 38.85352610900003], [-77.11854219099996, 38.85379715900007], [-77.11852979499997, 38.853800748000026], [-77.11748045699994, 38.85412437600007], [-77.11626241399995, 38.854476214000044], [-77.11482737499995, 38.854876199000046], [-77.11391494999998, 38.85513723500003], [-77.11316903199997, 38.85549044000004], [-77.11238159999994, 38.855861521000065], [-77.11202183199998, 38.85601036200006], [-77.11139449899997, 38.856138325000074], [-77.11109843699995, 38.85618364800007], [-77.11086134099997, 38.85621991900007], [-77.11085569299996, 38.85621414000008], [-77.11084533399998, 38.856206823000036], [-77.11081241199997, 38.856183943000076], [-77.11078121299994, 38.85616097400003], [-77.11077518799993, 38.85615656400006], [-77.11074131899994, 38.85613729700003], [-77.11071704399995, 38.856121303000066], [-77.11070583399999, 38.856112575000054], [-77.11069629399998, 38.85610466300005], [-77.11068679299996, 38.856096560000026], [-77.11067730299999, 38.85608787900003], [-77.11066782499995, 38.856078568000044], [-77.11065747399994, 38.85606899900006], [-77.11064623499993, 38.85605994100007], [-77.11063499799997, 38.85605080100004], [-77.11062551499998, 38.856041764000054], [-77.11061779099998, 38.85603258300006], [-77.11061018999999, 38.85602428300007], [-77.11060919199997, 38.85602322700004], [-77.11060323199996, 38.85601362800003], [-77.11059817199998, 38.85600285800007], [-77.11059486099998, 38.85599249400008], [-77.11059159199993, 38.85597993300007], [-77.11058570099993, 38.855966737000074], [-77.11057891499996, 38.855954464000035], [-77.11057385599997, 38.855943667000076], [-77.11056796399998, 38.855930554000054], [-77.11056380199994, 38.85592056400003], [-77.11055871999997, 38.855909162000046], [-77.11055192999999, 38.85589708200007], [-77.11054597599997, 38.85588712500004], [-77.11053915999997, 38.85587641700005], [-77.11053323799996, 38.85586484100003], [-77.11052729099998, 38.855854556000054], [-77.11052221299997, 38.85584471900006], [-77.11051677199998, 38.855835511000066], [-77.11051626099999, 38.85583470800003], [-77.11050848599996, 38.85582816300007], [-77.11050847599995, 38.85582868500006], [-77.11050164399995, 38.85581874500008], [-77.11049218399995, 38.85580850000008], [-77.11048359199998, 38.855798787000026], [-77.11047411599998, 38.855789394000055], [-77.11046638699997, 38.85578046000006], [-77.11045778399995, 38.855771351000044], [-77.11044828999997, 38.855762835000064], [-77.11043788999996, 38.85575584700007], [-77.11042753399994, 38.85574833800007], [-77.11041362499998, 38.85573933100005], [-77.11040234499995, 38.85573244200003], [-77.11039017699994, 38.85572600900008], [-77.11037713599995, 38.85571934700005], [-77.11036494299998, 38.855714232000025], [-77.11035102699998, 38.85570744900008], [-77.11033972899997, 38.85570146600003], [-77.11032582299998, 38.85569410700003], [-77.11031276599994, 38.85568829600004], [-77.11030229799997, 38.85568292700003], [-77.11029885499994, 38.85568118300006], [-77.11028670899998, 38.85567365300005], [-77.11027281899999, 38.85566552500006], [-77.11026069399998, 38.85565686800004], [-77.11024856799997, 38.855648322000036], [-77.11023640699995, 38.85564156000004], [-77.11022425999994, 38.85563402900004], [-77.11021034299995, 38.85562727400003], [-77.11019466899995, 38.85562055300005], [-77.11017725299996, 38.855613152000046], [-77.11016248199996, 38.85560515100008], [-77.11014509699999, 38.85559791500003], [-77.11013199399997, 38.85559262500004], [-77.11011717999997, 38.855585062000046], [-77.11010680399994, 38.85557859600004], [-77.11009550799997, 38.855572531000064], [-77.11008333199999, 38.85556653700007], [-77.11007027699998, 38.85556056100006], [-77.11005373699999, 38.85555325300004], [-77.11003893399999, 38.855546899000046], [-77.110025, 38.85553918200003], [-77.11001200499999, 38.85553197100006], [-77.10999810999994, 38.855524090000074], [-77.10998507299996, 38.855517235000036], [-77.10997284899997, 38.85551187300007], [-77.10996072499995, 38.85550684200007], [-77.10994850599997, 38.85550128700004], [-77.10993546699996, 38.85549451500003], [-77.10992243899994, 38.855487166000046], [-77.10991113599994, 38.855481430000054], [-77.10989721799996, 38.855474757000025], [-77.10988243099996, 38.85546755200005], [-77.10986762999994, 38.85546111600007], [-77.10985370899994, 38.85545458000007], [-77.10984152699996, 38.85544886100007], [-77.10982935499999, 38.85544270300005], [-77.10981371699995, 38.85543411500004], [-77.10980153299994, 38.85542856100005], [-77.10978934799994, 38.85542300700007], [-77.10977454299996, 38.85541676300005], [-77.10976146199994, 38.85541221400007], [-77.10974666499999, 38.85540553100003], [-77.10973275299995, 38.855398501000025], [-77.10972058099998, 38.85539234300006], [-77.10970751399998, 38.85538702500003], [-77.10969444799997, 38.85538165300005], [-77.10968136199995, 38.855377297000075], [-77.10966564899996, 38.85537263500004], [-77.10965343799995, 38.85536845300004], [-77.10963948899996, 38.85536334500006], [-77.10962556599998, 38.85535689200003], [-77.10961338499999, 38.85535117300003], [-77.10960297899999, 38.85534443200004], [-77.10959174399994, 38.85533702200007], [-77.10958043599999, 38.85532974800003], [-77.10956570599996, 38.85531963300008], [-77.10955530099994, 38.85531289100004], [-77.10954312099994, 38.85530709000005], [-77.10953010699996, 38.85529902700006], [-77.10952059599998, 38.855291445000034], [-77.10950846299994, 38.855283256000064], [-77.10949719799999, 38.85527557100005], [-77.10948592999995, 38.85526805000006], [-77.10947378299994, 38.855260574000056], [-77.10945984999995, 38.85525280300004], [-77.10944859999995, 38.855246161000025], [-77.10943558299994, 38.855238291000035], [-77.10942428799996, 38.85523214300008], [-77.10941036099996, 38.85522588200007], [-77.10939730099994, 38.85522023500005], [-77.10938162499997, 38.855213623000054], [-77.10936853799996, 38.85520934900006], [-77.10935632499996, 38.85520525000004], [-77.10934235399998, 38.85520129500003], [-77.10932486299998, 38.85519773800007], [-77.10930999199996, 38.855194925000035], [-77.10928985799995, 38.85519183100007], [-77.10927588099997, 38.85518815000006], [-77.10926281899998, 38.85518439800006], [-77.10924792999998, 38.855180707000045], [-77.10923393299998, 38.855178042000034], [-77.10921735399995, 38.85517276600007], [-77.10919905099996, 38.855165793000026], [-77.10918508399999, 38.85516159100007], [-77.10917111799995, 38.855157389000055], [-77.10915714999999, 38.85515326900003], [-77.10914319999995, 38.85514821600003], [-77.10913099499999, 38.855143705000046], [-77.10911441599995, 38.85513840100003], [-77.10910046799995, 38.85513329300005], [-77.10908741699996, 38.85512715200008], [-77.10907435499996, 38.85512158700004], [-77.10906306099997, 38.855115357000045], [-77.10904562099995, 38.85510921900004], [-77.10903163999996, 38.855103918000054], [-77.10901855999998, 38.85510109900008], [-77.10900369099994, 38.85509817700006], [-77.10898971699999, 38.85509433200008], [-77.10897487699998, 38.85508992700005], [-77.10896002699997, 38.85508598900003], [-77.10894430399998, 38.855081848000054], [-77.10892945399996, 38.855077910000034], [-77.10891107799995, 38.85507475400004], [-77.10889798699998, 38.85507067200007], [-77.10888487299997, 38.85506777100005], [-77.10886911799997, 38.85506525000005], [-77.10885339199996, 38.85506121900005], [-77.10883678599998, 38.85505731500007], [-77.10882192099996, 38.85505417300004], [-77.10880705699998, 38.85505097600003], [-77.10878959899998, 38.85504574400005], [-77.10877649999998, 38.85504210200003], [-77.10876251199994, 38.85503902500005], [-77.10874760399997, 38.85503626700006], [-77.10873366899995, 38.85503225700006], [-77.10872057799997, 38.85502817500003], [-77.10870487999995, 38.855022717000054], [-77.10869179499997, 38.85501836000003], [-77.10867867999997, 38.85501554100006], [-77.10867868299994, 38.85501537600004], [-77.10866471299994, 38.85501133900004], [-77.10864901599996, 38.855007638000075], [-77.10863589999997, 38.85500303400005], [-77.10862369499995, 38.85499857800005], [-77.10860881499997, 38.85499439200004], [-77.10859488399996, 38.85499019000008], [-77.10858092899997, 38.85498538400003], [-77.10856517699995, 38.85498269800007], [-77.10854947199994, 38.85497762400007], [-77.10853463399997, 38.85497308200007], [-77.10851889599996, 38.854969710000034], [-77.10850406799995, 38.854966459000025], [-77.10848830599997, 38.854962482000076], [-77.10847347299995, 38.854957693000074], [-77.10846038499994, 38.85495347400007], [-77.10844729599995, 38.85494931000005], [-77.10843333999998, 38.854944586000045], [-77.10841852199997, 38.85493902800005], [-77.10840547199996, 38.854934644000025], [-77.10839147399997, 38.85493027700005], [-77.10837841599994, 38.85492446500007], [-77.10836711999997, 38.85491842700003], [-77.10835495699996, 38.854911747000074], [-77.10834456699996, 38.85490423700003], [-77.10833151999998, 38.85489609100006], [-77.10832115299996, 38.85488918600004], [-77.10830899899997, 38.85488209400006], [-77.10829684399994, 38.85487500200003], [-77.10828644899993, 38.85486776700003], [-77.10827434799995, 38.85485793000004], [-77.10826396199997, 38.854850173000045], [-77.10825179299997, 38.854843850000066], [-77.10824053799996, 38.85483564300006], [-77.10822839899998, 38.85482778200003], [-77.10821712399996, 38.85482059100008], [-77.10820588399997, 38.85481161600006], [-77.10819549399997, 38.85480413300007], [-77.10818509999996, 38.854796788000044], [-77.10817470799998, 38.85478938700004], [-77.10816520599997, 38.854781366000054], [-77.10815482499999, 38.85477336200006], [-77.10814531599993, 38.85476569700006], [-77.10813407999996, 38.85475652900004], [-77.10812196999996, 38.85474713200006], [-77.10811156999995, 38.85474014300007], [-77.10810122699996, 38.85473016200007], [-77.10809087899997, 38.85472051100004], [-77.10808053499994, 38.85471058400003], [-77.10807103899998, 38.85470223400006], [-77.10805980299995, 38.85469309300004], [-77.10804854399998, 38.854685079000035], [-77.10803728699995, 38.854677036000055], [-77.10802694599994, 38.854666973000064], [-77.10801570799998, 38.854657915000075], [-77.10800708299996, 38.85464990400004], [-77.10799671099994, 38.85464146100003], [-77.10798546399997, 38.85463284200006], [-77.10797334499995, 38.85462393800003], [-77.10796121799996, 38.85461547400007], [-77.10795083799997, 38.85460744200003], [-77.10794048599996, 38.85459976800007], [-77.10792920499995, 38.85459106600007], [-77.10791970299994, 38.85458304500003], [-77.10791022699993, 38.854573678000065], [-77.10789986499998, 38.85456471300006], [-77.10789042699997, 38.85455336900003], [-77.10788182799996, 38.85454406800005], [-77.10787232299998, 38.85453615700004], [-77.10786547699996, 38.85452698600005], [-77.10785951599996, 38.85451746900003], [-77.10785006299994, 38.85450689400005], [-77.10784148399995, 38.85449657700008], [-77.10783198299998, 38.85448847300006], [-77.10782516399996, 38.85447793000003], [-77.10781656999995, 38.854468299000075], [-77.10780887999994, 38.85445738800007], [-77.10780026499998, 38.85444888300003], [-77.10778991699993, 38.85443923200006], [-77.10778221099997, 38.85442911700005], [-77.10777359499997, 38.854420667000056], [-77.10776501799995, 38.85441024000005], [-77.10775552799998, 38.85440158700004], [-77.10774781399994, 38.85439188400005], [-77.10773922699997, 38.85438192400005], [-77.10772981999997, 38.85436901600008], [-77.10772122399999, 38.85435955000003], [-77.10771923999994, 38.854356808000034], [-77.10771352999996, 38.85434883100004], [-77.10770231499998, 38.854338565000035], [-77.10769457799995, 38.85433007100005], [-77.10768598199996, 38.854320604000065], [-77.10767738299995, 38.85431127600003], [-77.10766790899999, 38.85430177200004], [-77.10765755499995, 38.85429239500007], [-77.10764544699998, 38.85428296900005], [-77.10763330999998, 38.85427315900006], [-77.10762384099996, 38.85426522100005], [-77.10761345099996, 38.85425773800006], [-77.10760394899995, 38.85424968900003], [-77.10759356999995, 38.85424160200006], [-77.10758407299994, 38.85423333400007], [-77.10757281999997, 38.85422504500008], [-77.10756158899994, 38.854215630000056], [-77.10755209099995, 38.85420738900007], [-77.10753998199993, 38.85419796300005], [-77.10753137499995, 38.854189019000046], [-77.10752012499995, 38.85418062000008], [-77.10750974199993, 38.85417272500007], [-77.10749853899995, 38.85416185500003], [-77.10748385799997, 38.854151054000056], [-77.10747084799993, 38.85414101400005], [-77.10745871399996, 38.854132906000075], [-77.10744746899996, 38.854124177000074], [-77.10743623399998, 38.85411495500006], [-77.10742587299995, 38.85410598900006], [-77.10741637399997, 38.85409780300006], [-77.10740248899998, 38.85408940000008], [-77.10739124899999, 38.85408042500006], [-77.10738000499998, 38.85407172400005], [-77.10737140099997, 38.85406261400004], [-77.10736278699994, 38.85405410900006], [-77.10735334599997, 38.85404290300005], [-77.10734299399996, 38.85403344400004], [-77.10733176299993, 38.85402402900007], [-77.10732226699997, 38.85401567800005], [-77.10731192499998, 38.85400569700005], [-77.10730155999994, 38.85399689600007], [-77.10729553699997, 38.85399056400007], [-77.10729295899995, 38.853987705000065], [-77.10728345099994, 38.853979958000025], [-77.10727040299997, 38.85397370700008], [-77.10725558599995, 38.85396812100004], [-77.10724337999994, 38.853963692000036], [-77.10722854499994, 38.85395904000006], [-77.10721194699994, 38.85395472400006], [-77.10719712099996, 38.85394957800003], [-77.10718491999995, 38.85394490200008], [-77.10716925499997, 38.85393774100004], [-77.10715709299996, 38.85393108900007], [-77.10714671299996, 38.85392305700003], [-77.10713631599998, 38.853915904000075], [-77.10712508099994, 38.85390668100007], [-77.10711382299996, 38.85389863900008], [-77.10710876499996, 38.85388784200006], [-77.10709845899999, 38.85387599300003], [-77.10708984299998, 38.85386757100008], [-77.10708392999999, 38.85385555500005], [-77.10707362799997, 38.85384351500005], [-77.10706418399997, 38.853832501000056], [-77.10705559599995, 38.85382262300004], [-77.10705217199995, 38.85381810600006], [-77.10704788599998, 38.85381272800004], [-77.10704021899994, 38.85380063700006], [-77.10703164999995, 38.85378979800004], [-77.10702303999994, 38.85378104600005], [-77.10701537299997, 38.85376892700003], [-77.10700771099994, 38.85375656100007], [-77.10699913499997, 38.853746079000075], [-77.10699061099996, 38.85373293400005], [-77.10698290699997, 38.853722710000056], [-77.10697262199994, 38.85370981800003], [-77.10696579299997, 38.85369976900006], [-77.10695811399995, 38.853688282000064], [-77.10695216799996, 38.853677996000044], [-77.10694272699999, 38.85366681700003], [-77.10693496899995, 38.85365760800005], [-77.10692643099998, 38.85364696200003], [-77.10691787099995, 38.85363562900005], [-77.10690844199996, 38.85362384600006], [-77.10689899399995, 38.85361305200007], [-77.10688952199996, 38.853601653000055], [-77.10688014999994, 38.853588745000025], [-77.10687419499999, 38.85357889800008], [-77.10686654999995, 38.85356568200007], [-77.10685978099997, 38.85355255700006], [-77.10685294699994, 38.85354278300008], [-77.10684522699995, 38.85353340900008], [-77.10683839499995, 38.853521740000076], [-77.10683254699995, 38.85351], [-77.10682920699998, 38.85349933300006], [-77.10682591499994, 38.853488035000055], [-77.10682084899997, 38.853477594000026], [-77.10681228299995, 38.85346659100003], [-77.10680369199997, 38.85345687800003], [-77.10679330899995, 38.85344722600007], [-77.10678388399998, 38.85343700800007], [-77.10677264999998, 38.853427758000066], [-77.10675966799994, 38.853418102000035], [-77.106748397, 38.853410746000066], [-77.10673622699994, 38.85340450600006], [-77.10672314599998, 38.853399902000035], [-77.10671007299999, 38.85339494100003], [-77.10669786999995, 38.85339040200006], [-77.10668478599996, 38.85338596300005], [-77.10667518899999, 38.85338285600005], [-77.10666908099995, 38.85338088900005], [-77.10665602099994, 38.85337524200003], [-77.10664305499995, 38.85336660300004], [-77.10663089099995, 38.853358220000075], [-77.10661785099995, 38.853351529000065], [-77.10660750299996, 38.85334187800004], [-77.10659720099994, 38.85333165000003], [-77.10658856099997, 38.853322623000054], [-77.10658174999998, 38.85331164000007], [-77.10657493799994, 38.853300740000066], [-77.10657075399996, 38.853290145000074], [-77.10656306999994, 38.85327896000007], [-77.10655098699993, 38.85326818900006], [-77.10654147799994, 38.85326052400006], [-77.10653112799997, 38.85325095500008], [-77.10652252699998, 38.85324176300003], [-77.10651398799996, 38.853229387000056], [-77.10650451899994, 38.85321966300006], [-77.10649679799997, 38.85321031800004], [-77.10648733599999, 38.85320023700007], [-77.10647875199999, 38.853190194000035], [-77.10647275399998, 38.853180759000054], [-77.10646420199998, 38.85317085400004], [-77.10645481099994, 38.85315890700008], [-77.10644621499995, 38.85314765600003], [-77.10643676399997, 38.85313699900007], [-77.10642907699997, 38.85312592300005], [-77.10642052299994, 38.853114316000074], [-77.106413692, 38.85310437600003], [-77.10640598599997, 38.85309431600007], [-77.10640002599996, 38.85308471700006], [-77.10639321199994, 38.853073926000036], [-77.10638549599997, 38.853064361000065], [-77.10638376799994, 38.85306291200004], [-77.10637519799997, 38.85305215600005], [-77.10636749099996, 38.85304212300008], [-77.10636418599995, 38.85303324200004], [-77.10635644099995, 38.85302337400003], [-77.10634786199995, 38.853013057000055], [-77.10634015199997, 38.85300318900005], [-77.10633330999997, 38.852993826000045], [-77.10632737199995, 38.85298312800006], [-77.10631790999997, 38.852973048000024], [-77.10631194299998, 38.85296380500006], [-77.10630244499998, 38.852955619000056], [-77.10629473799997, 38.852945559000034], [-77.10628527799997, 38.852933611000026], [-77.10627931699997, 38.85292409400006], [-77.10627165699998, 38.852913458000046], [-77.10626658099994, 38.85290353900007], [-77.10625979099996, 38.85289151300003], [-77.10625295999995, 38.85288157400004], [-77.10624612999999, 38.85287163400005], [-77.10623929599996, 38.85286183200003], [-77.10623246399996, 38.85285197500008], [-77.10622741199995, 38.85284084800003], [-77.10622238899998, 38.85283005100007], [-77.10621639799996, 38.85282028700004], [-77.10620958899995, 38.852809222000076], [-77.10620452899997, 38.852798534000044], [-77.10619947399994, 38.85278757200007], [-77.10619440999994, 38.85277705000004], [-77.10619112599994, 38.852765340000076], [-77.10618784999997, 38.85275319100003], [-77.10618372899995, 38.852741141000024], [-77.10618126099996, 38.85273081400004], [-77.10617623799999, 38.85271820500003], [-77.10617205099999, 38.852707775000056], [-77.10616961399995, 38.85269761300003], [-77.10616962499995, 38.85269703700004], [-77.10616809199996, 38.852685595000025], [-77.10616478699995, 38.85267490100006], [-77.10615977899994, 38.85266155000005], [-77.10615298999994, 38.852649470000074], [-77.10614704699998, 38.85263899100005], [-77.10613944399995, 38.85262544500006], [-77.10613170099998, 38.85261546800007], [-77.10612574299995, 38.85260578600003], [-77.10611806599996, 38.85259421600006], [-77.10611125299994, 38.852583398000036], [-77.10610531499998, 38.85257270000005], [-77.10610112399996, 38.85256243500004], [-77.10609516599999, 38.852552753000055], [-77.10608752299999, 38.85253945300008], [-77.10608072599996, 38.852527784000074], [-77.10607476999996, 38.85251799200006], [-77.10607134299994, 38.85251364000004], [-77.10606793199997, 38.85250843700004], [-77.10606286999996, 38.85249786000003], [-77.10605517299996, 38.852485493000074], [-77.10604668599996, 38.85247226600006], [-77.10603810099997, 38.85246222400008], [-77.10603042299994, 38.85245070900004], [-77.10602361099996, 38.85243980800004], [-77.10601505799997, 38.85242814600008], [-77.10601162499995, 38.85242406800006], [-77.10597095399999, 38.85235919000007]]]]}}, {"type": "Feature", "properties": {"OBJECTID": 52, "CIVIC": "Shirlington", "COLOR": 2, "LABEL": "Shirlington", "GIS_ID": 63, "Pdf": "Shirlington", "SHAPE_Length": 0.08429387461286098, "SHAPE_Area": 7.849777815722544e-05}, "geometry": {"type": "MultiPolygon", "coordinates": [[[[-77.09684790999995, 38.84561049200005], [-77.09678693923811, 38.845639062914394], [-77.09672631626884, 38.84566836456269], [-77.09666604985249, 38.845698392711704], [-77.09660614869061, 38.845729143024066], [-77.09654662143433, 38.84576061105599], [-77.09648747669158, 38.845792792266344], [-77.09642872299997, 38.845825682000054], [-77.09632547099994, 38.84569716000004], [-77.09630855399996, 38.845677900000055], [-77.09628233599994, 38.84565176600006], [-77.09622887599994, 38.84561178200005], [-77.09615738799994, 38.845569125000054], [-77.09596007199997, 38.84544873100003], [-77.09572521199993, 38.84531866800006], [-77.09554766999997, 38.84523232200007], [-77.09533235599997, 38.84514798400005], [-77.09515592899999, 38.84508501100004], [-77.09486226399997, 38.84498743900008], [-77.09470769799998, 38.844932106000044], [-77.09444782899999, 38.84483493600004], [-77.09414352099998, 38.84472596000006], [-77.09398072499994, 38.84467082000003], [-77.09381199599994, 38.84461560900007], [-77.09367188499994, 38.844567522000034], [-77.09344197399997, 38.844489801000066], [-77.09324208399994, 38.84441743700006], [-77.09306174899996, 38.84434887700007], [-77.09292134599997, 38.84429257600004], [-77.09274703599993, 38.84421944700006], [-77.09260677999998, 38.84415565000006], [-77.09241360999994, 38.84406658900008], [-77.09219074199996, 38.84395574900003], [-77.09190338299999, 38.84380486800006], [-77.09172579499995, 38.84371278000003], [-77.09160741899996, 38.84365067200008], [-77.09150627799994, 38.843594127000074], [-77.09135297699999, 38.84349732900006], [-77.09120607099999, 38.84340025100005], [-77.09106643399997, 38.84330504700006], [-77.090957485, 38.843227702000036], [-77.09086025799996, 38.84315799400008], [-77.09074107299995, 38.84306731700008], [-77.09051475399997, 38.842900032000045], [-77.09028356099998, 38.84272518900008], [-77.09002429999998, 38.842515382000045], [-77.08995769199998, 38.842467104000036], [-77.08984647999995, 38.84238901600003], [-77.08980589799995, 38.842363541000054], [-77.08969345599996, 38.842301503000044], [-77.08959807099995, 38.84225430500004], [-77.08944820099998, 38.84219217400005], [-77.08930809199995, 38.84214444000003], [-77.08920920299994, 38.84211290800005], [-77.089102, 38.84208627400005], [-77.08898242199996, 38.842062346000034], [-77.08888595499997, 38.842046907000054], [-77.08880030799997, 38.842038381000066], [-77.08867089799998, 38.842026831000055], [-77.08858362699993, 38.84202265600004], [-77.08847914099994, 38.84201939500008], [-77.08832787099993, 38.842023588000075], [-77.08819906099995, 38.84203246000004], [-77.08803073099995, 38.84204406300006], [-77.08783058899996, 38.84205768700008], [-77.08771815099993, 38.84206795700004], [-77.08760661799994, 38.84208425000003], [-77.08748624699996, 38.84210685000005], [-77.08742808999995, 38.84211937800006], [-77.08728951899997, 38.84215538500007], [-77.08713995799997, 38.84220288400007], [-77.08702273299997, 38.84224796700005], [-77.08695502799998, 38.84227681200008], [-77.08685155799998, 38.842326067000045], [-77.08676350099995, 38.84237350400008], [-77.08668676699995, 38.84241827200003], [-77.08659959199997, 38.842472935000046], [-77.08646704099993, 38.84256753300008], [-77.08624873999997, 38.84272241900004], [-77.08613382199997, 38.84280640800006], [-77.08596956499997, 38.84292346800004], [-77.08591555799995, 38.84295929100006], [-77.08587712099995, 38.84298528100004], [-77.08569501399995, 38.84311136600007], [-77.08572555799998, 38.84325524800005], [-77.08573326799996, 38.84329164400003], [-77.08571716499995, 38.84357429700003], [-77.08571651599993, 38.843607242000076], [-77.08569754699994, 38.84403537600008], [-77.08481223199993, 38.843879163000054], [-77.08266695599997, 38.84351279100008], [-77.08244798599998, 38.84375454900004], [-77.08183844499996, 38.844427805000066], [-77.08150623899996, 38.844794980000074], [-77.08128738599999, 38.84508012500004], [-77.08120637099995, 38.845206537000024], [-77.08099285799995, 38.84560159000006], [-77.08092722399994, 38.84572437000003], [-77.08098156999995, 38.84617264000008], [-77.08106554299997, 38.84689862300007], [-77.07996381799995, 38.84738508800007], [-77.07984092099997, 38.84742899400004], [-77.08000071099997, 38.84764850000005], [-77.08039079099996, 38.84812746800003], [-77.08068352999999, 38.84847693200004], [-77.08104111199998, 38.84879370500005], [-77.08124447799997, 38.848974686000076], [-77.08127970168937, 38.849], [-77.0776913105865, 38.849], [-77.0777562, 38.8489196], [-77.0779836, 38.8486364], [-77.0782104, 38.8483596], [-77.078435, 38.8480853], [-77.0786692, 38.847798], [-77.0787906, 38.8476456], [-77.0792606, 38.8470796], [-77.0796412, 38.8466247], [-77.0798158, 38.8464077], [-77.081893, 38.8440345], [-77.0821419, 38.8437604], [-77.0823479, 38.8435331], [-77.08241350571308, 38.84346225359387], [-77.0826647, 38.843505], [-77.0848099, 38.8438714], [-77.0856974, 38.8439782], [-77.085731, 38.8432839], [-77.0857161, 38.8432137], [-77.0856927, 38.8431036], [-77.08519053967512, 38.84062688015838], [-77.0853872, 38.840446], [-77.0856203, 38.8402263], [-77.0861525, 38.8397383], [-77.0864461, 38.8394877], [-77.0865, 38.83944892231052], [-77.0865, 38.8398874453797], [-77.086533851181, 38.83984504215313], [-77.08659776999997, 38.839769001000036], [-77.08679048599998, 38.839592390000064], [-77.08697275899993, 38.83943525400008], [-77.08717233799996, 38.83927160800005], [-77.08757166099997, 38.83895838900003], [-77.08764781199994, 38.83895380600006], [-77.08781085599998, 38.83894399600007], [-77.08789570399995, 38.838874377000025], [-77.08797969899996, 38.838813309000045], [-77.08808026099996, 38.838744950000034], [-77.08815577399997, 38.83869769300003], [-77.08844696099999, 38.83853904600005], [-77.08847554799996, 38.83852347100003], [-77.08868979599998, 38.83841735200008], [-77.08885258399994, 38.83858666300006], [-77.08905559299996, 38.83879780600006], [-77.08906213099993, 38.838804613000036], [-77.08906859599995, 38.838811528000065], [-77.08907495499994, 38.838818497000034], [-77.08908117299995, 38.83882549200007], [-77.08908731899999, 38.83883256900003], [-77.08909332299999, 38.83883969800007], [-77.08909929199996, 38.83884685500004], [-77.08910511899995, 38.838854092000076], [-77.08911083899994, 38.83886138300005], [-77.08911645299997, 38.83886872800008], [-77.08912192599996, 38.83887609800007], [-77.08912732699997, 38.83888355000005], [-77.08913258799998, 38.838891028000035], [-77.08913774099994, 38.83889855900003], [-77.08914278899994, 38.83890614400008], [-77.08914773099997, 38.83891375500008], [-77.08915256599994, 38.83892142000008], [-77.08915725999998, 38.838929138000026], [-77.08916188299997, 38.83893688300003], [-77.08916636399994, 38.838944681000044], [-77.08917070399997, 38.838952532000064], [-77.08917493799999, 38.83896040900004], [-77.08917906699998, 38.83896831200008], [-77.08918308899996, 38.83897626900006], [-77.08918696999996, 38.838984252000046], [-77.08919074499994, 38.838992261000044], [-77.08919441399996, 38.83900032400004], [-77.08919794099995, 38.839008412000055], [-77.08920136299997, 38.83901652700007], [-77.08920464499994, 38.83902464000005], [-77.08920781899997, 38.83903286100008], [-77.08921085299994, 38.83904105400006], [-77.08921378099996, 38.839049300000056], [-77.08921656799998, 38.83905754400007], [-77.08921924899994, 38.839065842000025], [-77.08922182499998, 38.83907413900005], [-77.08922422499995, 38.83908246100003], [-77.08922655299995, 38.83909083700007], [-77.08922874099994, 38.839099211000075], [-77.08923107199996, 38.839107478000074], [-77.08923326099995, 38.839115797000034], [-77.08923530999994, 38.83912408700007], [-77.08923725299996, 38.83913243200004], [-77.08923905399996, 38.83914080100004], [-77.08924075099998, 38.83914917000004], [-77.08924227099999, 38.83915756400006], [-77.08924368599997, 38.839165956000045], [-77.08924496099996, 38.83917437500003], [-77.08924609399998, 38.83918281900003], [-77.089247087, 38.83919126100005], [-77.08924793899996, 38.83919970200003], [-77.08924872099993, 38.839208142000075], [-77.08924929199998, 38.839216607000026], [-77.08924975799994, 38.839225070000055], [-77.08925008299997, 38.839233559000036], [-77.08925026699995, 38.83924202000003], [-77.08925034599997, 38.83925050600004], [-77.09074139399996, 38.83931235600005], [-77.09075759199999, 38.83920270600004], [-77.09213972199996, 38.83944719100003], [-77.09398718499995, 38.839776898000025], [-77.09420974399995, 38.83916993300005], [-77.09618399899995, 38.840736863000075], [-77.09629984999998, 38.84074868400006], [-77.09642724299994, 38.84075207400008], [-77.09652272199997, 38.84074810800007], [-77.09659655999997, 38.840741165000054], [-77.09666975999994, 38.84073089100008], [-77.09676252999998, 38.84071280500007], [-77.09683352099995, 38.84069520000003], [-77.09696246699997, 38.84065505600006], [-77.09706700899994, 38.84061313700005], [-77.09716645399999, 38.84056429200007], [-77.09724352599994, 38.840519381000036], [-77.09731632599994, 38.84047030000005], [-77.09976283199995, 38.84239112400007], [-77.10096149399999, 38.843328513000074], [-77.10198963099998, 38.84318423600007], [-77.10298069099997, 38.84241889400005], [-77.10502381299995, 38.84081748600005], [-77.10586151399997, 38.84017112500004], [-77.10587537799995, 38.84018227400003], [-77.10702476099993, 38.84138497400005], [-77.10703164899996, 38.841391921000024], [-77.10706603499995, 38.84142940100003], [-77.10700922799998, 38.841461680000066], [-77.10683513599997, 38.84156671100004], [-77.10682713199998, 38.84157202500006], [-77.10681825199998, 38.84157724700003], [-77.10680933999998, 38.84158235900003], [-77.10680137499997, 38.84158751000007], [-77.10678362199997, 38.84159759700003], [-77.10677562599994, 38.841602555000065], [-77.10675787999998, 38.84161231200005], [-77.10674900899994, 38.84161709500006], [-77.10673126999995, 38.84162649600006], [-77.10672240199995, 38.84163111400005], [-77.10671265699995, 38.84163569400005], [-77.10670379199996, 38.84164014700008], [-77.10669492599999, 38.84164468300003], [-77.10668518499995, 38.841649043000075], [-77.10667632199994, 38.841653387000065], [-77.10666658299994, 38.84165766500007], [-77.10665772299996, 38.84166187100004], [-77.10664798699997, 38.841666012000076], [-77.10663912899997, 38.84167010800007], [-77.10662939499997, 38.84167411200008], [-77.10669459399998, 38.84183728900007], [-77.10621256699994, 38.84195082800005], [-77.10562540299998, 38.84202316100004], [-77.10527518399994, 38.84207186200007], [-77.10493575599997, 38.84214710800006], [-77.10474240899998, 38.84224171900007], [-77.10434273199996, 38.842518908000045], [-77.10413708599998, 38.842666234000035], [-77.10402343899995, 38.84271777200007], [-77.10365958499995, 38.84288963200004], [-77.10328617299996, 38.84297325600005], [-77.10277578699998, 38.84315224000005], [-77.10229999299997, 38.84328753200003], [-77.10180114499997, 38.84344899200005], [-77.10152877099995, 38.84355147200006], [-77.10129054599997, 38.843636727000046], [-77.10106252399999, 38.84377499400006], [-77.10133013199999, 38.84405240700005], [-77.10170458999994, 38.84465820500003], [-77.10191223399994, 38.844814486000075], [-77.10108663399996, 38.84537583500003], [-77.10079198599993, 38.84671974200006], [-77.10066271099998, 38.84730954200006], [-77.10048071599994, 38.84727653400006], [-77.10035477899999, 38.84725369500006], [-77.10034441799996, 38.84725197900008], [-77.10033409299996, 38.847250263000035], [-77.10032376799995, 38.84724852000005], [-77.10031347799998, 38.84724675000007], [-77.10030315299997, 38.84724497900004], [-77.10029286399998, 38.847243209000055], [-77.10028253999997, 38.84724138300004], [-77.10027225199997, 38.84723955800007], [-77.10026196399997, 38.847237705000055], [-77.10025167599997, 38.84723585200004], [-77.10024138799997, 38.847233972000026], [-77.10023109999997, 38.84723211900007], [-77.10022084899998, 38.84723018500006], [-77.10021056199997, 38.847228277000056], [-77.10020031199997, 38.84722628700007], [-77.10019006099998, 38.84722432500007], [-77.10017981099998, 38.84722236300007], [-77.10016956099997, 38.84722034600003], [-77.10015931099997, 38.84721835700003], [-77.10014909599994, 38.847216340000045], [-77.10013888299994, 38.84721426900006], [-77.10012863399999, 38.84721219700003], [-77.10011842099993, 38.84721012500006], [-77.10010820799994, 38.84720802600003], [-77.10009799599999, 38.84720590000006], [-77.10008781899995, 38.847203774000036], [-77.10007760699995, 38.84720162000008], [-77.10006742999997, 38.84719946600006], [-77.10005725399998, 38.84719728500005], [-77.10004707799999, 38.84719507700004], [-77.10003690199994, 38.847192869000025], [-77.10002672699994, 38.847190633000025], [-77.10001655299999, 38.847188370000026], [-77.10000641299996, 38.84718610700003], [-77.09999630899995, 38.84718381700003], [-77.09998613499994, 38.84718152600004], [-77.09997599699994, 38.84717920800006], [-77.09996585899995, 38.84717686300007], [-77.09995575599999, 38.84717451800003], [-77.09994561899998, 38.84717214500006], [-77.09993551699995, 38.847169773000076], [-77.09992541499997, 38.84716737300005], [-77.09991531399999, 38.84716494600008], [-77.09990524799997, 38.84716251900005], [-77.09989514699998, 38.847160065000025], [-77.09988508199996, 38.84715758300007], [-77.09987501699999, 38.847155101000055], [-77.09986495299995, 38.84715259200004], [-77.09985488899997, 38.84715008300003], [-77.09984485999996, 38.84714754700008], [-77.09983479599998, 38.84714498300008], [-77.09982480299993, 38.84714242000007], [-77.09981474099999, 38.847139828000024], [-77.09980471299997, 38.84713723700003], [-77.09979472099997, 38.84713461900003], [-77.09978469399994, 38.847131973000046], [-77.09977470299998, 38.84712932800005], [-77.09976471199997, 38.84712665400008], [-77.09975472099995, 38.84712398100004], [-77.09974476499997, 38.84712128100006], [-77.09973477499994, 38.84711855300003], [-77.09972482099994, 38.84711582600005], [-77.09971486599994, 38.84711307100008], [-77.09970491299998, 38.84711028800007], [-77.09969499399995, 38.84710750600004], [-77.09968503999994, 38.847104724000076], [-77.09967512299994, 38.847101887000065], [-77.09966520499995, 38.847099050000054], [-77.09965528799995, 38.84709621300004], [-77.09964540599998, 38.84709334900003], [-77.09963548899998, 38.847090457000036], [-77.09962560799994, 38.84708756600003], [-77.09961572699996, 38.84708464700003], [-77.09960588199993, 38.847081701000036], [-77.09959600099995, 38.84707875500004], [-77.09958615599999, 38.847075809000046], [-77.09957631199995, 38.847072808000064], [-77.09956646799998, 38.847069807000025], [-77.09955665899997, 38.84706680700003], [-77.09954681499994, 38.84706377900005], [-77.09953700699998, 38.84706072300003], [-77.09952719999995, 38.84705766800005], [-77.09951739199994, 38.84705458500008], [-77.09950761999994, 38.84705147500006], [-77.09949781299997, 38.847048365000035], [-77.099488077, 38.84704525600006], [-77.09947830599998, 38.84704209100005], [-77.09946853499997, 38.84703892600004], [-77.09945879999998, 38.84703573500008], [-77.09944902999996, 38.84703257000007], [-77.09943932999994, 38.84702935100006], [-77.09942963099996, 38.84702613200005], [-77.09941989599997, 38.847022913000046], [-77.09941019799999, 38.84701963900005], [-77.09940049999994, 38.84701636600005], [-77.09939083699999, 38.847013065000056], [-77.09938117499996, 38.84700976400006], [-77.09937147699998, 38.847006435000026], [-77.09936184999998, 38.847003108000024], [-77.09935218899994, 38.846999752000045], [-77.09934256199995, 38.846996397000055], [-77.09933290199996, 38.84699298600003], [-77.09932331099998, 38.84698960400004], [-77.09931368599996, 38.84698616600008], [-77.09930409599997, 38.846982757000035], [-77.09929450599998, 38.84697929200007], [-77.09928491699998, 38.84697582700005], [-77.09927532799998, 38.84697233500003], [-77.09926577499994, 38.84696884400006], [-77.09925622199995, 38.84696532400005], [-77.09924666899997, 38.846961805000035], [-77.09923715099995, 38.846958259000075], [-77.09922759899996, 38.84695471300006], [-77.09921808199994, 38.84695111100007], [-77.09920860099999, 38.84694753800005], [-77.09919908399996, 38.84694393700005], [-77.09918960399995, 38.84694030900005], [-77.09918012399999, 38.84693665300006], [-77.09917064299998, 38.84693299800006], [-77.09916119799993, 38.846929343000056], [-77.09915175399993, 38.84692566000007], [-77.09914230999993, 38.84692195000008], [-77.09913290099996, 38.846918240000036], [-77.09912345799995, 38.84691450300005], [-77.09911404999997, 38.846910738000076], [-77.09910467699996, 38.846906974000035], [-77.09909526899997, 38.84690321000005], [-77.09908589799994, 38.84689939100008], [-77.09907652599998, 38.84689559900005], [-77.09906718999997, 38.84689175300008], [-77.09905785299998, 38.84688793400005], [-77.09904855299999, 38.846884061000026], [-77.09903918199996, 38.84688018700007], [-77.09902988199997, 38.84687631400004], [-77.09902054799994, 38.84687238600003], [-77.09901128399997, 38.846868458000074], [-77.09900198399998, 38.84686453000006], [-77.09899272099995, 38.84686057500005], [-77.09898345699997, 38.84685662000004], [-77.09897419399994, 38.84685263700004], [-77.09896496599998, 38.84684865500003], [-77.09895570399993, 38.84684464500003], [-77.09894651199994, 38.846840608000036], [-77.09893731999995, 38.84683657200003], [-77.09892812899994, 38.846832508000034], [-77.09891893799994, 38.84682841600005], [-77.09890978199996, 38.846824353000045], [-77.09890059199995, 38.84682023400006], [-77.09889147199993, 38.84681611600007], [-77.09888231699995, 38.84681197000003], [-77.09887319799998, 38.84680782400005], [-77.09886407899995, 38.84680367800007], [-77.09885495999998, 38.84679947800004], [-77.09884587699997, 38.84679530500006], [-77.09883679399996, 38.84679107800008], [-77.09882771099996, 38.84678685000006], [-77.09881866399996, 38.846782623000024], [-77.09880961699997, 38.84677836800006], [-77.09880056999998, 38.84677408600004], [-77.09879155899995, 38.846769805000065], [-77.09878254799997, 38.846765496000046], [-77.09877353699994, 38.84676118700003], [-77.09876452699996, 38.84675685000008], [-77.09875558699997, 38.84675251400006], [-77.09874661099997, 38.84674817800004], [-77.09873763699994, 38.84674378700004], [-77.09872873299997, 38.84673939700008], [-77.09871975999994, 38.846734979000075], [-77.09871085599997, 38.84673056100007], [-77.09870195299999, 38.84672614300007], [-77.09869304999995, 38.84672169800007], [-77.09868418299999, 38.84671722600007], [-77.09867528099994, 38.846712754000066], [-77.09866644899995, 38.84670825500007], [-77.09865758299998, 38.84670375500008], [-77.09864875199997, 38.846699228000034], [-77.09863992099997, 38.84669467400005], [-77.09863112499994, 38.84669014800005], [-77.09862232999996, 38.846685567000065], [-77.09861353499997, 38.84668101300008], [-77.09860477599995, 38.84667640500004], [-77.09859601699998, 38.846671797000056], [-77.09858725799995, 38.84666716100003], [-77.09857853399996, 38.846662526000046], [-77.09856981099995, 38.846657864000065], [-77.09856108799994, 38.84665320100004], [-77.09855240099995, 38.84664851100007], [-77.09854371399996, 38.84664382200003], [-77.09853506199994, 38.846639105000065], [-77.09852640999998, 38.84663438800004], [-77.09851775899995, 38.846629644000075], [-77.09850910799997, 38.84662490000005], [-77.09850049299996, 38.84662012900003], [-77.09849187799995, 38.84661533000008], [-77.09848329799996, 38.84661053200006], [-77.09847471799998, 38.846605734000036], [-77.09846613799994, 38.84660090800003], [-77.09845759499996, 38.84659605500008], [-77.09844905099999, 38.84659120200007], [-77.09844054299998, 38.84658635000005], [-77.09843199899996, 38.84658147000005], [-77.09842352699997, 38.84657656300004], [-77.09841501899996, 38.84657165600004], [-77.09840654799996, 38.846566722000034], [-77.09839807599997, 38.84656178700004], [-77.09838963999994, 38.84655682600004], [-77.09838120299997, 38.846551892000036], [-77.09837276699994, 38.846546903000046], [-77.09836436699999, 38.84654188800005], [-77.09835596599999, 38.84653689900006], [-77.098347602, 38.84653185700006], [-77.09833923699995, 38.84652684100007], [-77.09833087299995, 38.84652177100003], [-77.09832254499997, 38.84651670100004], [-77.09831421599995, 38.846511631000055], [-77.09830592299994, 38.84650653400007], [-77.09829759499996, 38.84650143700003], [-77.09754115799996, 38.846036552000044], [-77.09705192599995, 38.84573587800003], [-77.09684790999995, 38.84561049200005]]]]}}, {"type": "Feature", "properties": {"OBJECTID": 53, "CIVIC": "Douglas Park", "COLOR": 5, "LABEL": "Douglas Park", "GIS_ID": 29, "Pdf": "Douglas_Park", "SHAPE_Length": 0.06723217104187612, "SHAPE_Area": 0.00019947372584439002}, "geometry": {"type": "MultiPolygon", "coordinates": [[[[-77.08843667399998, 38.85611854700005], [-77.08852147199997, 38.855506889000026], [-77.08852014599995, 38.855160015000024], [-77.08853707699996, 38.854783017000045], [-77.08865913999995, 38.85447645700003], [-77.08902544699998, 38.85397030900003], [-77.08925278699996, 38.853671219000034], [-77.08942648199996, 38.85343019600003], [-77.08964238399994, 38.85322334600005], [-77.09013223699998, 38.85294190800005], [-77.09073486499994, 38.85273667900003], [-77.09115259099997, 38.85223798000004], [-77.09194309199995, 38.85121469000006], [-77.09311422899998, 38.84976743200008], [-77.09312403199993, 38.849611270000025], [-77.09342858099996, 38.84924496800005], [-77.09393548499997, 38.84855342600008], [-77.09452521399999, 38.84781901800005], [-77.09512710799999, 38.84704372700003], [-77.09526308499994, 38.84687284600005], [-77.09553207799996, 38.84655482800008], [-77.09583410099998, 38.846265525000035], [-77.09617433099999, 38.845980807000046], [-77.09621007542134, 38.84595768288167], [-77.09624602368974, 38.84593487694564], [-77.0962821729663, 38.84591239098881], [-77.0963185204091, 38.845890226783006], [-77.09635506314778, 38.845868386072645], [-77.09639179831262, 38.84584687058017], [-77.09642872299997, 38.845825682000054], [-77.09648747669158, 38.845792792266344], [-77.09654662143433, 38.84576061105599], [-77.09660614869061, 38.845729143024066], [-77.09666604985249, 38.845698392711704], [-77.09672631626884, 38.84566836456269], [-77.09678693923811, 38.845639062914394], [-77.09684790999995, 38.84561049200005], [-77.09705192599995, 38.84573587800003], [-77.09754115799996, 38.846036552000044], [-77.09829759499996, 38.84650143700003], [-77.09830592299994, 38.84650653400007], [-77.09831421599995, 38.846511631000055], [-77.09832254499997, 38.84651670100004], [-77.09833087299995, 38.84652177100003], [-77.09833923699995, 38.84652684100007], [-77.098347602, 38.84653185700006], [-77.09835596599999, 38.84653689900006], [-77.09836436699999, 38.84654188800005], [-77.09837276699994, 38.846546903000046], [-77.09838120299997, 38.846551892000036], [-77.09838963999994, 38.84655682600004], [-77.09839807599997, 38.84656178700004], [-77.09840654799996, 38.846566722000034], [-77.09841501899996, 38.84657165600004], [-77.09842352699997, 38.84657656300004], [-77.09843199899996, 38.84658147000005], [-77.09844054299998, 38.84658635000005], [-77.09844905099999, 38.84659120200007], [-77.09845759499996, 38.84659605500008], [-77.09846613799994, 38.84660090800003], [-77.09847471799998, 38.846605734000036], [-77.09848329799996, 38.84661053200006], [-77.09849187799995, 38.84661533000008], [-77.09850049299996, 38.84662012900003], [-77.09850910799997, 38.84662490000005], [-77.09851775899995, 38.846629644000075], [-77.09852640999998, 38.84663438800004], [-77.09853506199994, 38.846639105000065], [-77.09854371399996, 38.84664382200003], [-77.09855240099995, 38.84664851100007], [-77.09856108799994, 38.84665320100004], [-77.09856981099995, 38.846657864000065], [-77.09857853399996, 38.846662526000046], [-77.09858725799995, 38.84666716100003], [-77.09859601699998, 38.846671797000056], [-77.09860477599995, 38.84667640500004], [-77.09861353499997, 38.84668101300008], [-77.09862232999996, 38.846685567000065], [-77.09863112499994, 38.84669014800005], [-77.09863992099997, 38.84669467400005], [-77.09864875199997, 38.846699228000034], [-77.09865758299998, 38.84670375500008], [-77.09866644899995, 38.84670825500007], [-77.09867528099994, 38.846712754000066], [-77.09868418299999, 38.84671722600007], [-77.09869304999995, 38.84672169800007], [-77.09870195299999, 38.84672614300007], [-77.09871085599997, 38.84673056100007], [-77.09871975999994, 38.846734979000075], [-77.09872873299997, 38.84673939700008], [-77.09873763699994, 38.84674378700004], [-77.09874661099997, 38.84674817800004], [-77.09875558699997, 38.84675251400006], [-77.09876452699996, 38.84675685000008], [-77.09877353699994, 38.84676118700003], [-77.09878254799997, 38.846765496000046], [-77.09879155899995, 38.846769805000065], [-77.09880056999998, 38.84677408600004], [-77.09880961699997, 38.84677836800006], [-77.09881866399996, 38.846782623000024], [-77.09882771099996, 38.84678685000006], [-77.09883679399996, 38.84679107800008], [-77.09884587699997, 38.84679530500006], [-77.09885495999998, 38.84679947800004], [-77.09886407899995, 38.84680367800007], [-77.09887319799998, 38.84680782400005], [-77.09888231699995, 38.84681197000003], [-77.09889147199993, 38.84681611600007], [-77.09890059199995, 38.84682023400006], [-77.09890978199996, 38.846824353000045], [-77.09891893799994, 38.84682841600005], [-77.09892812899994, 38.846832508000034], [-77.09893731999995, 38.84683657200003], [-77.09894651199994, 38.846840608000036], [-77.09895570399993, 38.84684464500003], [-77.09896496599998, 38.84684865500003], [-77.09897419399994, 38.84685263700004], [-77.09898345699997, 38.84685662000004], [-77.09899272099995, 38.84686057500005], [-77.09900198399998, 38.84686453000006], [-77.09901128399997, 38.846868458000074], [-77.09902054799994, 38.84687238600003], [-77.09902988199997, 38.84687631400004], [-77.09903918199996, 38.84688018700007], [-77.09904855299999, 38.846884061000026], [-77.09905785299998, 38.84688793400005], [-77.09906718999997, 38.84689175300008], [-77.09907652599998, 38.84689559900005], [-77.09908589799994, 38.84689939100008], [-77.09909526899997, 38.84690321000005], [-77.09910467699996, 38.846906974000035], [-77.09911404999997, 38.846910738000076], [-77.09912345799995, 38.84691450300005], [-77.09913290099996, 38.846918240000036], [-77.09914230999993, 38.84692195000008], [-77.09915175399993, 38.84692566000007], [-77.09916119799993, 38.846929343000056], [-77.09917064299998, 38.84693299800006], [-77.09918012399999, 38.84693665300006], [-77.09918960399995, 38.84694030900005], [-77.09919908399996, 38.84694393700005], [-77.09920860099999, 38.84694753800005], [-77.09921808199994, 38.84695111100007], [-77.09922759899996, 38.84695471300006], [-77.09923715099995, 38.846958259000075], [-77.09924666899997, 38.846961805000035], [-77.09925622199995, 38.84696532400005], [-77.09926577499994, 38.84696884400006], [-77.09927532799998, 38.84697233500003], [-77.09928491699998, 38.84697582700005], [-77.09929450599998, 38.84697929200007], [-77.09930409599997, 38.846982757000035], [-77.09931368599996, 38.84698616600008], [-77.09932331099998, 38.84698960400004], [-77.09933290199996, 38.84699298600003], [-77.09934256199995, 38.846996397000055], [-77.09935218899994, 38.846999752000045], [-77.09936184999998, 38.847003108000024], [-77.09937147699998, 38.847006435000026], [-77.09938117499996, 38.84700976400006], [-77.09939083699999, 38.847013065000056], [-77.09940049999994, 38.84701636600005], [-77.09941019799999, 38.84701963900005], [-77.09941989599997, 38.847022913000046], [-77.09942963099996, 38.84702613200005], [-77.09943932999994, 38.84702935100006], [-77.09944902999996, 38.84703257000007], [-77.09945879999998, 38.84703573500008], [-77.09946853499997, 38.84703892600004], [-77.09947830599998, 38.84704209100005], [-77.099488077, 38.84704525600006], [-77.09949781299997, 38.847048365000035], [-77.09950761999994, 38.84705147500006], [-77.09951739199994, 38.84705458500008], [-77.09952719999995, 38.84705766800005], [-77.09953700699998, 38.84706072300003], [-77.09954681499994, 38.84706377900005], [-77.09955665899997, 38.84706680700003], [-77.09956646799998, 38.847069807000025], [-77.09957631199995, 38.847072808000064], [-77.09958615599999, 38.847075809000046], [-77.09959600099995, 38.84707875500004], [-77.09960588199993, 38.847081701000036], [-77.09961572699996, 38.84708464700003], [-77.09962560799994, 38.84708756600003], [-77.09963548899998, 38.847090457000036], [-77.09964540599998, 38.84709334900003], [-77.09965528799995, 38.84709621300004], [-77.09966520499995, 38.847099050000054], [-77.09967512299994, 38.847101887000065], [-77.09968503999994, 38.847104724000076], [-77.09969499399995, 38.84710750600004], [-77.09970491299998, 38.84711028800007], [-77.09971486599994, 38.84711307100008], [-77.09972482099994, 38.84711582600005], [-77.09973477499994, 38.84711855300003], [-77.09974476499997, 38.84712128100006], [-77.09975472099995, 38.84712398100004], [-77.09976471199997, 38.84712665400008], [-77.09977470299998, 38.84712932800005], [-77.09978469399994, 38.847131973000046], [-77.09979472099997, 38.84713461900003], [-77.09980471299997, 38.84713723700003], [-77.09981474099999, 38.847139828000024], [-77.09982480299993, 38.84714242000007], [-77.09983479599998, 38.84714498300008], [-77.09984485999996, 38.84714754700008], [-77.09985488899997, 38.84715008300003], [-77.09986495299995, 38.84715259200004], [-77.09987501699999, 38.847155101000055], [-77.09988508199996, 38.84715758300007], [-77.09989514699998, 38.847160065000025], [-77.09990524799997, 38.84716251900005], [-77.09991531399999, 38.84716494600008], [-77.09992541499997, 38.84716737300005], [-77.09993551699995, 38.847169773000076], [-77.09994561899998, 38.84717214500006], [-77.09995575599999, 38.84717451800003], [-77.09996585899995, 38.84717686300007], [-77.09997599699994, 38.84717920800006], [-77.09998613499994, 38.84718152600004], [-77.09999630899995, 38.84718381700003], [-77.10000641299996, 38.84718610700003], [-77.10001655299999, 38.847188370000026], [-77.10002672699994, 38.847190633000025], [-77.10003690199994, 38.847192869000025], [-77.10004707799999, 38.84719507700004], [-77.10005725399998, 38.84719728500005], [-77.10006742999997, 38.84719946600006], [-77.10007760699995, 38.84720162000008], [-77.10008781899995, 38.847203774000036], [-77.10009799599999, 38.84720590000006], [-77.10010820799994, 38.84720802600003], [-77.10011842099993, 38.84721012500006], [-77.10012863399999, 38.84721219700003], [-77.10013888299994, 38.84721426900006], [-77.10014909599994, 38.847216340000045], [-77.10015931099997, 38.84721835700003], [-77.10016956099997, 38.84722034600003], [-77.10017981099998, 38.84722236300007], [-77.10019006099998, 38.84722432500007], [-77.10020031199997, 38.84722628700007], [-77.10021056199997, 38.847228277000056], [-77.10022084899998, 38.84723018500006], [-77.10023109999997, 38.84723211900007], [-77.10024138799997, 38.847233972000026], [-77.10025167599997, 38.84723585200004], [-77.10026196399997, 38.847237705000055], [-77.10027225199997, 38.84723955800007], [-77.10028253999997, 38.84724138300004], [-77.10029286399998, 38.847243209000055], [-77.10030315299997, 38.84724497900004], [-77.10031347799998, 38.84724675000007], [-77.10032376799995, 38.84724852000005], [-77.10033409299996, 38.847250263000035], [-77.10034441799996, 38.84725197900008], [-77.10035477899999, 38.84725369500006], [-77.10048071599994, 38.84727653400006], [-77.10066271099998, 38.84730954200006], [-77.10105127099996, 38.847380014000066], [-77.10111229999995, 38.84736034700006], [-77.10114513599996, 38.84735465700004], [-77.10117806499994, 38.847351898000056], [-77.10121190599995, 38.84735202400003], [-77.10133556299996, 38.84737179100006], [-77.10151361999993, 38.84741216900005], [-77.10171791499994, 38.84747443800006], [-77.10182474999993, 38.84749531700004], [-77.10186398099995, 38.847496327000044], [-77.10190549099997, 38.84750071900004], [-77.10194621599999, 38.84750838400004], [-77.10198573399998, 38.84751923600004], [-77.10202265799995, 38.84753280900003], [-77.10205008099996, 38.84754216500005], [-77.10207703199995, 38.84755424600007], [-77.10210214499995, 38.84756855000006], [-77.10212511499998, 38.847584905000076], [-77.10214567399998, 38.847603122000066], [-77.10216357399997, 38.84762297800006], [-77.10217848299999, 38.847644065000054], [-77.10220660899995, 38.84769248900005], [-77.10224153599995, 38.847763206000025], [-77.10227457899998, 38.84783010800004], [-77.10228001099995, 38.84783677300004], [-77.10228679199997, 38.84784345700007], [-77.10229442299999, 38.84784955300006], [-77.10230281699995, 38.84785499900005], [-77.10231189199999, 38.84785974000005], [-77.10232154199997, 38.84786371600006], [-77.10233166899997, 38.84786689200007], [-77.10234311499994, 38.847869443000036], [-77.10245015299995, 38.84789460600007], [-77.10250584499994, 38.84791310300005], [-77.10255834199995, 38.84793742200003], [-77.10265725999994, 38.84800341000005], [-77.10274946299995, 38.84807923900007], [-77.10292075899997, 38.84825127400006], [-77.10295655799996, 38.84828545100004], [-77.10298737299996, 38.84830888500005], [-77.10308649199999, 38.84836521400007], [-77.10318572899996, 38.84843190600003], [-77.10326021899994, 38.84849157600007], [-77.10333755399995, 38.848545976000025], [-77.10345358999996, 38.848596873000076], [-77.10357780999993, 38.84863704300005], [-77.10361977599996, 38.848648454000056], [-77.10380355699994, 38.84869919300007], [-77.10381235099999, 38.84870183400005], [-77.10382132199999, 38.84870539900004], [-77.10382972399998, 38.84870964600003], [-77.10383823099994, 38.848715078000055], [-77.10384476299998, 38.84872014000007], [-77.10385059199996, 38.84872570400006], [-77.10385667799994, 38.848732795000046], [-77.10386131799999, 38.84873977700005], [-77.10386452999995, 38.848746145000064], [-77.10394049199994, 38.84887624600003], [-77.10397262499998, 38.84892428100005], [-77.10401163499995, 38.848968555000056], [-77.10405731999998, 38.84900890800003], [-77.10412338499998, 38.84905656600006], [-77.10418687499998, 38.849113629000044], [-77.10422368899998, 38.84915412200007], [-77.10426028799998, 38.84919474600008], [-77.10429273199998, 38.84923973800005], [-77.10431844399994, 38.84928591900007], [-77.10437972799997, 38.84939777300008], [-77.10438987999999, 38.84941147400008], [-77.10440182199994, 38.849424439000074], [-77.10441534399996, 38.849436413000035], [-77.10443031899996, 38.849447283000075], [-77.10444659199999, 38.84945694000004], [-77.10446400999996, 38.84946529300004], [-77.10448241199998, 38.84947226400004], [-77.10467484499998, 38.849527875000035], [-77.10486566099996, 38.849578448000045], [-77.10489427299996, 38.84958494800003], [-77.10492306599997, 38.84958885300006], [-77.10495221699995, 38.84959023300007], [-77.10498200799998, 38.849589051000066], [-77.10500494499996, 38.84958470000004], [-77.10502207899998, 38.849580237000055], [-77.10505728399994, 38.849569003000056], [-77.10508829399998, 38.84955831000008], [-77.10512199799996, 38.84954870300004], [-77.10515189199998, 38.84954299900005], [-77.10517356099996, 38.849539761000074], [-77.10518636999996, 38.849539062000076], [-77.10520048699993, 38.84953976700007], [-77.10521581199998, 38.84954211300004], [-77.10523040499999, 38.849546076000024], [-77.10524341099995, 38.84955114100006], [-77.10525476899994, 38.84955739900005], [-77.10526459599998, 38.84956457200008], [-77.10528520899999, 38.84958481000007], [-77.10533992399996, 38.84965463700007], [-77.10535058299996, 38.84966824000003], [-77.10538357099995, 38.84972471200007], [-77.10539323899997, 38.84974721100008], [-77.10539984499997, 38.84977038900007], [-77.10540331299995, 38.849793985000076], [-77.10540360699997, 38.84981773800007], [-77.10540088899995, 38.84984003300008], [-77.10540232599999, 38.84997563400003], [-77.10541192599999, 38.850079538000045], [-77.10542400699995, 38.85019474600006], [-77.10543699699997, 38.850260811000055], [-77.10545859599995, 38.85032530500007], [-77.10548861599995, 38.85038773200006], [-77.10552728299996, 38.85044828000008], [-77.10564332599995, 38.85065291500007], [-77.10571778499997, 38.85081049000007], [-77.10577011899994, 38.850915900000075], [-77.10582836199995, 38.851024609000035], [-77.10589654399996, 38.85112977400007], [-77.10593169799995, 38.85119335200005], [-77.10596751299994, 38.851271911000026], [-77.10597446599996, 38.85129060500003], [-77.10598334499997, 38.85130764000007], [-77.10599443599995, 38.85132385900005], [-77.10600761899997, 38.85133908300003], [-77.10602274599995, 38.85135314400003], [-77.10603982799995, 38.851366023000026], [-77.10612870299997, 38.85142353600003], [-77.10615914999994, 38.85144685300003], [-77.10618642099996, 38.85147263500005], [-77.10621008899994, 38.85150049300006], [-77.10622989099994, 38.85153012200004], [-77.10624559799999, 38.85156118900005], [-77.10625718099999, 38.85159374300008], [-77.10626421799998, 38.85162828400007], [-77.10626719299995, 38.85165346300005], [-77.10626854599997, 38.85168257200007], [-77.10626429199993, 38.85171050300005], [-77.10625635199995, 38.85174118800006], [-77.10624918099995, 38.85176136200005], [-77.10622655099996, 38.85182715900004], [-77.10619474099997, 38.85189743600006], [-77.10618341899993, 38.85192509400008], [-77.10616685199994, 38.85196553700007], [-77.10612655099999, 38.852049099000055], [-77.10609638099999, 38.85210740700006], [-77.10605983099998, 38.852202559000034], [-77.10605259399995, 38.852225186000055], [-77.10605004299998, 38.85224673700003], [-77.10605807499996, 38.85235640900004], [-77.10597095399999, 38.85235919000007], [-77.10431601299996, 38.852387890000045], [-77.10418906599543, 38.852391431285575], [-77.10406263430558, 38.85240339416939], [-77.10393727599875, 38.852423725849796], [-77.10381354439595, 38.85245233658133], [-77.10369198565239, 38.852489100077015], [-77.10357313632002, 38.85253385406315], [-77.10345752099994, 38.85258640100005], [-77.10360311999995, 38.85273285900007], [-77.10381811899998, 38.852949128000034], [-77.10384877283555, 38.8529776413858], [-77.10387974213293, 38.85300581181672], [-77.10391102306674, 38.85303363580169], [-77.1039426117495, 38.853061109895854], [-77.10397450427038, 38.85308823069044], [-77.10400669668793, 38.8531149948309], [-77.10403918499998, 38.85314139900004], [-77.10405907771194, 38.853158543329414], [-77.10407891754646, 38.85317574882083], [-77.10409870431612, 38.85319301531489], [-77.10411843783366, 38.853210342644154], [-77.10413811790993, 38.853227730643084], [-77.10415774436107, 38.853245179149894], [-77.10417731699994, 38.85326268800003], [-77.10455777099997, 38.853658901000074], [-77.10482907199997, 38.85391188600005], [-77.10488127051018, 38.85396068281748], [-77.10493392326127, 38.85400898914576], [-77.10498702565381, 38.854056800759274], [-77.1050405730275, 38.85410411347038], [-77.1050945606966, 38.85415092313723], [-77.10514898394273, 38.85419722566562], [-77.10520383799997, 38.854243017000044], [-77.10531116888242, 38.85432894166048], [-77.10541991502787, 38.854413068001115], [-77.10553004631218, 38.854495372719605], [-77.10564153222002, 38.854575833009214], [-77.1057543418613, 38.85465442658005], [-77.10586844399305, 38.85473113166086], [-77.10598380699997, 38.85480592700003], [-77.10611597837017, 38.854887756276575], [-77.10624951696849, 38.854967334810674], [-77.10638438447857, 38.85504463976758], [-77.10652054219098, 38.855119648957036], [-77.10665795102653, 38.85519234085495], [-77.10679657155818, 38.85526269459972], [-77.10693636399998, 38.85533069000007], [-77.1070884081436, 38.85539990918676], [-77.10724152666911, 38.85546671812789], [-77.10739568137431, 38.85553110015643], [-77.10755083378898, 38.85559303920308], [-77.10770694520137, 38.85565251981733], [-77.10786397666917, 38.85570952715841], [-77.10802188899999, 38.85576404700004], [-77.10882678099995, 38.856010464000065], [-77.10886122289499, 38.856018485459224], [-77.10889602970002, 38.85602473641938], [-77.10893111045878, 38.85602920054588], [-77.10896637350378, 38.85603186617117], [-77.10900172669227, 38.85603272633397], [-77.10903707765006, 38.85603177878476], [-77.10907233399996, 38.856029026000044], [-77.10911741010936, 38.85602269740545], [-77.10916279611082, 38.85601923071503], [-77.10920831048496, 38.85601863979718], [-77.10925377118836, 38.85602092701264], [-77.10929899640904, 38.856026083212775], [-77.10934380527031, 38.85603408777933], [-77.10938801855808, 38.85604490869445], [-77.1094314594411, 38.856058502684384], [-77.10947395418405, 38.8560748153759], [-77.10951533282785, 38.85609378152912], [-77.1095554298772, 38.85611532528855], [-77.10959408496636, 38.8561393604923], [-77.10963114349615, 38.85616579100955], [-77.10966645725061, 38.85619451113368], [-77.10969988499994, 38.85622540600008], [-77.10971302819071, 38.85624266815063], [-77.10972543087613, 38.85626046979724], [-77.10973707093943, 38.856278779199776], [-77.10974792762498, 38.85629756370508], [-77.10975798157145, 38.856316789816454], [-77.10976721485186, 38.85633642325371], [-77.10977561099998, 38.85635642900007], [-77.1097772608384, 38.856360699210605], [-77.10977886836656, 38.85636498552867], [-77.10978043343128, 38.85636928753592], [-77.10978195587084, 38.85637360480904], [-77.10978343553973, 38.85637793692604], [-77.1097848722977, 38.85638228346438], [-77.10978626599996, 38.856386644000054], [-77.10940627399998, 38.85645195400008], [-77.10889574699996, 38.85659424800008], [-77.10817686399997, 38.85679723000004], [-77.10560930499997, 38.85756205200005], [-77.10239052699995, 38.85847727000004], [-77.10134833699993, 38.858774561000075], [-77.10014145399998, 38.859125789000075], [-77.09871956699999, 38.85953334200008], [-77.09668460799998, 38.860059404000026], [-77.09389141599996, 38.860786922000045], [-77.09204636199996, 38.861282638000034], [-77.09118023099995, 38.86151533100008], [-77.08825762499998, 38.862259479000045], [-77.08779790299997, 38.86238230200007], [-77.08703531099997, 38.862574635000044], [-77.08700643899994, 38.862380194000025], [-77.08697917599994, 38.862046932000055], [-77.08696500499997, 38.86153936900007], [-77.08696287199996, 38.86115887400007], [-77.08701490899995, 38.86085281900006], [-77.08718081499995, 38.86029324300006], [-77.08741293099996, 38.85953342200003], [-77.08763471199995, 38.85880774800006], [-77.08794616799997, 38.857842074000075], [-77.08828603799998, 38.85677771700006], [-77.08831478399998, 38.85665182500003], [-77.08843667399998, 38.85611854700005]]]]}}, {"type": "Feature", "properties": {"OBJECTID": 54, "CIVIC": "Chain Bridge Forest", "COLOR": 5, "LABEL": "Chain Bridge Forest\r\nBridge\r\nForest", "GIS_ID": 1, "Pdf": "Chain_Bridge_Forest", "SHAPE_Length": 0.023062313178458475, "SHAPE_Area": 2.2094364867627985e-05}, "geometry": {"type": "MultiPolygon", "coordinates": [[[[-77.12528705199998, 38.92921842700008], [-77.12457430299997, 38.92752129000007], [-77.12336234099996, 38.927658130000054], [-77.12378274799994, 38.92700126400007], [-77.12425021699994, 38.926822755000046], [-77.12450659199999, 38.926652757000056], [-77.12482345199999, 38.92644502200005], [-77.12503481799996, 38.92623879800004], [-77.12527477399993, 38.926008194000076], [-77.12560071199994, 38.92569341400008], [-77.12546145399995, 38.925552837000055], [-77.12545872999993, 38.92555008700003], [-77.12580881899999, 38.925196595000045], [-77.12814776499994, 38.92300184800007], [-77.12850358399999, 38.92316532500007], [-77.12862267199995, 38.92336992000003], [-77.12863007599998, 38.923376130000065], [-77.12863758799995, 38.923382177000065], [-77.12864541999994, 38.92338806200007], [-77.12865339599995, 38.92339375700004], [-77.12866158699995, 38.92339929000008], [-77.12866999099998, 38.92340468800006], [-77.12867857399993, 38.92340986800008], [-77.12868726699998, 38.92341488500006], [-77.12869617399997, 38.923419685000056], [-77.12870525999995, 38.92342432200007], [-77.12871449099998, 38.92342874000008], [-77.12872386699996, 38.92343296900003], [-77.12873342099994, 38.923437007000075], [-77.12874308599999, 38.923440827000036], [-77.12875285899997, 38.92344445600003], [-77.12876281299998, 38.92344786700005], [-77.12877280499998, 38.92345106000005], [-77.12878294299998, 38.92345403400003], [-77.12879318899996, 38.92345684400004], [-77.12880354699996, 38.923459327000046], [-77.12881394199997, 38.92346167200003], [-77.12882444799999, 38.923463800000036], [-77.12883499299994, 38.92346568000005], [-77.12884564799998, 38.92346731500004], [-77.12885630599999, 38.92346878500007], [-77.12935158799996, 38.92404021400006], [-77.12936942599998, 38.92406145600006], [-77.12937519499997, 38.92406860800003], [-77.12938089299996, 38.92407581400005], [-77.12938648499994, 38.92408304700007], [-77.12939200499994, 38.92409033300004], [-77.12939745499995, 38.924097646000064], [-77.12940279799994, 38.92410501300003], [-77.12940806999995, 38.92411240600006], [-77.12941327099998, 38.924119854000025], [-77.12941836599998, 38.924127327000065], [-77.12942338999994, 38.924134828000035], [-77.12942830899993, 38.924142354000026], [-77.12943311999999, 38.92414993400007], [-77.12943786099999, 38.924157541000056], [-77.12944253099994, 38.92416520200004], [-77.12944712999996, 38.924172862000034], [-77.12945158799994, 38.924180576000026], [-77.12945597499998, 38.92418831600003], [-77.12948335499993, 38.92454350200006], [-77.12950542599998, 38.92509927800006], [-77.12998783799998, 38.92509210700007], [-77.130307884, 38.92502562200008], [-77.13047389299999, 38.92532127000004], [-77.13082248999996, 38.92574970100003], [-77.13047751799996, 38.926011248000066], [-77.13032759599997, 38.92613032500003], [-77.13025982099998, 38.92618170900005], [-77.13008854699996, 38.926314267000066], [-77.12977091599998, 38.926563197000064], [-77.12929978899996, 38.926933907000034], [-77.12907138499997, 38.92711247900007], [-77.12890724099998, 38.92723962700006], [-77.12856095799998, 38.92751567900007], [-77.12830401199994, 38.927715885000055], [-77.12817905299994, 38.92781602900004], [-77.12785427399996, 38.928070363000074], [-77.12770790999997, 38.92818673200003], [-77.12748668499995, 38.92835714700004], [-77.12734388699994, 38.92847081200006], [-77.12725113599998, 38.92854112500004], [-77.12685855299998, 38.92884961100003], [-77.12656943799993, 38.92907689800006], [-77.12633388499995, 38.92926087400008], [-77.12608757599997, 38.929455707000045], [-77.12584839999994, 38.929645132000076], [-77.12556998099996, 38.929864303000045], [-77.12537011499995, 38.93001848800003], [-77.12536300399995, 38.93002450100005], [-77.12523091299994, 38.93012944600008], [-77.12522021099994, 38.93013755900006], [-77.12502720499998, 38.92993758800003], [-77.12470635999995, 38.92943406000006], [-77.12528705199998, 38.92921842700008]]]]}}, {"type": "Feature", "properties": {"OBJECTID": 55, "CIVIC": "Green Valley", "COLOR": 4, "LABEL": "Green Valley", "GIS_ID": 21, "Pdf": "Green_Valley", "SHAPE_Length": 0.061282322425102634, "SHAPE_Area": 0.00014203119021101782}, "geometry": {"type": "MultiPolygon", "coordinates": [[[[-77.08417008599997, 38.85596523500004], [-77.08395367599996, 38.85518548400006], [-77.08173069199995, 38.85571338600005], [-77.08153637599997, 38.85523871200007], [-77.08187869399995, 38.85515494500004], [-77.08169480299995, 38.85468589000004], [-77.08211825399997, 38.85458390700006], [-77.08205144799996, 38.85441009700003], [-77.08307143299999, 38.85308781600003], [-77.08345558099995, 38.85302102600008], [-77.08311056899998, 38.85181685100008], [-77.08291984999994, 38.85115823500007], [-77.08274256399994, 38.85053273300008], [-77.08257154299997, 38.84994575200005], [-77.08251962099996, 38.849799088000054], [-77.08199069099999, 38.84948588000003], [-77.08163141399996, 38.84925276300004], [-77.08124447799997, 38.848974686000076], [-77.08104111199998, 38.84879370500005], [-77.08068352999999, 38.84847693200004], [-77.08039079099996, 38.84812746800003], [-77.08000071099997, 38.84764850000005], [-77.07984092099997, 38.84742899400004], [-77.07996381799995, 38.84738508800007], [-77.08106554299997, 38.84689862300007], [-77.08098156999995, 38.84617264000008], [-77.08092722399994, 38.84572437000003], [-77.08099285799995, 38.84560159000006], [-77.08120637099995, 38.845206537000024], [-77.08128738599999, 38.84508012500004], [-77.08150623899996, 38.844794980000074], [-77.08183844499996, 38.844427805000066], [-77.08244798599998, 38.84375454900004], [-77.08266695599997, 38.84351279100008], [-77.08481223199993, 38.843879163000054], [-77.08569754699994, 38.84403537600008], [-77.08571651599993, 38.843607242000076], [-77.08571716499995, 38.84357429700003], [-77.08573326799996, 38.84329164400003], [-77.08572555799998, 38.84325524800005], [-77.08569501399995, 38.84311136600007], [-77.08587712099995, 38.84298528100004], [-77.08591555799995, 38.84295929100006], [-77.08596956499997, 38.84292346800004], [-77.08613382199997, 38.84280640800006], [-77.08624873999997, 38.84272241900004], [-77.08646704099993, 38.84256753300008], [-77.08659959199997, 38.842472935000046], [-77.08668676699995, 38.84241827200003], [-77.08676350099995, 38.84237350400008], [-77.08685155799998, 38.842326067000045], [-77.08695502799998, 38.84227681200008], [-77.08702273299997, 38.84224796700005], [-77.08713995799997, 38.84220288400007], [-77.08728951899997, 38.84215538500007], [-77.08742808999995, 38.84211937800006], [-77.08748624699996, 38.84210685000005], [-77.08760661799994, 38.84208425000003], [-77.08771815099993, 38.84206795700004], [-77.08783058899996, 38.84205768700008], [-77.08803073099995, 38.84204406300006], [-77.08819906099995, 38.84203246000004], [-77.08832787099993, 38.842023588000075], [-77.08847914099994, 38.84201939500008], [-77.08858362699993, 38.84202265600004], [-77.08867089799998, 38.842026831000055], [-77.08880030799997, 38.842038381000066], [-77.08888595499997, 38.842046907000054], [-77.08898242199996, 38.842062346000034], [-77.089102, 38.84208627400005], [-77.08920920299994, 38.84211290800005], [-77.08930809199995, 38.84214444000003], [-77.08944820099998, 38.84219217400005], [-77.08959807099995, 38.84225430500004], [-77.08969345599996, 38.842301503000044], [-77.08980589799995, 38.842363541000054], [-77.08984647999995, 38.84238901600003], [-77.08995769199998, 38.842467104000036], [-77.09002429999998, 38.842515382000045], [-77.09028356099998, 38.84272518900008], [-77.09051475399997, 38.842900032000045], [-77.09074107299995, 38.84306731700008], [-77.09086025799996, 38.84315799400008], [-77.090957485, 38.843227702000036], [-77.09106643399997, 38.84330504700006], [-77.09120607099999, 38.84340025100005], [-77.09135297699999, 38.84349732900006], [-77.09150627799994, 38.843594127000074], [-77.09160741899996, 38.84365067200008], [-77.09172579499995, 38.84371278000003], [-77.09190338299999, 38.84380486800006], [-77.09219074199996, 38.84395574900003], [-77.09241360999994, 38.84406658900008], [-77.09260677999998, 38.84415565000006], [-77.09274703599993, 38.84421944700006], [-77.09292134599997, 38.84429257600004], [-77.09306174899996, 38.84434887700007], [-77.09324208399994, 38.84441743700006], [-77.09344197399997, 38.844489801000066], [-77.09367188499994, 38.844567522000034], [-77.09381199599994, 38.84461560900007], [-77.09398072499994, 38.84467082000003], [-77.09414352099998, 38.84472596000006], [-77.09444782899999, 38.84483493600004], [-77.09470769799998, 38.844932106000044], [-77.09486226399997, 38.84498743900008], [-77.09515592899999, 38.84508501100004], [-77.09533235599997, 38.84514798400005], [-77.09554766999997, 38.84523232200007], [-77.09572521199993, 38.84531866800006], [-77.09596007199997, 38.84544873100003], [-77.09615738799994, 38.845569125000054], [-77.09622887599994, 38.84561178200005], [-77.09628233599994, 38.84565176600006], [-77.09630855399996, 38.845677900000055], [-77.09632547099994, 38.84569716000004], [-77.09642872299997, 38.845825682000054], [-77.09639179831262, 38.84584687058017], [-77.09635506314778, 38.845868386072645], [-77.0963185204091, 38.845890226783006], [-77.0962821729663, 38.84591239098881], [-77.09624602368974, 38.84593487694564], [-77.09621007542134, 38.84595768288167], [-77.09617433099999, 38.845980807000046], [-77.09583410099998, 38.846265525000035], [-77.09553207799996, 38.84655482800008], [-77.09526308499994, 38.84687284600005], [-77.09512710799999, 38.84704372700003], [-77.09452521399999, 38.84781901800005], [-77.09393548499997, 38.84855342600008], [-77.09342858099996, 38.84924496800005], [-77.09312403199993, 38.849611270000025], [-77.09311422899998, 38.84976743200008], [-77.09194309199995, 38.85121469000006], [-77.09115259099997, 38.85223798000004], [-77.09073486499994, 38.85273667900003], [-77.09013223699998, 38.85294190800005], [-77.08964238399994, 38.85322334600005], [-77.08942648199996, 38.85343019600003], [-77.08925278699996, 38.853671219000034], [-77.08902544699998, 38.85397030900003], [-77.08865913999995, 38.85447645700003], [-77.08853707699996, 38.854783017000045], [-77.08852014599995, 38.855160015000024], [-77.08852147199997, 38.855506889000026], [-77.08843667399998, 38.85611854700005], [-77.08831478399998, 38.85665182500003], [-77.08788984199998, 38.85671168700003], [-77.08663987899996, 38.85699275600007], [-77.08572527999996, 38.85718624200007], [-77.08452968599994, 38.85745388300006], [-77.08351546599994, 38.85766724100006], [-77.08277550599996, 38.857693598000026], [-77.08208864399995, 38.857769939000036], [-77.08185287399994, 38.85783758300005], [-77.08126923799995, 38.85795086500008], [-77.08106025199999, 38.857292520000044], [-77.08363013399997, 38.856631512000035], [-77.08402906899994, 38.85652648100006], [-77.08384548599997, 38.85604095700006], [-77.08417008599997, 38.85596523500004]]]]}}, {"type": "Feature", "properties": {"OBJECTID": 56, "CIVIC": "Colonial Village", "COLOR": 1, "LABEL": "Colonial Village", "GIS_ID": 56, "Pdf": "Colonial_Village", "SHAPE_Length": 0.024715031738629954, "SHAPE_Area": 3.229352674764572e-05}, "geometry": {"type": "MultiPolygon", "coordinates": [[[[-77.08580252299998, 38.89118989800005], [-77.08591621799997, 38.891723425000066], [-77.08603321899994, 38.892588413000055], [-77.08612969499995, 38.893453786000066], [-77.08627165799999, 38.894482491000076], [-77.08630825199998, 38.89469028600007], [-77.08648327299994, 38.89568407500008], [-77.08648855299998, 38.89592436300006], [-77.08573419099997, 38.89611588300005], [-77.08520315499999, 38.89626560100004], [-77.08488812799999, 38.89631711200008], [-77.08457378099996, 38.89632348500004], [-77.08322237699997, 38.89634780700004], [-77.08206893099998, 38.89636607400007], [-77.08159690399998, 38.896465109000076], [-77.08118835299996, 38.89654925800005], [-77.08090989099998, 38.896670647000064], [-77.07939305399998, 38.89739863600005], [-77.07882872799996, 38.89766485000007], [-77.07869955399997, 38.897717906000025], [-77.07859629499995, 38.89714413200005], [-77.07847657499997, 38.896351270000025], [-77.07844318299993, 38.895958042000075], [-77.07836150399999, 38.89530978100004], [-77.07829330599998, 38.89474914400006], [-77.07823979399996, 38.89433573600007], [-77.07820058899995, 38.894124255000065], [-77.07876103399997, 38.89389833600006], [-77.07971271499997, 38.893473389000064], [-77.08054763999996, 38.89310955000008], [-77.08176597699998, 38.89259683200004], [-77.08217017799996, 38.89242225700008], [-77.08335051899996, 38.89196947600004], [-77.08397820299996, 38.89173547400003], [-77.08406676899995, 38.89170246300006], [-77.08467896199994, 38.891496446000076], [-77.08525069899997, 38.89145483800007], [-77.08580252299998, 38.89118989800005]]]]}}, {"type": "Feature", "properties": {"OBJECTID": 57, "CIVIC": "Cherrydale", "COLOR": 3, "LABEL": "Cherrydale", "GIS_ID": 34, "Pdf": "Cherrydale", "SHAPE_Length": 0.06313530068193185, "SHAPE_Area": 0.00012944050689783624}, "geometry": {"type": "MultiPolygon", "coordinates": [[[[-77.10299686299999, 38.90039730600006], [-77.10313942999994, 38.90003657900007], [-77.10320447099997, 38.90004232200005], [-77.10342144399993, 38.900088839000034], [-77.10415366299998, 38.89930118900003], [-77.10473441799996, 38.89943440600007], [-77.10497230999994, 38.89948940700003], [-77.10510720499997, 38.89941961100004], [-77.10523333099997, 38.89907785400004], [-77.10536296899994, 38.89873613800006], [-77.10600318099995, 38.898883785000066], [-77.10610316199995, 38.89862135100003], [-77.10627719399997, 38.89816485400007], [-77.10632537399994, 38.89803633400004], [-77.10637717399999, 38.89790239300004], [-77.10642886599999, 38.89777394200007], [-77.10648077099995, 38.897634510000046], [-77.10658436799997, 38.897366626000064], [-77.10668413199994, 38.89711517400008], [-77.10687189199996, 38.896572037000055], [-77.10586657599998, 38.896311455000045], [-77.10561938499995, 38.89625085400007], [-77.10503943799995, 38.896088158000055], [-77.10460236299997, 38.89602167500004], [-77.10411901299994, 38.89598567100006], [-77.10354552299998, 38.89611615700005], [-77.10295319199997, 38.89624861300007], [-77.10233982999995, 38.89637642200006], [-77.10182791399995, 38.89634745500007], [-77.10083255999996, 38.89633560400006], [-77.09985379699998, 38.896220965000055], [-77.09985012399994, 38.89603646900008], [-77.10023630999996, 38.89493076200006], [-77.10030731499995, 38.89471850500007], [-77.10047165799995, 38.894227228000034], [-77.10063434099999, 38.89373597600007], [-77.10080605399997, 38.89318881200006], [-77.10095935699997, 38.892835931000036], [-77.10121576699999, 38.89244998000004], [-77.10133972299997, 38.89227749300005], [-77.10141141799994, 38.89217770400006], [-77.10169440999994, 38.89192934300007], [-77.10202290799998, 38.891601448000074], [-77.10246781899997, 38.89130926300004], [-77.10279404699997, 38.891095767000024], [-77.10326643499997, 38.89089540400005], [-77.10387077499996, 38.89068518500005], [-77.10632631999994, 38.890095461000044], [-77.10694150499995, 38.88994770800008], [-77.10754797499999, 38.88980204400008], [-77.10928397799995, 38.889364955000076], [-77.11143198099995, 38.88881825800007], [-77.11300473399996, 38.88849358500005], [-77.11434343299999, 38.88814701700005], [-77.11435915799996, 38.88851717700004], [-77.11439623899997, 38.88902588000008], [-77.11442331899997, 38.889650431000064], [-77.11448818199995, 38.89047094500006], [-77.11452880999997, 38.89099440800004], [-77.11455626399999, 38.89155418400003], [-77.11462105199996, 38.89244790600003], [-77.11463409299995, 38.89265868100006], [-77.11469414399994, 38.893557620000024], [-77.11471655499997, 38.89417665000008], [-77.11446653399997, 38.89427536000005], [-77.11431719399997, 38.89437174100004], [-77.11425944399997, 38.89441810000005], [-77.11428337799998, 38.89462164400004], [-77.11430408699994, 38.89499935900005], [-77.11436440999995, 38.895656649000045], [-77.11439235399996, 38.895972828000026], [-77.11442067599995, 38.896314852000046], [-77.11439676699996, 38.89648293000005], [-77.11432742099998, 38.89666928200006], [-77.11420821999997, 38.896840574000066], [-77.11400135899999, 38.89712564400003], [-77.11380112199998, 38.89705877700004], [-77.11352517199998, 38.89697665400007], [-77.11327397399998, 38.89692113000007], [-77.11321509299995, 38.89692043500003], [-77.11317011199998, 38.89703864200004], [-77.11311740999997, 38.897303590000035], [-77.11311586999994, 38.89760316400003], [-77.11304406799997, 38.898018067000066], [-77.11295589199995, 38.89824384900004], [-77.11291603399997, 38.898487776000024], [-77.11287731099998, 38.89916734700006], [-77.11364801699995, 38.89932432000006], [-77.11411788499998, 38.899379183000065], [-77.11455477499999, 38.899404025000024], [-77.11480634899993, 38.899413253000034], [-77.11479726699997, 38.899517770000045], [-77.11479482899995, 38.899644059000025], [-77.11492093799995, 38.89966476800004], [-77.11471659499995, 38.89987380300005], [-77.11443716199994, 38.900147858000025], [-77.11423652299999, 38.90034869800007], [-77.11387800799997, 38.90017039700007], [-77.11375267299996, 38.900109576000034], [-77.11342486199999, 38.90034458500003], [-77.11289785399998, 38.89997316800003], [-77.11261986399995, 38.90017583800005], [-77.11247379799994, 38.900278462000074], [-77.11218869099997, 38.900483793000035], [-77.11253365699997, 38.90081739300007], [-77.11249403699998, 38.900847241000065], [-77.11246077799996, 38.90086977800007], [-77.11243495299993, 38.900885894000055], [-77.11238123799995, 38.90091590500003], [-77.11233451599998, 38.90093861200006], [-77.11223223899998, 38.90098268300005], [-77.11221354999998, 38.900967249000075], [-77.112117115, 38.900887612000076], [-77.11200046499994, 38.90082711700006], [-77.11191175399995, 38.900796995000064], [-77.11182634799997, 38.90078823400006], [-77.11169625099996, 38.90078185100003], [-77.11150888999998, 38.90078642000003], [-77.11127183999997, 38.900795247000076], [-77.11112321699994, 38.90078476800005], [-77.11097985599997, 38.90075884600003], [-77.11088994199997, 38.90072677100005], [-77.11079898899999, 38.90068078400003], [-77.11016523599994, 38.90025637400004], [-77.11008493599996, 38.900227974000074], [-77.10946746699994, 38.90009485200005], [-77.10930994699999, 38.90009164800006], [-77.10913250299996, 38.900088039000025], [-77.10917167799994, 38.90015559600005], [-77.10926780999995, 38.900321364000035], [-77.10931721299994, 38.900423671000055], [-77.10935441899994, 38.900536541000065], [-77.10936075099994, 38.90065172300007], [-77.10936194499999, 38.90103185600003], [-77.10938024799998, 38.90153372900005], [-77.10934025399996, 38.90167519800008], [-77.10927496799997, 38.90181433600003], [-77.10917918599995, 38.90193853100004], [-77.10904331499995, 38.902087625000036], [-77.10882550199995, 38.902310414000056], [-77.10857409099998, 38.902243344000055], [-77.10818315299997, 38.902198620000036], [-77.10778789199998, 38.90213212300006], [-77.10757162399995, 38.90210133100004], [-77.10730440599997, 38.901961603000075], [-77.10700229299994, 38.90176393100006], [-77.10662063399997, 38.90159445000006], [-77.10527316999998, 38.90125991900004], [-77.10307423799998, 38.90074236000004], [-77.10292073399995, 38.90071186600005], [-77.10299686299999, 38.90039730600006]]]]}}, {"type": "Feature", "properties": {"OBJECTID": 58, "CIVIC": "North Highlands", "COLOR": 3, "LABEL": "North Highlands", "GIS_ID": 35, "Pdf": "North_Highlands", "SHAPE_Length": 0.05335693725787588, "SHAPE_Area": 6.77810638467152e-05}, "geometry": {"type": "MultiPolygon", "coordinates": [[[[-77.07707294399995, 38.90040434200006], [-77.07605445099995, 38.900372778000076], [-77.07600683999993, 38.900646806000054], [-77.07552774399994, 38.90052841000005], [-77.07504017999997, 38.90030558600006], [-77.07506513299995, 38.900110891000054], [-77.07507730899994, 38.900028657000064], [-77.07511511499996, 38.899894559000074], [-77.07512079799994, 38.89932894000003], [-77.07512644699995, 38.89876680900005], [-77.07526635099998, 38.89875938900008], [-77.07576796699993, 38.89871996900007], [-77.07620006499997, 38.89866149900007], [-77.07673822599997, 38.89854060300007], [-77.07718285299995, 38.898436779000065], [-77.07779215399995, 38.898253004000026], [-77.07824952399994, 38.898094711000056], [-77.07867211499996, 38.897926906000066], [-77.07869955399997, 38.897717906000025], [-77.07882872799996, 38.89766485000007], [-77.07939305399998, 38.89739863600005], [-77.08090989099998, 38.896670647000064], [-77.08118835299996, 38.89654925800005], [-77.08159690399998, 38.896465109000076], [-77.08206893099998, 38.89636607400007], [-77.08322237699997, 38.89634780700004], [-77.08457378099996, 38.89632348500004], [-77.08488812799999, 38.89631711200008], [-77.08520315499999, 38.89626560100004], [-77.08573419099997, 38.89611588300005], [-77.08648855299998, 38.89592436300006], [-77.08728669699997, 38.895767643000056], [-77.08967049299997, 38.895164125000065], [-77.08991298007614, 38.89510515592319], [-77.09015635636966, 38.895049971563814], [-77.09040056281809, 38.8949985853178], [-77.09064554014547, 38.89495100965541], [-77.09089122889633, 38.89490725612358], [-77.09113756944289, 38.89486733534413], [-77.09138450199998, 38.89483125700008], [-77.09267278299995, 38.894699385000024], [-77.09291912390788, 38.89468217379324], [-77.09316606477822, 38.89468269790178], [-77.09341233041413, 38.89470095462456], [-77.09365664908545, 38.89473684967742], [-77.09389775913385, 38.8947901977017], [-77.09413441547392, 38.89486072320831], [-77.09436539599994, 38.894948062000026], [-77.0944750238886, 38.89500156003288], [-77.09458309736334, 38.8950581324325], [-77.09468953023678, 38.89511773408048], [-77.09479423761876, 38.89518031743864], [-77.09489713599947, 38.89524583259573], [-77.09499814331497, 38.89531422730016], [-77.09509717899994, 38.89538544700008], [-77.09514758552892, 38.89542269375111], [-77.09519888727178, 38.895458697491435], [-77.09525105358988, 38.89549343671751], [-77.09530405332042, 38.89552689067204], [-77.09535785479844, 38.89555903937524], [-77.09541242589317, 38.89558986362304], [-77.09546773399995, 38.89561934500006], [-77.09556988584909, 38.895666964529376], [-77.09567407789392, 38.89570993705546], [-77.09578009886535, 38.895748175438705], [-77.09588773378344, 38.89578160214659], [-77.0959967643913, 38.8958101493963], [-77.09610696961708, 38.89583375930568], [-77.09621812599994, 38.89585238400008], [-77.09634039202928, 38.8958741915799], [-77.09646307038082, 38.89589354554936], [-77.09658611181293, 38.895910438141065], [-77.09670946694676, 38.89592486257242], [-77.09683308627672, 38.895936813057226], [-77.09695692019221, 38.895946284800196], [-77.09708091899995, 38.89595327400008], [-77.09795710199995, 38.895993531000045], [-77.09809282397043, 38.89600019515707], [-77.09822844974826, 38.89600859234906], [-77.09836395720775, 38.89601872120692], [-77.09849932423093, 38.896030580077415], [-77.0986345287389, 38.89604416702332], [-77.09876954867002, 38.8960594798307], [-77.09890436199998, 38.89607651600005], [-77.09844849799998, 38.896360456000025], [-77.09797089099999, 38.89668870300005], [-77.09736231699998, 38.896989709000025], [-77.09660109199996, 38.897254618000034], [-77.09586342399996, 38.89743418200004], [-77.09515960599998, 38.897562794000066], [-77.09438958599998, 38.89771625900005], [-77.09419812999994, 38.89774546500007], [-77.09360901699995, 38.89784111900008], [-77.09330777199995, 38.89769523600006], [-77.09296425899998, 38.89753108200006], [-77.09286175899996, 38.89763653800003], [-77.09237644399997, 38.897695009000074], [-77.09232486199994, 38.897701942000026], [-77.09181404099996, 38.89776721700008], [-77.09176474799995, 38.897772118000034], [-77.09146742599995, 38.897881142000074], [-77.09093200999996, 38.89794611800005], [-77.09053911999996, 38.89791119800003], [-77.09037162299995, 38.89803001400003], [-77.08927657199996, 38.898140441000066], [-77.08923672399999, 38.89830829500005], [-77.08913934299994, 38.898328270000036], [-77.08850827799995, 38.89834988000007], [-77.08804457399998, 38.89835435700007], [-77.08741478599995, 38.89829145300007], [-77.08690128099994, 38.89820536700006], [-77.08693814299994, 38.89857644500006], [-77.08685192899998, 38.89884998500003], [-77.08688222899997, 38.899097522000034], [-77.08611270399996, 38.899272248000045], [-77.08599325099993, 38.899270810000075], [-77.08562724699993, 38.89947785000004], [-77.08493578499997, 38.89961231700005], [-77.08472768599995, 38.89965100100005], [-77.08416267199993, 38.899968227000045], [-77.08409803299998, 38.900214592000054], [-77.08338780599996, 38.90059047700004], [-77.08340963499995, 38.90073078900008], [-77.08088208499998, 38.90095020100006], [-77.08041739399994, 38.90099126900003], [-77.08026095699995, 38.901082744000064], [-77.07970113099998, 38.90113639000003], [-77.07852052099997, 38.90112760300008], [-77.07780789999998, 38.90108874300006], [-77.07699649499995, 38.900892241000065], [-77.07707294399995, 38.90040434200006]]]]}}, {"type": "Feature", "properties": {"OBJECTID": 59, "CIVIC": "Lyon Village", "COLOR": 4, "LABEL": "Lyon Village", "GIS_ID": 26, "Pdf": "Lyon_Village", "SHAPE_Length": 0.04556017598989073, "SHAPE_Area": 0.00010354746929771053}, "geometry": {"type": "MultiPolygon", "coordinates": [[[[-77.09267278299995, 38.894699385000024], [-77.09138450199998, 38.89483125700008], [-77.09113756944289, 38.89486733534413], [-77.09089122889633, 38.89490725612358], [-77.09064554014547, 38.89495100965541], [-77.09040056281809, 38.8949985853178], [-77.09015635636966, 38.895049971563814], [-77.08991298007614, 38.89510515592319], [-77.08967049299997, 38.895164125000065], [-77.08728669699997, 38.895767643000056], [-77.08648855299998, 38.89592436300006], [-77.08648327299994, 38.89568407500008], [-77.08630825199998, 38.89469028600007], [-77.08627165799999, 38.894482491000076], [-77.08612969499995, 38.893453786000066], [-77.08603321899994, 38.892588413000055], [-77.08591621799997, 38.891723425000066], [-77.08580252299998, 38.89118989800005], [-77.08593954199995, 38.89111946400004], [-77.086173493, 38.891097785000056], [-77.08639243499994, 38.89103176900005], [-77.08692953399998, 38.89095565800005], [-77.08721939299994, 38.89091226900007], [-77.08741681599997, 38.89088443700007], [-77.08769153599997, 38.89078185300008], [-77.08859328299997, 38.890455806000034], [-77.08944003099998, 38.89012274800007], [-77.09043292299998, 38.889745799000025], [-77.09125313999994, 38.889424493000035], [-77.09185043499997, 38.88921463400004], [-77.09263885299998, 38.888944673000026], [-77.09300739099996, 38.88881604200003], [-77.09331348099994, 38.88865563100006], [-77.09349919199997, 38.88856339100005], [-77.09392048899997, 38.88826148100003], [-77.09459835899997, 38.887774068000056], [-77.09518959699994, 38.887351961000036], [-77.09628294499998, 38.88651696900007], [-77.09692953299998, 38.88604465700007], [-77.09756370099996, 38.88604910000004], [-77.09833703599998, 38.88599253700005], [-77.09897, 38.885954312000024], [-77.09938193799996, 38.88595164600008], [-77.09996280499996, 38.885977712000056], [-77.10016121299998, 38.88597403500006], [-77.10021935799995, 38.88628393400006], [-77.10027843499995, 38.88679463500006], [-77.10037908199996, 38.88726911700007], [-77.10063399499995, 38.887784046000036], [-77.10081052499999, 38.888325913000074], [-77.10085421199994, 38.88868374900005], [-77.10088887999996, 38.889012233000074], [-77.10095461399999, 38.88945578900007], [-77.10100462899999, 38.89004961400008], [-77.10102413499999, 38.89044934200007], [-77.10096283499996, 38.89079458700007], [-77.10083931199995, 38.89128361500008], [-77.10071042899995, 38.891787984000075], [-77.10063354999994, 38.89217873800004], [-77.10133972299997, 38.89227749300005], [-77.10121576699999, 38.89244998000004], [-77.10095935699997, 38.892835931000036], [-77.10080605399997, 38.89318881200006], [-77.10063434099999, 38.89373597600007], [-77.10047165799995, 38.894227228000034], [-77.10030731499995, 38.89471850500007], [-77.10023630999996, 38.89493076200006], [-77.09985012399994, 38.89603646900008], [-77.09985379699998, 38.896220965000055], [-77.09915568299994, 38.89611609000008], [-77.09890639799994, 38.896076650000055], [-77.09890436199998, 38.89607651600005], [-77.09876954867002, 38.8960594798307], [-77.0986345287389, 38.89604416702332], [-77.09849932423093, 38.896030580077415], [-77.09836395720775, 38.89601872120692], [-77.09822844974826, 38.89600859234906], [-77.09809282397043, 38.89600019515707], [-77.09795710199995, 38.895993531000045], [-77.09708091899995, 38.89595327400008], [-77.09695692019221, 38.895946284800196], [-77.09683308627672, 38.895936813057226], [-77.09670946694676, 38.89592486257242], [-77.09658611181293, 38.895910438141065], [-77.09646307038082, 38.89589354554936], [-77.09634039202928, 38.8958741915799], [-77.09621812599994, 38.89585238400008], [-77.09610696961708, 38.89583375930568], [-77.0959967643913, 38.8958101493963], [-77.09588773378344, 38.89578160214659], [-77.09578009886535, 38.895748175438705], [-77.09567407789392, 38.89570993705546], [-77.09556988584909, 38.895666964529376], [-77.09546773399995, 38.89561934500006], [-77.09541242589319, 38.89558986362304], [-77.09535785479844, 38.89555903937524], [-77.09530405332042, 38.89552689067204], [-77.09525105358988, 38.89549343671751], [-77.09519888727178, 38.895458697491435], [-77.09514758552893, 38.89542269375111], [-77.09509717899994, 38.89538544700008], [-77.09499814331497, 38.89531422730016], [-77.09489713599947, 38.89524583259573], [-77.09479423761876, 38.89518031743864], [-77.09468953023678, 38.89511773408048], [-77.09458309736334, 38.8950581324325], [-77.0944750238886, 38.89500156003288], [-77.09436539599994, 38.894948062000026], [-77.09413441547392, 38.89486072320831], [-77.09389775913385, 38.8947901977017], [-77.09365664908545, 38.89473684967742], [-77.09341233041413, 38.89470095462456], [-77.09316606477822, 38.89468269790178], [-77.09291912390788, 38.89468217379324], [-77.09267278299995, 38.894699385000024]]]]}}, {"type": "Feature", "properties": {"OBJECTID": 60, "CIVIC": "Gulf Branch", "COLOR": 3, "LABEL": "Gulf Branch", "GIS_ID": 2, "Pdf": "Gulf_Branch", "SHAPE_Length": 0.023596975403044684, "SHAPE_Area": 2.5583742970106772e-05}, "geometry": {"type": "MultiPolygon", "coordinates": [[[[-77.12600205299998, 38.91563219300008], [-77.12601870999998, 38.91565631900005], [-77.12610940999997, 38.915787687000034], [-77.12648560299994, 38.91633255700003], [-77.12644771699996, 38.91634489100005], [-77.12585244399997, 38.91659333900003], [-77.12556403999997, 38.91623572900005], [-77.12548867499999, 38.91613324400004], [-77.12538210399998, 38.916008427000065], [-77.12530200399993, 38.91615302900004], [-77.12500006399995, 38.91668497000006], [-77.12478184299994, 38.917066832000046], [-77.12477816999996, 38.917075054000065], [-77.124370834, 38.917786997000064], [-77.12425804799994, 38.917986136000025], [-77.12405072999996, 38.918348930000036], [-77.12295278399995, 38.91859694000004], [-77.12252567699994, 38.91850680700003], [-77.12221613999998, 38.91851965400008], [-77.12185371199996, 38.91853737200006], [-77.12149282799999, 38.91865945600006], [-77.12102226099995, 38.91881869600007], [-77.12051633699997, 38.918988530000036], [-77.11980113899995, 38.91907349600007], [-77.11973375499997, 38.91907344600003], [-77.11968702299998, 38.91876932500003], [-77.11964073299998, 38.91850983100005], [-77.11947800399997, 38.91821673100003], [-77.11915756099995, 38.91772436600007], [-77.11900425399995, 38.91744595800003], [-77.11896848299995, 38.91718614800004], [-77.11899142199997, 38.91666851700006], [-77.11905021799998, 38.91623094300007], [-77.11903379199998, 38.91591204700006], [-77.11891019499996, 38.91543814000005], [-77.11898249799998, 38.91540340200004], [-77.11939970099996, 38.91527649500006], [-77.12199478199994, 38.91448864400007], [-77.12303067999994, 38.91417401100006], [-77.12305668399995, 38.91373495200003], [-77.12458714999997, 38.91347275600003], [-77.12467913999996, 38.91345768600007], [-77.12472697699997, 38.91362262300004], [-77.124792056, 38.91360147200004], [-77.12521526599994, 38.91352679000005], [-77.12522496599996, 38.913570839000045], [-77.12534317999996, 38.91363812700007], [-77.12542662299995, 38.91368578600003], [-77.12511542799996, 38.91396773100007], [-77.12529353899998, 38.91402748100006], [-77.125235262, 38.91413389500008], [-77.12517917099996, 38.91449296700006], [-77.12512965799993, 38.91450886400003], [-77.12517081399994, 38.91474553100005], [-77.12520877299994, 38.91496562900005], [-77.12521495899995, 38.91500963800007], [-77.12524673199994, 38.91518578300003], [-77.12528128199995, 38.915400377000026], [-77.12531268699996, 38.91559571200003], [-77.12532343299995, 38.915665560000036], [-77.12556131099996, 38.915654618000076], [-77.12591832299995, 38.91564090400004], [-77.12593031866041, 38.915640017489366], [-77.12594230489465, 38.915639011486746], [-77.1259542805128, 38.91563788609346], [-77.12596624431534, 38.915636641417215], [-77.12597819511991, 38.91563527758353], [-77.12599013174318, 38.915633794728436], [-77.12600205299998, 38.91563219300008]]]]}}, {"type": "Feature", "properties": {"OBJECTID": 61, "CIVIC": "Rock Spring", "COLOR": 1, "LABEL": "Rock Spring", "GIS_ID": 32, "Pdf": "Rock_Spring", "SHAPE_Length": 0.07236672966546175, "SHAPE_Area": 0.0001750240192233311}, "geometry": {"type": "MultiPolygon", "coordinates": [[[[-77.13615733199998, 38.91725936300003], [-77.13636833699996, 38.91680281500004], [-77.13650502199994, 38.91642259500003], [-77.13651200199996, 38.91613868300004], [-77.13646011899993, 38.91586337000007], [-77.13613461299997, 38.915337849000025], [-77.13594861399997, 38.91497511000006], [-77.13591773299999, 38.91490044400007], [-77.13560039199996, 38.913783634000026], [-77.13535727199996, 38.91324053200003], [-77.13492110499999, 38.91277641800008], [-77.13450270399994, 38.91233119900005], [-77.13350270999996, 38.911366979000036], [-77.13256699899995, 38.91010368700006], [-77.13172796499998, 38.908837091000066], [-77.13110686899995, 38.907925453000075], [-77.13077093399994, 38.907392352000045], [-77.13007526799998, 38.90625716400007], [-77.12895662899996, 38.904441760000054], [-77.12950209099995, 38.90460198400007], [-77.13079024799998, 38.90533679300006], [-77.13122753499994, 38.90566517800005], [-77.13191469599997, 38.90642147400007], [-77.13279089699995, 38.90773372900003], [-77.13841066399993, 38.907026674000065], [-77.13835855899998, 38.90723320200004], [-77.13845470699994, 38.90727443600008], [-77.13887096499997, 38.907378116000075], [-77.13895597199996, 38.90734340300003], [-77.13887419599996, 38.90720790000006], [-77.13921437899995, 38.907060810000075], [-77.13928638299996, 38.90685371500007], [-77.13936664199997, 38.90681543100004], [-77.13972439199995, 38.906668515000035], [-77.14040022299997, 38.90735463300007], [-77.14092100899995, 38.90713545800003], [-77.14107470499994, 38.90737064700005], [-77.14187516199996, 38.907415601000025], [-77.14256519399999, 38.90698146700004], [-77.14309924599996, 38.906803653000054], [-77.14280016899994, 38.90626472400004], [-77.14186707899995, 38.90580084800007], [-77.14139875999996, 38.905106182000054], [-77.14179189199996, 38.90494596600007], [-77.14186245999997, 38.90490888700003], [-77.14192387099996, 38.90484314300005], [-77.14230645999999, 38.90468277600007], [-77.14250969699998, 38.904528629000026], [-77.14259045799997, 38.90453230800006], [-77.14264345999999, 38.904145732000075], [-77.14270342599997, 38.90403002000005], [-77.14305053499999, 38.903991165000036], [-77.14308227999999, 38.90379928300007], [-77.14345049399998, 38.90365527700004], [-77.14411618099996, 38.90339110600007], [-77.14420838799998, 38.90335625200004], [-77.14417603399994, 38.902838693000035], [-77.14423894099997, 38.90284606400007], [-77.14469886599994, 38.90286782000004], [-77.14464704299996, 38.90263655600006], [-77.14491893099995, 38.90256829600003], [-77.14519371099993, 38.90253302100007], [-77.14527496299996, 38.902882703000046], [-77.14530752299999, 38.90301763300005], [-77.14568810799994, 38.90296435500005], [-77.14563266399995, 38.902738542000066], [-77.14572885199993, 38.90248152500004], [-77.14574982999994, 38.902487259000054], [-77.14575832999998, 38.902357195000036], [-77.14573748799995, 38.902217704000066], [-77.14571797199994, 38.902127162000056], [-77.14579128299994, 38.90205809400004], [-77.14671549299999, 38.90214384800004], [-77.14765817299997, 38.90228645700006], [-77.14793214899998, 38.90243534200005], [-77.14823661299994, 38.90268585000007], [-77.14842904699998, 38.902887700000065], [-77.14867426599994, 38.90328545400007], [-77.14908354399995, 38.90395521900007], [-77.14949170699998, 38.90458570200008], [-77.14990655099996, 38.90526486500005], [-77.15003981399997, 38.90544241600003], [-77.15016033499995, 38.905729414000064], [-77.15023052499998, 38.90595501000007], [-77.15012690799995, 38.906344028000035], [-77.14991549999996, 38.90721669900006], [-77.14989364899998, 38.90741781400004], [-77.14989380499998, 38.90743009000005], [-77.14991219099994, 38.90751941000008], [-77.14993837899993, 38.907577048000064], [-77.14999944299996, 38.90765645000005], [-77.15002724899995, 38.907682253000075], [-77.15012903299998, 38.90776050300008], [-77.15108181599999, 38.90847832500003], [-77.15199027199998, 38.909191951000025], [-77.15194882999998, 38.90922588300003], [-77.15157791999997, 38.909512705000054], [-77.15153156899999, 38.90954787100003], [-77.15132818199999, 38.90971029700006], [-77.15128539599993, 38.90974275800005], [-77.15110350399993, 38.90988346300003], [-77.15107489299999, 38.909907848000046], [-77.15102142899997, 38.909951171000046], [-77.15081449099995, 38.910113555000066], [-77.15055410299993, 38.91031651600008], [-77.15034001499998, 38.91048705600008], [-77.15000474799996, 38.91074682100003], [-77.14979422199997, 38.910914683000044], [-77.14937332399995, 38.911242085000026], [-77.149273382, 38.91132334400004], [-77.14913070499995, 38.911434290000045], [-77.14877408599995, 38.91170753700004], [-77.14870985199997, 38.91175897200003], [-77.14859926399998, 38.91184557300005], [-77.14808921199995, 38.91224062300006], [-77.14802141099995, 38.912294763000034], [-77.14775036199995, 38.91250308700006], [-77.14748277399997, 38.912714196000024], [-77.14716882899995, 38.91296046900004], [-77.14665876099997, 38.913355513000056], [-77.14653385299994, 38.91345567700006], [-77.14621276899999, 38.91370735700008], [-77.14597018499995, 38.91389678300004], [-77.14587032299994, 38.91397526600008], [-77.14576331099994, 38.914056413000026], [-77.14546356599999, 38.914294608000034], [-77.14502834699994, 38.914635615000066], [-77.14501408299998, 38.914646434000076], [-77.14477144099999, 38.91483860300008], [-77.14430763599995, 38.91520396400006], [-77.14383300599997, 38.91558018300003], [-77.14361893799997, 38.91574796500004], [-77.14337985399999, 38.91593742500004], [-77.14295166099998, 38.91627573200003], [-77.14262341999995, 38.91653281200007], [-77.14232737699996, 38.91676005700003], [-77.142124, 38.916919722000046], [-77.14194553499993, 38.91706319800005], [-77.14181358499997, 38.917163275000064], [-77.14081451299995, 38.91794809400005], [-77.14077161399996, 38.91798604200005], [-77.14070380199996, 38.91804017800007], [-77.14059503199996, 38.918122563000054], [-77.14058700499999, 38.91812875900007], [-77.14057898099998, 38.918134844000065], [-77.14057183899996, 38.91814074800004], [-77.14056385299995, 38.918146670000056], [-77.14010439899994, 38.91850830300007], [-77.13982255299999, 38.91872746800004], [-77.13947650999995, 38.91899531700005], [-77.13925925399997, 38.918896526000026], [-77.13883976799997, 38.918631565000055], [-77.13846127599999, 38.918399590000035], [-77.13786715399993, 38.91812612200005], [-77.13714201799996, 38.91774052100004], [-77.13640803199996, 38.917380845000025], [-77.13615733199998, 38.91725936300003]]]]}}, {"type": "Feature", "properties": {"OBJECTID": 62, "CIVIC": "Old Glebe", "COLOR": 2, "LABEL": "Old Glebe", "GIS_ID": 14, "Pdf": "Old_GLebe", "SHAPE_Length": 0.05143779926582235, "SHAPE_Area": 0.00010131086865580219}, "geometry": {"type": "MultiPolygon", "coordinates": [[[[-77.13537005552467, 38.913269088917765], [-77.13560039199996, 38.913783634000026], [-77.13591440563357, 38.91488873408524], [-77.13545474299997, 38.91499561100005], [-77.13591440599998, 38.914888734000044], [-77.13591773299999, 38.91490044400007], [-77.13594861399997, 38.91497511000006], [-77.13613461299997, 38.915337849000025], [-77.13646011899993, 38.91586337000007], [-77.13651200199996, 38.91613868300004], [-77.13650502199994, 38.91642259500003], [-77.13636833699996, 38.91680281500004], [-77.13615733199998, 38.91725936300003], [-77.13594256999994, 38.917589906000046], [-77.13558881499995, 38.91793564200003], [-77.13511845899995, 38.91822425000004], [-77.13378259499996, 38.918818670000064], [-77.13256003099997, 38.91940780400006], [-77.13171999799994, 38.91982750200003], [-77.13111358099997, 38.920149055000024], [-77.13060472599994, 38.92051924800006], [-77.12987473799996, 38.92125856100006], [-77.12814776499994, 38.92300184800007], [-77.12580881899999, 38.925196595000045], [-77.12545872999993, 38.92555008700003], [-77.12546145399995, 38.925552837000055], [-77.12494185899999, 38.92563811800005], [-77.12490419299996, 38.92566826800004], [-77.12485923199995, 38.925688337000054], [-77.12481382699997, 38.92570779700003], [-77.12476801099996, 38.925726620000034], [-77.12472178599995, 38.925744835000046], [-77.12466938899996, 38.92575303600006], [-77.12462133799994, 38.925771119000046], [-77.12457585599998, 38.92578722800005], [-77.12452871899995, 38.92580345400006], [-77.12448272399996, 38.92581881500007], [-77.12443324699996, 38.92583427300008], [-77.12438512699998, 38.92584859300007], [-77.12429053699998, 38.925875577000056], [-77.12408864899999, 38.925919374000046], [-77.12399604299998, 38.92593822600003], [-77.12384501399998, 38.92596416500004], [-77.12379446799997, 38.92597120700003], [-77.12358961599995, 38.92598808500003], [-77.12353849299996, 38.92599218200007], [-77.12328204799996, 38.92601018500005], [-77.12323059799996, 38.92601120200004], [-77.12317907299996, 38.92601062600005], [-77.12312752799994, 38.926009226000076], [-77.12307606899998, 38.92600705700005], [-77.12302462199995, 38.926004230000046], [-77.12297329699999, 38.92600052600005], [-77.12292205399996, 38.92599624600007], [-77.12283265799994, 38.92598701500003], [-77.12274031999993, 38.92597176400005], [-77.12221627099996, 38.92586583000008], [-77.12241152399997, 38.92556721100004], [-77.12257000999995, 38.92540191900008], [-77.12249647399995, 38.925216799000054], [-77.12243006199998, 38.92492249900005], [-77.12236243099994, 38.924792342000046], [-77.12200318699996, 38.92410126800007], [-77.12198359699994, 38.92404875500006], [-77.12142425999997, 38.922888208000074], [-77.12110535999994, 38.922365084000035], [-77.12075658899994, 38.92164249500007], [-77.12064217799997, 38.921176004000074], [-77.12060025199997, 38.92077160000008], [-77.12054561999997, 38.92050511700006], [-77.12037988199995, 38.92019259600005], [-77.12002642799996, 38.919781897000064], [-77.11992319899997, 38.91964799700003], [-77.11990751599996, 38.919655584000054], [-77.11985862899996, 38.91944147900006], [-77.11973759799997, 38.91909842500007], [-77.11973375499997, 38.91907344600003], [-77.11980113899995, 38.91907349600007], [-77.12051633699997, 38.918988530000036], [-77.12102226099995, 38.91881869600007], [-77.12149282799999, 38.91865945600006], [-77.12185371199996, 38.91853737200006], [-77.12221613999998, 38.91851965400008], [-77.12252567699994, 38.91850680700003], [-77.12295278399995, 38.91859694000004], [-77.12405072999996, 38.918348930000036], [-77.12425804799994, 38.917986136000025], [-77.124370834, 38.917786997000064], [-77.12477816999996, 38.917075054000065], [-77.12478184299994, 38.917066832000046], [-77.12500006399995, 38.91668497000006], [-77.12530200399993, 38.91615302900004], [-77.12538210399998, 38.916008427000065], [-77.12548867499999, 38.91613324400004], [-77.12556403999997, 38.91623572900005], [-77.12585244399997, 38.91659333900003], [-77.12644771699996, 38.91634489100005], [-77.12648560299994, 38.91633255700003], [-77.12620942399997, 38.91593254700007], [-77.12677907999995, 38.91588054600004], [-77.12692381499994, 38.91586741000003], [-77.12708766599997, 38.915852372000074], [-77.12734875599995, 38.91582866600004], [-77.12752296499997, 38.91581262700004], [-77.12769533499994, 38.91580202700004], [-77.12903690199994, 38.91567764100006], [-77.12968103799994, 38.91563023400005], [-77.12998377899999, 38.91560630400005], [-77.13038507199997, 38.915575284000056], [-77.13089844299998, 38.91501284100008], [-77.13101377699996, 38.914863154000045], [-77.13112223899998, 38.91470514900004], [-77.13116064499997, 38.914644991000046], [-77.13119854999997, 38.91457422900004], [-77.13128618899998, 38.91440225000008], [-77.13138185099996, 38.914178191000076], [-77.13138914199999, 38.91416454600005], [-77.13149198899998, 38.91393230500006], [-77.13155827999998, 38.91377380800003], [-77.13158429299995, 38.91369996800006], [-77.13165063599996, 38.91353872600007], [-77.13215650099994, 38.913552854000045], [-77.13224533999994, 38.913317730000074], [-77.13267614499995, 38.913212904000034], [-77.13257840899996, 38.91299483100005], [-77.13287096199997, 38.91295155300003], [-77.13319520999994, 38.91290315100008], [-77.13353707899995, 38.91285220700007], [-77.13393539999998, 38.91279368000005], [-77.13394463699996, 38.91281064800006], [-77.13425834499998, 38.91273608800003], [-77.13429351399998, 38.91281431900006], [-77.13470517499997, 38.91279164300005], [-77.13477204599997, 38.91278692800006], [-77.13492110499999, 38.91277641800008], [-77.13535727199996, 38.91324053200003], [-77.13537005599994, 38.91326908900004], [-77.13471368799998, 38.91315546100003], [-77.13537005552467, 38.913269088917765]]]]}}, {"type": "Feature", "properties": {"OBJECTID": 66, "CIVIC": "Country Club Hills", "COLOR": 2, "LABEL": "Country Club Hills", "GIS_ID": 67, "Pdf": "Country_Club_Hills", "SHAPE_Length": 0.06788859367780957, "SHAPE_Area": 0.00012417695362719437}, "geometry": {"type": "MultiPolygon", "coordinates": [[[[-77.11898249799998, 38.91540340200004], [-77.11939970099996, 38.91527649500006], [-77.12199478199994, 38.91448864400007], [-77.12303067999994, 38.91417401100006], [-77.12305668399995, 38.91373495200003], [-77.12458714999997, 38.91347275600003], [-77.12467913999996, 38.91345768600007], [-77.12472697699997, 38.91362262300004], [-77.124792056, 38.91360147200004], [-77.12521526599994, 38.91352679000005], [-77.12522496599996, 38.913570839000045], [-77.12534317999996, 38.91363812700007], [-77.12542662299995, 38.91368578600003], [-77.12511542799996, 38.91396773100007], [-77.12529353899998, 38.91402748100006], [-77.125235262, 38.91413389500008], [-77.12517917099996, 38.91449296700006], [-77.12512965799993, 38.91450886400003], [-77.12517081399994, 38.91474553100005], [-77.12520877299994, 38.91496562900005], [-77.12521495899995, 38.91500963800007], [-77.12524673199994, 38.91518578300003], [-77.12528128199995, 38.915400377000026], [-77.12531268699996, 38.91559571200003], [-77.12532343299995, 38.915665560000036], [-77.12556131099996, 38.915654618000076], [-77.12591832299995, 38.91564090400004], [-77.12593031866041, 38.915640017489366], [-77.12594230489465, 38.915639011486746], [-77.1259542805128, 38.91563788609346], [-77.12596624431534, 38.915636641417215], [-77.12597819511991, 38.91563527758353], [-77.12599013174318, 38.915633794728436], [-77.12600205299998, 38.91563219300008], [-77.12601870999998, 38.91565631900005], [-77.12610940999997, 38.915787687000034], [-77.12620942519091, 38.915932546891355], [-77.12677907999995, 38.91588054600004], [-77.12692381499994, 38.91586741000003], [-77.12708766599997, 38.915852372000074], [-77.12734875599995, 38.91582866600004], [-77.12752296499997, 38.91581262700004], [-77.12769533499994, 38.91580202700004], [-77.12903690199994, 38.91567764100006], [-77.12968103799994, 38.91563023400005], [-77.12998377899999, 38.91560630400005], [-77.13038507199997, 38.915575284000056], [-77.13089844299998, 38.91501284100008], [-77.13101377699996, 38.914863154000045], [-77.13112223899998, 38.91470514900004], [-77.13116064499997, 38.914644991000046], [-77.13119854999997, 38.91457422900004], [-77.13128618899998, 38.91440225000008], [-77.13138185099996, 38.914178191000076], [-77.13138914199999, 38.91416454600005], [-77.13149198899998, 38.91393230500006], [-77.13155827999998, 38.91377380800003], [-77.13158429299995, 38.91369996800006], [-77.13165063599996, 38.91353872600007], [-77.13215650099994, 38.913552854000045], [-77.13224533999994, 38.913317730000074], [-77.13267614499995, 38.913212904000034], [-77.13257840899996, 38.91299483100005], [-77.13287096199997, 38.91295155300003], [-77.13319520999994, 38.91290315100008], [-77.13353707899995, 38.91285220700007], [-77.13393539999998, 38.91279368000005], [-77.13394463699996, 38.91281064800006], [-77.13425834499998, 38.91273608800003], [-77.13429351399998, 38.91281431900006], [-77.13470517499997, 38.91279164300005], [-77.13477204599997, 38.91278692800006], [-77.13492110499999, 38.91277641800008], [-77.13450270399994, 38.91233119900005], [-77.13350270999996, 38.911366979000036], [-77.13256699899995, 38.91010368700006], [-77.13172796499998, 38.908837091000066], [-77.13110686899995, 38.907925453000075], [-77.13077093399994, 38.907392352000045], [-77.13007526799998, 38.90625716400007], [-77.12895662899996, 38.904441760000054], [-77.12828650599994, 38.904010060000076], [-77.12778437399999, 38.90361884600003], [-77.12711549299996, 38.903051391000076], [-77.12663938899993, 38.90264498800008], [-77.12660561799999, 38.902676145000044], [-77.12611889199997, 38.903050257000075], [-77.12591286699995, 38.902797959000054], [-77.12570221399994, 38.90278725700006], [-77.12564060199998, 38.90270140900003], [-77.12550371599997, 38.902694315000076], [-77.12494525399995, 38.90304476400007], [-77.12475007199998, 38.90277883300007], [-77.12432813799995, 38.90297163500003], [-77.12404027099996, 38.90258931100004], [-77.12301909099995, 38.902695453000035], [-77.12277071899996, 38.90336806500005], [-77.12269510399994, 38.903316130000064], [-77.12255397499996, 38.90361955900005], [-77.12246480899995, 38.90378099600008], [-77.12236612999999, 38.90393998800005], [-77.12211903499997, 38.90418148700007], [-77.12199568799997, 38.90438050000006], [-77.12154183999996, 38.90513582700004], [-77.12183028799996, 38.90530671800008], [-77.12185121199997, 38.905315202000054], [-77.12206564799999, 38.905312225000046], [-77.12283186699995, 38.90494225700007], [-77.12321600999996, 38.90488634700006], [-77.12361069299999, 38.90483055900006], [-77.12397721399998, 38.90477718600005], [-77.12412121199998, 38.90475816800006], [-77.12430812499997, 38.904748082000026], [-77.12437439499996, 38.904748666000046], [-77.12444059699999, 38.90475097800004], [-77.12449567499993, 38.90475426000006], [-77.12463808699994, 38.90476844900007], [-77.12480637099998, 38.904789641000036], [-77.12499568499999, 38.904813825000076], [-77.12551454199996, 38.90488028200008], [-77.12553058399999, 38.904960104000054], [-77.12559235599997, 38.90502124000005], [-77.12544753699996, 38.90518941500005], [-77.12551829499995, 38.90523459100007], [-77.12601130599995, 38.90554788600008], [-77.12640020699996, 38.905794084000036], [-77.12655296799994, 38.905891981000025], [-77.12683765399998, 38.906076546000065], [-77.12574175599997, 38.906961711000065], [-77.12436749399996, 38.90806600700006], [-77.12365948499996, 38.90759912800007], [-77.12270512099997, 38.90696734100004], [-77.12213599199998, 38.906589954000026], [-77.12207982399997, 38.90655271000003], [-77.12206631499998, 38.90656368500004], [-77.12201797199998, 38.906602959000054], [-77.12185868199998, 38.90673537200007], [-77.12057603299996, 38.907972563000044], [-77.12047357399996, 38.90804248200004], [-77.12025001399996, 38.90809911600007], [-77.12026386999997, 38.90817718400007], [-77.12034186399995, 38.90850762300005], [-77.12002861099995, 38.90889662600006], [-77.11971368099995, 38.90900551400006], [-77.11952591699998, 38.909082943000044], [-77.11938632399995, 38.90921585800004], [-77.12006761399994, 38.91015751100008], [-77.12054682899998, 38.910824931000036], [-77.11902266299995, 38.91167477100004], [-77.11823746099998, 38.91211314200007], [-77.11799459699995, 38.91231349100008], [-77.11736933199995, 38.912841610000044], [-77.11686197799997, 38.913269539000055], [-77.11657612599998, 38.913513316000035], [-77.11653855399999, 38.91356790400005], [-77.11726725599993, 38.913946673000055], [-77.11789039899998, 38.91433534600003], [-77.11840891499997, 38.914705567000055], [-77.11863050299996, 38.91499156200007], [-77.11891019499996, 38.91543814000005], [-77.11898249799998, 38.91540340200004]]]]}}, {"type": "Feature", "properties": {"OBJECTID": 67, "CIVIC": "Potomac Yard (National Landing)", "COLOR": 1, "LABEL": "Potomac Yard (National Landing)", "GIS_ID": 68, "Pdf": "Potomac_Yard_National_Landing", "SHAPE_Length": 0.04108830185578251, "SHAPE_Area": 5.0017772039621055e-05}, "geometry": {"type": "MultiPolygon", "coordinates": [[[[-77.04802082671475, 38.841243816557345], [-77.0523522, 38.8408371], [-77.0527806, 38.8407968], [-77.0546277, 38.8408231], [-77.0553251, 38.8410408], [-77.0555202, 38.8411174], [-77.0585, 38.84238450583462], [-77.0585, 38.84431376284382], [-77.05835751099994, 38.84431144600006], [-77.05790751099994, 38.844280242000025], [-77.05755496699999, 38.84417847900005], [-77.05706997599998, 38.84399267500004], [-77.05644548399994, 38.84359527000004], [-77.05566739099999, 38.843210992000024], [-77.05507912999997, 38.84292625900008], [-77.05475546999998, 38.84281006800006], [-77.05412490399993, 38.84451809600006], [-77.05389711099997, 38.845168450000074], [-77.05363988099998, 38.84593410200006], [-77.05342846399998, 38.845939670000064], [-77.05301607399997, 38.84595053000004], [-77.05261069799997, 38.84596120400005], [-77.05254409899999, 38.84596295700004], [-77.05253239699994, 38.846009639000044], [-77.05248558599999, 38.84619639400006], [-77.05245533899995, 38.84630432200004], [-77.05242514899999, 38.846409325000025], [-77.05235787399994, 38.84658997300005], [-77.05224348299998, 38.84687980500007], [-77.05213006299994, 38.84712135400008], [-77.05200363399996, 38.847358350000036], [-77.05184424499998, 38.84765201700003], [-77.05158761099995, 38.848127426000076], [-77.05138035999994, 38.84856685700004], [-77.05118738599998, 38.84894792100005], [-77.05073155999997, 38.849833586000045], [-77.05063864399995, 38.84998610900004], [-77.05058460399994, 38.85007481300005], [-77.05055213399999, 38.85006501200007], [-77.04943403999994, 38.84972749900004], [-77.04940058799997, 38.84971740100008], [-77.04937098299996, 38.849754921000056], [-77.04930403599997, 38.84983976900003], [-77.04871212999996, 38.85010382200005], [-77.04851978199997, 38.85006780400005], [-77.04804976839254, 38.8516], [-77.04738908014444, 38.8516], [-77.0482193, 38.8486413], [-77.0484086, 38.8479814], [-77.0485332, 38.8475543], [-77.048628, 38.8472306], [-77.0486834, 38.8470341], [-77.0487491, 38.8468018], [-77.0487917, 38.8466439], [-77.0488366, 38.8464857], [-77.0488764, 38.846315], [-77.0489144, 38.8461564], [-77.0489489, 38.845994], [-77.0489827, 38.8458245], [-77.0490112, 38.8456652], [-77.0490335, 38.8455017], [-77.0490508, 38.8453404], [-77.0490644, 38.8451821], [-77.0490745, 38.8449974], [-77.0490772, 38.8448389], [-77.0490786, 38.8446735], [-77.0490748, 38.8445055], [-77.049067, 38.8443524], [-77.0490529, 38.8441842], [-77.0490385, 38.8440252], [-77.0490138, 38.843858], [-77.0489876, 38.8436923], [-77.048954, 38.8435198], [-77.048924, 38.8433684], [-77.0488824, 38.8431978], [-77.0488399, 38.8430408], [-77.0487859, 38.8428695], [-77.0487403, 38.8427222], [-77.048686, 38.8425732], [-77.0486217, 38.8424004], [-77.0485571, 38.8422528], [-77.048487, 38.8420935], [-77.0484132, 38.8419372], [-77.0483346, 38.8417789], [-77.0482493, 38.8416243], [-77.0481704, 38.8414857], [-77.0480955, 38.8413603], [-77.04802082671475, 38.841243816557345]]]]}}, {"type": "Feature", "properties": {"OBJECTID": 68, "CIVIC": "Joint Base Myer-Henderson Hall", "COLOR": 5, "LABEL": "Joint Base Myer-Henderson Hall", "GIS_ID": 69, "Pdf": "Joint_Base_Myer-Henderson_Hall", "SHAPE_Length": 0.0696828154630518, "SHAPE_Area": 0.00011106148480809334}, "geometry": {"type": "MultiPolygon", "coordinates": [[[[-77.0755243, 38.8676767], [-77.0759427, 38.8679147], [-77.0767109, 38.8684336], [-77.0772473, 38.8687928], [-77.077655, 38.869127], [-77.078288, 38.8696699], [-77.0787698, 38.8701743], [-77.0789747, 38.870405], [-77.0791249, 38.8705888], [-77.0793073, 38.8709145], [-77.0795218, 38.8713071], [-77.0796613, 38.8716663], [-77.0797515, 38.8720412], [-77.079606, 38.8721834], [-77.0796859, 38.8722512], [-77.0797147, 38.8722756], [-77.0797495, 38.8723045], [-77.0797708, 38.8723223], [-77.0797827, 38.8723324], [-77.0798429, 38.8723285], [-77.0799143, 38.8723337], [-77.0799643, 38.8723484], [-77.0800063, 38.8723854], [-77.0799101, 38.8724799], [-77.080304, 38.8728201], [-77.0809102, 38.8727825], [-77.0812857, 38.8730874], [-77.081629, 38.8733338], [-77.081747, 38.873505], [-77.0820072, 38.8739122], [-77.0822352, 38.8742484], [-77.0823344, 38.874405], [-77.0823693, 38.8745178], [-77.0823827, 38.874689], [-77.0823982, 38.8748939], [-77.082482, 38.8751129], [-77.0825919, 38.8754303], [-77.0827663, 38.8759482], [-77.0828897, 38.8765057], [-77.0832276, 38.8781093], [-77.0833617, 38.8788109], [-77.0834958, 38.8794749], [-77.0836246, 38.8801306], [-77.0838284, 38.8810785], [-77.0839357, 38.8815754], [-77.0841557, 38.8826612], [-77.0842308, 38.8831122], [-77.0844346, 38.8843231], [-77.0843724, 38.8845125], [-77.0843114, 38.8846987], [-77.0841718, 38.8849787], [-77.0840591, 38.8851541], [-77.0839572, 38.8854673], [-77.0836675, 38.8858139], [-77.0830774, 38.8861521], [-77.0818811, 38.8866657], [-77.0815378, 38.8867492], [-77.0780885, 38.8873797], [-77.0768332, 38.8874549], [-77.0757226, 38.8875467], [-77.0757100177615, 38.887547740656835], [-77.07488835799995, 38.88760590900006], [-77.07312895299998, 38.88773560900006], [-77.07227735399994, 38.887796191000064], [-77.07202803420608, 38.887814011084146], [-77.0717774, 38.8871578], [-77.0736856, 38.886432], [-77.0743792, 38.8856176], [-77.0747073, 38.8852289], [-77.0747787, 38.8851444], [-77.0749153, 38.8849825], [-77.0750394, 38.8848355], [-77.0752826, 38.8845474], [-77.0755344, 38.8842492], [-77.0755962, 38.8841759], [-77.075875, 38.8843151], [-77.0765121, 38.8846332], [-77.0766036, 38.884518], [-77.0766758, 38.8844278], [-77.0766795, 38.8844295], [-77.0774024, 38.8835428], [-77.0775173, 38.8834545], [-77.0781591, 38.8826691], [-77.078271, 38.8825823], [-77.0787449, 38.8820018], [-77.0788114, 38.8819146], [-77.0788888, 38.881798], [-77.0789346, 38.8817209], [-77.0789638, 38.8816639], [-77.0789851, 38.8816163], [-77.0790055, 38.8815652], [-77.0790336, 38.8814831], [-77.0790553, 38.8814072], [-77.0791163, 38.881316], [-77.0791091, 38.8811699], [-77.0787158, 38.881063], [-77.0783301, 38.8809262], [-77.0787533, 38.8804192], [-77.0787808, 38.8803899], [-77.0787966, 38.880373], [-77.0788256, 38.8803421], [-77.0789396, 38.8802206], [-77.078477, 38.8768127], [-77.0784717, 38.8767713], [-77.0783871, 38.8761115], [-77.076787, 38.8733286], [-77.076215, 38.8723282], [-77.0754761, 38.8710361], [-77.0751887, 38.8705333], [-77.0748533, 38.8699467], [-77.0737883, 38.8709981], [-77.0736956, 38.8709394], [-77.0708798, 38.869179], [-77.0709393, 38.8691077], [-77.0709702, 38.8690707], [-77.0709786, 38.8690606], [-77.0712576, 38.8689186], [-77.071558, 38.8688309], [-77.0720865, 38.8687688], [-77.0721266, 38.8687641], [-77.072883, 38.8686576], [-77.0729054, 38.868623], [-77.0729289, 38.8685868], [-77.0729709, 38.8685168], [-77.07296342419237, 38.86850960898504], [-77.07312629981811, 38.86847048001559], [-77.0731424, 38.8684691], [-77.07314155456461, 38.86846681524066], [-77.07315370599997, 38.86846389600004], [-77.07280595699996, 38.86755409600005], [-77.07341623953705, 38.867395820059514], [-77.07347334128981, 38.867400692165965], [-77.07354380899994, 38.86758618400006], [-77.07483655344068, 38.86725618884773], [-77.0755243, 38.8676767]]]]}}]}